ISO-10303-21;
HEADER;
/* Generated by software containing ST-Developer
 * from STEP Tools, Inc. (www.steptools.com) 
 */
/* OPTION: using custom schema-name function */

FILE_DESCRIPTION(
/* description */ (''),
/* implementation_level */ '2;1');

FILE_NAME(
/* name */ '929',
/* time_stamp */ '2026-09-29T02:42:34+08:00',
/* author */ (''),
/* organization */ (''),
/* preprocessor_version */ 'ST-DEVELOPER v16.5',
/* originating_system */ '',
/* authorisation */ '');

FILE_SCHEMA (('CONFIG_CONTROL_DESIGN'));
ENDSEC;

DATA;
#10=SHAPE_REPRESENTATION_RELATIONSHIP('','',#1173,#1086);
#11=SHAPE_REPRESENTATION_RELATIONSHIP('','',#1173,#28);
#12=MANIFOLD_SOLID_BREP('brep_1',#29);
#13=MANIFOLD_SOLID_BREP('brep_2',#30);
#14=MANIFOLD_SOLID_BREP('brep_3',#31);
#15=MANIFOLD_SOLID_BREP('brep_4',#32);
#16=MANIFOLD_SOLID_BREP('brep_5',#33);
#17=MANIFOLD_SOLID_BREP('brep_6',#34);
#18=MANIFOLD_SOLID_BREP('brep_7',#35);
#19=MANIFOLD_SOLID_BREP('brep_8',#36);
#20=MANIFOLD_SOLID_BREP('brep_9',#37);
#21=MANIFOLD_SOLID_BREP('brep_10',#38);
#22=MANIFOLD_SOLID_BREP('brep_11',#39);
#23=MANIFOLD_SOLID_BREP('brep_12',#40);
#24=MANIFOLD_SOLID_BREP('brep_13',#41);
#25=MANIFOLD_SOLID_BREP('brep_14',#42);
#26=MANIFOLD_SOLID_BREP('brep_15',#43);
#27=MANIFOLD_SOLID_BREP('brep_16',#44);
#28=ADVANCED_BREP_SHAPE_REPRESENTATION('brep_rep_0',(#12,#13,#14,#15,#16,
#17,#18,#19,#20,#21,#22,#23,#24,#25,#26,#27,#1240),#1172);
#29=CLOSED_SHELL('',(#45,#46,#47,#48,#49,#50));
#30=CLOSED_SHELL('',(#51,#52,#53,#54,#55,#56));
#31=CLOSED_SHELL('',(#57,#58,#59,#60,#61,#62));
#32=CLOSED_SHELL('',(#63,#64,#65,#66,#67,#68));
#33=CLOSED_SHELL('',(#69,#70,#71,#72,#73,#74));
#34=CLOSED_SHELL('',(#75,#76,#77,#78,#79,#80));
#35=CLOSED_SHELL('',(#81,#82,#83,#84,#85,#86));
#36=CLOSED_SHELL('',(#87,#88,#89,#90,#91,#92));
#37=CLOSED_SHELL('',(#93,#94,#95,#96,#97,#98));
#38=CLOSED_SHELL('',(#99,#100,#101,#102,#103,#104));
#39=CLOSED_SHELL('',(#105,#106,#107,#108,#109,#110));
#40=CLOSED_SHELL('',(#111,#112,#113,#114,#115,#116));
#41=CLOSED_SHELL('',(#117,#118,#119,#120,#121,#122));
#42=CLOSED_SHELL('',(#123,#124,#125,#126,#127,#128));
#43=CLOSED_SHELL('',(#129,#130,#131,#132,#133,#134));
#44=CLOSED_SHELL('',(#135,#136,#137,#138,#139,#140));
#45=ADVANCED_FACE('',(#141),#1021,.T.);
#46=ADVANCED_FACE('',(#142),#989,.T.);
#47=ADVANCED_FACE('',(#143),#1022,.T.);
#48=ADVANCED_FACE('',(#144),#1023,.T.);
#49=ADVANCED_FACE('',(#145),#1024,.T.);
#50=ADVANCED_FACE('',(#146),#990,.T.);
#51=ADVANCED_FACE('',(#147),#1025,.T.);
#52=ADVANCED_FACE('',(#148),#991,.T.);
#53=ADVANCED_FACE('',(#149),#1026,.T.);
#54=ADVANCED_FACE('',(#150),#1027,.T.);
#55=ADVANCED_FACE('',(#151),#1028,.T.);
#56=ADVANCED_FACE('',(#152),#992,.T.);
#57=ADVANCED_FACE('',(#153),#1029,.T.);
#58=ADVANCED_FACE('',(#154),#993,.T.);
#59=ADVANCED_FACE('',(#155),#1030,.T.);
#60=ADVANCED_FACE('',(#156),#1031,.T.);
#61=ADVANCED_FACE('',(#157),#1032,.T.);
#62=ADVANCED_FACE('',(#158),#994,.T.);
#63=ADVANCED_FACE('',(#159),#1033,.T.);
#64=ADVANCED_FACE('',(#160),#995,.T.);
#65=ADVANCED_FACE('',(#161),#1034,.T.);
#66=ADVANCED_FACE('',(#162),#1035,.T.);
#67=ADVANCED_FACE('',(#163),#1036,.T.);
#68=ADVANCED_FACE('',(#164),#996,.T.);
#69=ADVANCED_FACE('',(#165),#1037,.T.);
#70=ADVANCED_FACE('',(#166),#997,.T.);
#71=ADVANCED_FACE('',(#167),#1038,.T.);
#72=ADVANCED_FACE('',(#168),#1039,.T.);
#73=ADVANCED_FACE('',(#169),#1040,.T.);
#74=ADVANCED_FACE('',(#170),#998,.T.);
#75=ADVANCED_FACE('',(#171),#1041,.T.);
#76=ADVANCED_FACE('',(#172),#999,.T.);
#77=ADVANCED_FACE('',(#173),#1042,.T.);
#78=ADVANCED_FACE('',(#174),#1043,.T.);
#79=ADVANCED_FACE('',(#175),#1044,.T.);
#80=ADVANCED_FACE('',(#176),#1000,.T.);
#81=ADVANCED_FACE('',(#177),#1045,.T.);
#82=ADVANCED_FACE('',(#178),#1001,.T.);
#83=ADVANCED_FACE('',(#179),#1046,.T.);
#84=ADVANCED_FACE('',(#180),#1047,.T.);
#85=ADVANCED_FACE('',(#181),#1048,.T.);
#86=ADVANCED_FACE('',(#182),#1002,.T.);
#87=ADVANCED_FACE('',(#183),#1049,.T.);
#88=ADVANCED_FACE('',(#184),#1003,.T.);
#89=ADVANCED_FACE('',(#185),#1050,.T.);
#90=ADVANCED_FACE('',(#186),#1051,.T.);
#91=ADVANCED_FACE('',(#187),#1052,.T.);
#92=ADVANCED_FACE('',(#188),#1004,.T.);
#93=ADVANCED_FACE('',(#189),#1053,.T.);
#94=ADVANCED_FACE('',(#190),#1005,.T.);
#95=ADVANCED_FACE('',(#191),#1054,.T.);
#96=ADVANCED_FACE('',(#192),#1055,.T.);
#97=ADVANCED_FACE('',(#193),#1056,.T.);
#98=ADVANCED_FACE('',(#194),#1006,.T.);
#99=ADVANCED_FACE('',(#195),#1057,.T.);
#100=ADVANCED_FACE('',(#196),#1007,.T.);
#101=ADVANCED_FACE('',(#197),#1058,.T.);
#102=ADVANCED_FACE('',(#198),#1059,.T.);
#103=ADVANCED_FACE('',(#199),#1060,.T.);
#104=ADVANCED_FACE('',(#200),#1008,.T.);
#105=ADVANCED_FACE('',(#201),#1061,.T.);
#106=ADVANCED_FACE('',(#202),#1009,.T.);
#107=ADVANCED_FACE('',(#203),#1062,.T.);
#108=ADVANCED_FACE('',(#204),#1063,.T.);
#109=ADVANCED_FACE('',(#205),#1064,.T.);
#110=ADVANCED_FACE('',(#206),#1010,.T.);
#111=ADVANCED_FACE('',(#207),#1065,.T.);
#112=ADVANCED_FACE('',(#208),#1011,.T.);
#113=ADVANCED_FACE('',(#209),#1066,.T.);
#114=ADVANCED_FACE('',(#210),#1067,.T.);
#115=ADVANCED_FACE('',(#211),#1068,.T.);
#116=ADVANCED_FACE('',(#212),#1012,.T.);
#117=ADVANCED_FACE('',(#213),#1069,.T.);
#118=ADVANCED_FACE('',(#214),#1013,.T.);
#119=ADVANCED_FACE('',(#215),#1070,.T.);
#120=ADVANCED_FACE('',(#216),#1071,.T.);
#121=ADVANCED_FACE('',(#217),#1072,.T.);
#122=ADVANCED_FACE('',(#218),#1014,.T.);
#123=ADVANCED_FACE('',(#219),#1073,.T.);
#124=ADVANCED_FACE('',(#220),#1015,.T.);
#125=ADVANCED_FACE('',(#221),#1074,.T.);
#126=ADVANCED_FACE('',(#222),#1075,.T.);
#127=ADVANCED_FACE('',(#223),#1076,.T.);
#128=ADVANCED_FACE('',(#224),#1016,.T.);
#129=ADVANCED_FACE('',(#225),#1077,.T.);
#130=ADVANCED_FACE('',(#226),#1017,.T.);
#131=ADVANCED_FACE('',(#227),#1078,.T.);
#132=ADVANCED_FACE('',(#228),#1079,.T.);
#133=ADVANCED_FACE('',(#229),#1080,.T.);
#134=ADVANCED_FACE('',(#230),#1018,.T.);
#135=ADVANCED_FACE('',(#231),#1081,.T.);
#136=ADVANCED_FACE('',(#232),#1019,.T.);
#137=ADVANCED_FACE('',(#233),#1082,.T.);
#138=ADVANCED_FACE('',(#234),#1083,.T.);
#139=ADVANCED_FACE('',(#235),#1084,.T.);
#140=ADVANCED_FACE('',(#236),#1020,.T.);
#141=FACE_OUTER_BOUND('',#237,.T.);
#142=FACE_OUTER_BOUND('',#238,.T.);
#143=FACE_OUTER_BOUND('',#239,.T.);
#144=FACE_OUTER_BOUND('',#240,.T.);
#145=FACE_OUTER_BOUND('',#241,.T.);
#146=FACE_OUTER_BOUND('',#242,.T.);
#147=FACE_OUTER_BOUND('',#243,.T.);
#148=FACE_OUTER_BOUND('',#244,.T.);
#149=FACE_OUTER_BOUND('',#245,.T.);
#150=FACE_OUTER_BOUND('',#246,.T.);
#151=FACE_OUTER_BOUND('',#247,.T.);
#152=FACE_OUTER_BOUND('',#248,.T.);
#153=FACE_OUTER_BOUND('',#249,.T.);
#154=FACE_OUTER_BOUND('',#250,.T.);
#155=FACE_OUTER_BOUND('',#251,.T.);
#156=FACE_OUTER_BOUND('',#252,.T.);
#157=FACE_OUTER_BOUND('',#253,.T.);
#158=FACE_OUTER_BOUND('',#254,.T.);
#159=FACE_OUTER_BOUND('',#255,.T.);
#160=FACE_OUTER_BOUND('',#256,.T.);
#161=FACE_OUTER_BOUND('',#257,.T.);
#162=FACE_OUTER_BOUND('',#258,.T.);
#163=FACE_OUTER_BOUND('',#259,.T.);
#164=FACE_OUTER_BOUND('',#260,.T.);
#165=FACE_OUTER_BOUND('',#261,.T.);
#166=FACE_OUTER_BOUND('',#262,.T.);
#167=FACE_OUTER_BOUND('',#263,.T.);
#168=FACE_OUTER_BOUND('',#264,.T.);
#169=FACE_OUTER_BOUND('',#265,.T.);
#170=FACE_OUTER_BOUND('',#266,.T.);
#171=FACE_OUTER_BOUND('',#267,.T.);
#172=FACE_OUTER_BOUND('',#268,.T.);
#173=FACE_OUTER_BOUND('',#269,.T.);
#174=FACE_OUTER_BOUND('',#270,.T.);
#175=FACE_OUTER_BOUND('',#271,.T.);
#176=FACE_OUTER_BOUND('',#272,.T.);
#177=FACE_OUTER_BOUND('',#273,.T.);
#178=FACE_OUTER_BOUND('',#274,.T.);
#179=FACE_OUTER_BOUND('',#275,.T.);
#180=FACE_OUTER_BOUND('',#276,.T.);
#181=FACE_OUTER_BOUND('',#277,.T.);
#182=FACE_OUTER_BOUND('',#278,.T.);
#183=FACE_OUTER_BOUND('',#279,.T.);
#184=FACE_OUTER_BOUND('',#280,.T.);
#185=FACE_OUTER_BOUND('',#281,.T.);
#186=FACE_OUTER_BOUND('',#282,.T.);
#187=FACE_OUTER_BOUND('',#283,.T.);
#188=FACE_OUTER_BOUND('',#284,.T.);
#189=FACE_OUTER_BOUND('',#285,.T.);
#190=FACE_OUTER_BOUND('',#286,.T.);
#191=FACE_OUTER_BOUND('',#287,.T.);
#192=FACE_OUTER_BOUND('',#288,.T.);
#193=FACE_OUTER_BOUND('',#289,.T.);
#194=FACE_OUTER_BOUND('',#290,.T.);
#195=FACE_OUTER_BOUND('',#291,.T.);
#196=FACE_OUTER_BOUND('',#292,.T.);
#197=FACE_OUTER_BOUND('',#293,.T.);
#198=FACE_OUTER_BOUND('',#294,.T.);
#199=FACE_OUTER_BOUND('',#295,.T.);
#200=FACE_OUTER_BOUND('',#296,.T.);
#201=FACE_OUTER_BOUND('',#297,.T.);
#202=FACE_OUTER_BOUND('',#298,.T.);
#203=FACE_OUTER_BOUND('',#299,.T.);
#204=FACE_OUTER_BOUND('',#300,.T.);
#205=FACE_OUTER_BOUND('',#301,.T.);
#206=FACE_OUTER_BOUND('',#302,.T.);
#207=FACE_OUTER_BOUND('',#303,.T.);
#208=FACE_OUTER_BOUND('',#304,.T.);
#209=FACE_OUTER_BOUND('',#305,.T.);
#210=FACE_OUTER_BOUND('',#306,.T.);
#211=FACE_OUTER_BOUND('',#307,.T.);
#212=FACE_OUTER_BOUND('',#308,.T.);
#213=FACE_OUTER_BOUND('',#309,.T.);
#214=FACE_OUTER_BOUND('',#310,.T.);
#215=FACE_OUTER_BOUND('',#311,.T.);
#216=FACE_OUTER_BOUND('',#312,.T.);
#217=FACE_OUTER_BOUND('',#313,.T.);
#218=FACE_OUTER_BOUND('',#314,.T.);
#219=FACE_OUTER_BOUND('',#315,.T.);
#220=FACE_OUTER_BOUND('',#316,.T.);
#221=FACE_OUTER_BOUND('',#317,.T.);
#222=FACE_OUTER_BOUND('',#318,.T.);
#223=FACE_OUTER_BOUND('',#319,.T.);
#224=FACE_OUTER_BOUND('',#320,.T.);
#225=FACE_OUTER_BOUND('',#321,.T.);
#226=FACE_OUTER_BOUND('',#322,.T.);
#227=FACE_OUTER_BOUND('',#323,.T.);
#228=FACE_OUTER_BOUND('',#324,.T.);
#229=FACE_OUTER_BOUND('',#325,.T.);
#230=FACE_OUTER_BOUND('',#326,.T.);
#231=FACE_OUTER_BOUND('',#327,.T.);
#232=FACE_OUTER_BOUND('',#328,.T.);
#233=FACE_OUTER_BOUND('',#329,.T.);
#234=FACE_OUTER_BOUND('',#330,.T.);
#235=FACE_OUTER_BOUND('',#331,.T.);
#236=FACE_OUTER_BOUND('',#332,.T.);
#237=EDGE_LOOP('',(#333,#334,#335));
#238=EDGE_LOOP('',(#336,#337,#338));
#239=EDGE_LOOP('',(#339,#340,#341));
#240=EDGE_LOOP('',(#342,#343,#344));
#241=EDGE_LOOP('',(#345,#346,#347));
#242=EDGE_LOOP('',(#348,#349,#350));
#243=EDGE_LOOP('',(#351,#352,#353));
#244=EDGE_LOOP('',(#354,#355,#356));
#245=EDGE_LOOP('',(#357,#358,#359));
#246=EDGE_LOOP('',(#360,#361,#362));
#247=EDGE_LOOP('',(#363,#364,#365));
#248=EDGE_LOOP('',(#366,#367,#368));
#249=EDGE_LOOP('',(#369,#370,#371));
#250=EDGE_LOOP('',(#372,#373,#374));
#251=EDGE_LOOP('',(#375,#376,#377));
#252=EDGE_LOOP('',(#378,#379,#380));
#253=EDGE_LOOP('',(#381,#382,#383));
#254=EDGE_LOOP('',(#384,#385,#386));
#255=EDGE_LOOP('',(#387,#388,#389));
#256=EDGE_LOOP('',(#390,#391,#392));
#257=EDGE_LOOP('',(#393,#394,#395));
#258=EDGE_LOOP('',(#396,#397,#398));
#259=EDGE_LOOP('',(#399,#400,#401));
#260=EDGE_LOOP('',(#402,#403,#404));
#261=EDGE_LOOP('',(#405,#406,#407));
#262=EDGE_LOOP('',(#408,#409,#410));
#263=EDGE_LOOP('',(#411,#412,#413));
#264=EDGE_LOOP('',(#414,#415,#416));
#265=EDGE_LOOP('',(#417,#418,#419));
#266=EDGE_LOOP('',(#420,#421,#422));
#267=EDGE_LOOP('',(#423,#424,#425));
#268=EDGE_LOOP('',(#426,#427,#428));
#269=EDGE_LOOP('',(#429,#430,#431));
#270=EDGE_LOOP('',(#432,#433,#434));
#271=EDGE_LOOP('',(#435,#436,#437));
#272=EDGE_LOOP('',(#438,#439,#440));
#273=EDGE_LOOP('',(#441,#442,#443));
#274=EDGE_LOOP('',(#444,#445,#446));
#275=EDGE_LOOP('',(#447,#448,#449));
#276=EDGE_LOOP('',(#450,#451,#452));
#277=EDGE_LOOP('',(#453,#454,#455));
#278=EDGE_LOOP('',(#456,#457,#458));
#279=EDGE_LOOP('',(#459,#460,#461));
#280=EDGE_LOOP('',(#462,#463,#464));
#281=EDGE_LOOP('',(#465,#466,#467));
#282=EDGE_LOOP('',(#468,#469,#470));
#283=EDGE_LOOP('',(#471,#472,#473));
#284=EDGE_LOOP('',(#474,#475,#476));
#285=EDGE_LOOP('',(#477,#478,#479));
#286=EDGE_LOOP('',(#480,#481,#482));
#287=EDGE_LOOP('',(#483,#484,#485));
#288=EDGE_LOOP('',(#486,#487,#488));
#289=EDGE_LOOP('',(#489,#490,#491));
#290=EDGE_LOOP('',(#492,#493,#494));
#291=EDGE_LOOP('',(#495,#496,#497));
#292=EDGE_LOOP('',(#498,#499,#500));
#293=EDGE_LOOP('',(#501,#502,#503));
#294=EDGE_LOOP('',(#504,#505,#506));
#295=EDGE_LOOP('',(#507,#508,#509));
#296=EDGE_LOOP('',(#510,#511,#512));
#297=EDGE_LOOP('',(#513,#514,#515));
#298=EDGE_LOOP('',(#516,#517,#518));
#299=EDGE_LOOP('',(#519,#520,#521));
#300=EDGE_LOOP('',(#522,#523,#524));
#301=EDGE_LOOP('',(#525,#526,#527));
#302=EDGE_LOOP('',(#528,#529,#530));
#303=EDGE_LOOP('',(#531,#532,#533));
#304=EDGE_LOOP('',(#534,#535,#536));
#305=EDGE_LOOP('',(#537,#538,#539));
#306=EDGE_LOOP('',(#540,#541,#542));
#307=EDGE_LOOP('',(#543,#544,#545));
#308=EDGE_LOOP('',(#546,#547,#548));
#309=EDGE_LOOP('',(#549,#550,#551));
#310=EDGE_LOOP('',(#552,#553,#554));
#311=EDGE_LOOP('',(#555,#556,#557));
#312=EDGE_LOOP('',(#558,#559,#560));
#313=EDGE_LOOP('',(#561,#562,#563));
#314=EDGE_LOOP('',(#564,#565,#566));
#315=EDGE_LOOP('',(#567,#568,#569));
#316=EDGE_LOOP('',(#570,#571,#572));
#317=EDGE_LOOP('',(#573,#574,#575));
#318=EDGE_LOOP('',(#576,#577,#578));
#319=EDGE_LOOP('',(#579,#580,#581));
#320=EDGE_LOOP('',(#582,#583,#584));
#321=EDGE_LOOP('',(#585,#586,#587));
#322=EDGE_LOOP('',(#588,#589,#590));
#323=EDGE_LOOP('',(#591,#592,#593));
#324=EDGE_LOOP('',(#594,#595,#596));
#325=EDGE_LOOP('',(#597,#598,#599));
#326=EDGE_LOOP('',(#600,#601,#602));
#327=EDGE_LOOP('',(#603,#604,#605));
#328=EDGE_LOOP('',(#606,#607,#608));
#329=EDGE_LOOP('',(#609,#610,#611));
#330=EDGE_LOOP('',(#612,#613,#614));
#331=EDGE_LOOP('',(#615,#616,#617));
#332=EDGE_LOOP('',(#618,#619,#620));
#333=ORIENTED_EDGE('',*,*,#624,.T.);
#334=ORIENTED_EDGE('',*,*,#623,.F.);
#335=ORIENTED_EDGE('',*,*,#625,.T.);
#336=ORIENTED_EDGE('',*,*,#623,.T.);
#337=ORIENTED_EDGE('',*,*,#628,.T.);
#338=ORIENTED_EDGE('',*,*,#622,.F.);
#339=ORIENTED_EDGE('',*,*,#621,.F.);
#340=ORIENTED_EDGE('',*,*,#628,.F.);
#341=ORIENTED_EDGE('',*,*,#624,.F.);
#342=ORIENTED_EDGE('',*,*,#626,.T.);
#343=ORIENTED_EDGE('',*,*,#625,.F.);
#344=ORIENTED_EDGE('',*,*,#627,.T.);
#345=ORIENTED_EDGE('',*,*,#629,.T.);
#346=ORIENTED_EDGE('',*,*,#621,.T.);
#347=ORIENTED_EDGE('',*,*,#626,.F.);
#348=ORIENTED_EDGE('',*,*,#622,.T.);
#349=ORIENTED_EDGE('',*,*,#629,.F.);
#350=ORIENTED_EDGE('',*,*,#627,.F.);
#351=ORIENTED_EDGE('',*,*,#633,.T.);
#352=ORIENTED_EDGE('',*,*,#632,.F.);
#353=ORIENTED_EDGE('',*,*,#634,.T.);
#354=ORIENTED_EDGE('',*,*,#632,.T.);
#355=ORIENTED_EDGE('',*,*,#637,.T.);
#356=ORIENTED_EDGE('',*,*,#631,.F.);
#357=ORIENTED_EDGE('',*,*,#630,.F.);
#358=ORIENTED_EDGE('',*,*,#637,.F.);
#359=ORIENTED_EDGE('',*,*,#633,.F.);
#360=ORIENTED_EDGE('',*,*,#635,.T.);
#361=ORIENTED_EDGE('',*,*,#634,.F.);
#362=ORIENTED_EDGE('',*,*,#636,.T.);
#363=ORIENTED_EDGE('',*,*,#638,.T.);
#364=ORIENTED_EDGE('',*,*,#630,.T.);
#365=ORIENTED_EDGE('',*,*,#635,.F.);
#366=ORIENTED_EDGE('',*,*,#631,.T.);
#367=ORIENTED_EDGE('',*,*,#638,.F.);
#368=ORIENTED_EDGE('',*,*,#636,.F.);
#369=ORIENTED_EDGE('',*,*,#642,.T.);
#370=ORIENTED_EDGE('',*,*,#641,.F.);
#371=ORIENTED_EDGE('',*,*,#643,.T.);
#372=ORIENTED_EDGE('',*,*,#641,.T.);
#373=ORIENTED_EDGE('',*,*,#646,.T.);
#374=ORIENTED_EDGE('',*,*,#640,.F.);
#375=ORIENTED_EDGE('',*,*,#639,.F.);
#376=ORIENTED_EDGE('',*,*,#646,.F.);
#377=ORIENTED_EDGE('',*,*,#642,.F.);
#378=ORIENTED_EDGE('',*,*,#644,.T.);
#379=ORIENTED_EDGE('',*,*,#643,.F.);
#380=ORIENTED_EDGE('',*,*,#645,.T.);
#381=ORIENTED_EDGE('',*,*,#647,.T.);
#382=ORIENTED_EDGE('',*,*,#639,.T.);
#383=ORIENTED_EDGE('',*,*,#644,.F.);
#384=ORIENTED_EDGE('',*,*,#640,.T.);
#385=ORIENTED_EDGE('',*,*,#647,.F.);
#386=ORIENTED_EDGE('',*,*,#645,.F.);
#387=ORIENTED_EDGE('',*,*,#651,.T.);
#388=ORIENTED_EDGE('',*,*,#650,.F.);
#389=ORIENTED_EDGE('',*,*,#652,.T.);
#390=ORIENTED_EDGE('',*,*,#650,.T.);
#391=ORIENTED_EDGE('',*,*,#655,.T.);
#392=ORIENTED_EDGE('',*,*,#649,.F.);
#393=ORIENTED_EDGE('',*,*,#648,.F.);
#394=ORIENTED_EDGE('',*,*,#655,.F.);
#395=ORIENTED_EDGE('',*,*,#651,.F.);
#396=ORIENTED_EDGE('',*,*,#653,.T.);
#397=ORIENTED_EDGE('',*,*,#652,.F.);
#398=ORIENTED_EDGE('',*,*,#654,.T.);
#399=ORIENTED_EDGE('',*,*,#656,.T.);
#400=ORIENTED_EDGE('',*,*,#648,.T.);
#401=ORIENTED_EDGE('',*,*,#653,.F.);
#402=ORIENTED_EDGE('',*,*,#649,.T.);
#403=ORIENTED_EDGE('',*,*,#656,.F.);
#404=ORIENTED_EDGE('',*,*,#654,.F.);
#405=ORIENTED_EDGE('',*,*,#660,.T.);
#406=ORIENTED_EDGE('',*,*,#659,.F.);
#407=ORIENTED_EDGE('',*,*,#661,.T.);
#408=ORIENTED_EDGE('',*,*,#659,.T.);
#409=ORIENTED_EDGE('',*,*,#664,.T.);
#410=ORIENTED_EDGE('',*,*,#658,.F.);
#411=ORIENTED_EDGE('',*,*,#657,.F.);
#412=ORIENTED_EDGE('',*,*,#664,.F.);
#413=ORIENTED_EDGE('',*,*,#660,.F.);
#414=ORIENTED_EDGE('',*,*,#662,.T.);
#415=ORIENTED_EDGE('',*,*,#661,.F.);
#416=ORIENTED_EDGE('',*,*,#663,.T.);
#417=ORIENTED_EDGE('',*,*,#665,.T.);
#418=ORIENTED_EDGE('',*,*,#657,.T.);
#419=ORIENTED_EDGE('',*,*,#662,.F.);
#420=ORIENTED_EDGE('',*,*,#658,.T.);
#421=ORIENTED_EDGE('',*,*,#665,.F.);
#422=ORIENTED_EDGE('',*,*,#663,.F.);
#423=ORIENTED_EDGE('',*,*,#669,.T.);
#424=ORIENTED_EDGE('',*,*,#668,.F.);
#425=ORIENTED_EDGE('',*,*,#670,.T.);
#426=ORIENTED_EDGE('',*,*,#668,.T.);
#427=ORIENTED_EDGE('',*,*,#673,.T.);
#428=ORIENTED_EDGE('',*,*,#667,.F.);
#429=ORIENTED_EDGE('',*,*,#666,.F.);
#430=ORIENTED_EDGE('',*,*,#673,.F.);
#431=ORIENTED_EDGE('',*,*,#669,.F.);
#432=ORIENTED_EDGE('',*,*,#671,.T.);
#433=ORIENTED_EDGE('',*,*,#670,.F.);
#434=ORIENTED_EDGE('',*,*,#672,.T.);
#435=ORIENTED_EDGE('',*,*,#674,.T.);
#436=ORIENTED_EDGE('',*,*,#666,.T.);
#437=ORIENTED_EDGE('',*,*,#671,.F.);
#438=ORIENTED_EDGE('',*,*,#667,.T.);
#439=ORIENTED_EDGE('',*,*,#674,.F.);
#440=ORIENTED_EDGE('',*,*,#672,.F.);
#441=ORIENTED_EDGE('',*,*,#678,.T.);
#442=ORIENTED_EDGE('',*,*,#677,.F.);
#443=ORIENTED_EDGE('',*,*,#679,.T.);
#444=ORIENTED_EDGE('',*,*,#677,.T.);
#445=ORIENTED_EDGE('',*,*,#682,.T.);
#446=ORIENTED_EDGE('',*,*,#676,.F.);
#447=ORIENTED_EDGE('',*,*,#675,.F.);
#448=ORIENTED_EDGE('',*,*,#682,.F.);
#449=ORIENTED_EDGE('',*,*,#678,.F.);
#450=ORIENTED_EDGE('',*,*,#680,.T.);
#451=ORIENTED_EDGE('',*,*,#679,.F.);
#452=ORIENTED_EDGE('',*,*,#681,.T.);
#453=ORIENTED_EDGE('',*,*,#683,.T.);
#454=ORIENTED_EDGE('',*,*,#675,.T.);
#455=ORIENTED_EDGE('',*,*,#680,.F.);
#456=ORIENTED_EDGE('',*,*,#676,.T.);
#457=ORIENTED_EDGE('',*,*,#683,.F.);
#458=ORIENTED_EDGE('',*,*,#681,.F.);
#459=ORIENTED_EDGE('',*,*,#687,.T.);
#460=ORIENTED_EDGE('',*,*,#686,.F.);
#461=ORIENTED_EDGE('',*,*,#688,.T.);
#462=ORIENTED_EDGE('',*,*,#686,.T.);
#463=ORIENTED_EDGE('',*,*,#691,.T.);
#464=ORIENTED_EDGE('',*,*,#685,.F.);
#465=ORIENTED_EDGE('',*,*,#684,.F.);
#466=ORIENTED_EDGE('',*,*,#691,.F.);
#467=ORIENTED_EDGE('',*,*,#687,.F.);
#468=ORIENTED_EDGE('',*,*,#689,.T.);
#469=ORIENTED_EDGE('',*,*,#688,.F.);
#470=ORIENTED_EDGE('',*,*,#690,.T.);
#471=ORIENTED_EDGE('',*,*,#692,.T.);
#472=ORIENTED_EDGE('',*,*,#684,.T.);
#473=ORIENTED_EDGE('',*,*,#689,.F.);
#474=ORIENTED_EDGE('',*,*,#685,.T.);
#475=ORIENTED_EDGE('',*,*,#692,.F.);
#476=ORIENTED_EDGE('',*,*,#690,.F.);
#477=ORIENTED_EDGE('',*,*,#696,.T.);
#478=ORIENTED_EDGE('',*,*,#695,.F.);
#479=ORIENTED_EDGE('',*,*,#697,.T.);
#480=ORIENTED_EDGE('',*,*,#695,.T.);
#481=ORIENTED_EDGE('',*,*,#700,.T.);
#482=ORIENTED_EDGE('',*,*,#694,.F.);
#483=ORIENTED_EDGE('',*,*,#693,.F.);
#484=ORIENTED_EDGE('',*,*,#700,.F.);
#485=ORIENTED_EDGE('',*,*,#696,.F.);
#486=ORIENTED_EDGE('',*,*,#698,.T.);
#487=ORIENTED_EDGE('',*,*,#697,.F.);
#488=ORIENTED_EDGE('',*,*,#699,.T.);
#489=ORIENTED_EDGE('',*,*,#701,.T.);
#490=ORIENTED_EDGE('',*,*,#693,.T.);
#491=ORIENTED_EDGE('',*,*,#698,.F.);
#492=ORIENTED_EDGE('',*,*,#694,.T.);
#493=ORIENTED_EDGE('',*,*,#701,.F.);
#494=ORIENTED_EDGE('',*,*,#699,.F.);
#495=ORIENTED_EDGE('',*,*,#705,.T.);
#496=ORIENTED_EDGE('',*,*,#704,.F.);
#497=ORIENTED_EDGE('',*,*,#706,.T.);
#498=ORIENTED_EDGE('',*,*,#704,.T.);
#499=ORIENTED_EDGE('',*,*,#709,.T.);
#500=ORIENTED_EDGE('',*,*,#703,.F.);
#501=ORIENTED_EDGE('',*,*,#702,.F.);
#502=ORIENTED_EDGE('',*,*,#709,.F.);
#503=ORIENTED_EDGE('',*,*,#705,.F.);
#504=ORIENTED_EDGE('',*,*,#707,.T.);
#505=ORIENTED_EDGE('',*,*,#706,.F.);
#506=ORIENTED_EDGE('',*,*,#708,.T.);
#507=ORIENTED_EDGE('',*,*,#710,.T.);
#508=ORIENTED_EDGE('',*,*,#702,.T.);
#509=ORIENTED_EDGE('',*,*,#707,.F.);
#510=ORIENTED_EDGE('',*,*,#703,.T.);
#511=ORIENTED_EDGE('',*,*,#710,.F.);
#512=ORIENTED_EDGE('',*,*,#708,.F.);
#513=ORIENTED_EDGE('',*,*,#714,.T.);
#514=ORIENTED_EDGE('',*,*,#713,.F.);
#515=ORIENTED_EDGE('',*,*,#715,.T.);
#516=ORIENTED_EDGE('',*,*,#713,.T.);
#517=ORIENTED_EDGE('',*,*,#718,.T.);
#518=ORIENTED_EDGE('',*,*,#712,.F.);
#519=ORIENTED_EDGE('',*,*,#711,.F.);
#520=ORIENTED_EDGE('',*,*,#718,.F.);
#521=ORIENTED_EDGE('',*,*,#714,.F.);
#522=ORIENTED_EDGE('',*,*,#716,.T.);
#523=ORIENTED_EDGE('',*,*,#715,.F.);
#524=ORIENTED_EDGE('',*,*,#717,.T.);
#525=ORIENTED_EDGE('',*,*,#719,.T.);
#526=ORIENTED_EDGE('',*,*,#711,.T.);
#527=ORIENTED_EDGE('',*,*,#716,.F.);
#528=ORIENTED_EDGE('',*,*,#712,.T.);
#529=ORIENTED_EDGE('',*,*,#719,.F.);
#530=ORIENTED_EDGE('',*,*,#717,.F.);
#531=ORIENTED_EDGE('',*,*,#723,.T.);
#532=ORIENTED_EDGE('',*,*,#722,.F.);
#533=ORIENTED_EDGE('',*,*,#724,.T.);
#534=ORIENTED_EDGE('',*,*,#722,.T.);
#535=ORIENTED_EDGE('',*,*,#727,.T.);
#536=ORIENTED_EDGE('',*,*,#721,.F.);
#537=ORIENTED_EDGE('',*,*,#720,.F.);
#538=ORIENTED_EDGE('',*,*,#727,.F.);
#539=ORIENTED_EDGE('',*,*,#723,.F.);
#540=ORIENTED_EDGE('',*,*,#725,.T.);
#541=ORIENTED_EDGE('',*,*,#724,.F.);
#542=ORIENTED_EDGE('',*,*,#726,.T.);
#543=ORIENTED_EDGE('',*,*,#728,.T.);
#544=ORIENTED_EDGE('',*,*,#720,.T.);
#545=ORIENTED_EDGE('',*,*,#725,.F.);
#546=ORIENTED_EDGE('',*,*,#721,.T.);
#547=ORIENTED_EDGE('',*,*,#728,.F.);
#548=ORIENTED_EDGE('',*,*,#726,.F.);
#549=ORIENTED_EDGE('',*,*,#732,.T.);
#550=ORIENTED_EDGE('',*,*,#731,.F.);
#551=ORIENTED_EDGE('',*,*,#733,.T.);
#552=ORIENTED_EDGE('',*,*,#731,.T.);
#553=ORIENTED_EDGE('',*,*,#736,.T.);
#554=ORIENTED_EDGE('',*,*,#730,.F.);
#555=ORIENTED_EDGE('',*,*,#729,.F.);
#556=ORIENTED_EDGE('',*,*,#736,.F.);
#557=ORIENTED_EDGE('',*,*,#732,.F.);
#558=ORIENTED_EDGE('',*,*,#734,.T.);
#559=ORIENTED_EDGE('',*,*,#733,.F.);
#560=ORIENTED_EDGE('',*,*,#735,.T.);
#561=ORIENTED_EDGE('',*,*,#737,.T.);
#562=ORIENTED_EDGE('',*,*,#729,.T.);
#563=ORIENTED_EDGE('',*,*,#734,.F.);
#564=ORIENTED_EDGE('',*,*,#730,.T.);
#565=ORIENTED_EDGE('',*,*,#737,.F.);
#566=ORIENTED_EDGE('',*,*,#735,.F.);
#567=ORIENTED_EDGE('',*,*,#741,.T.);
#568=ORIENTED_EDGE('',*,*,#740,.F.);
#569=ORIENTED_EDGE('',*,*,#742,.T.);
#570=ORIENTED_EDGE('',*,*,#740,.T.);
#571=ORIENTED_EDGE('',*,*,#745,.T.);
#572=ORIENTED_EDGE('',*,*,#739,.F.);
#573=ORIENTED_EDGE('',*,*,#738,.F.);
#574=ORIENTED_EDGE('',*,*,#745,.F.);
#575=ORIENTED_EDGE('',*,*,#741,.F.);
#576=ORIENTED_EDGE('',*,*,#743,.T.);
#577=ORIENTED_EDGE('',*,*,#742,.F.);
#578=ORIENTED_EDGE('',*,*,#744,.T.);
#579=ORIENTED_EDGE('',*,*,#746,.T.);
#580=ORIENTED_EDGE('',*,*,#738,.T.);
#581=ORIENTED_EDGE('',*,*,#743,.F.);
#582=ORIENTED_EDGE('',*,*,#739,.T.);
#583=ORIENTED_EDGE('',*,*,#746,.F.);
#584=ORIENTED_EDGE('',*,*,#744,.F.);
#585=ORIENTED_EDGE('',*,*,#750,.T.);
#586=ORIENTED_EDGE('',*,*,#749,.F.);
#587=ORIENTED_EDGE('',*,*,#751,.T.);
#588=ORIENTED_EDGE('',*,*,#749,.T.);
#589=ORIENTED_EDGE('',*,*,#754,.T.);
#590=ORIENTED_EDGE('',*,*,#748,.F.);
#591=ORIENTED_EDGE('',*,*,#747,.F.);
#592=ORIENTED_EDGE('',*,*,#754,.F.);
#593=ORIENTED_EDGE('',*,*,#750,.F.);
#594=ORIENTED_EDGE('',*,*,#752,.T.);
#595=ORIENTED_EDGE('',*,*,#751,.F.);
#596=ORIENTED_EDGE('',*,*,#753,.T.);
#597=ORIENTED_EDGE('',*,*,#755,.T.);
#598=ORIENTED_EDGE('',*,*,#747,.T.);
#599=ORIENTED_EDGE('',*,*,#752,.F.);
#600=ORIENTED_EDGE('',*,*,#748,.T.);
#601=ORIENTED_EDGE('',*,*,#755,.F.);
#602=ORIENTED_EDGE('',*,*,#753,.F.);
#603=ORIENTED_EDGE('',*,*,#759,.T.);
#604=ORIENTED_EDGE('',*,*,#758,.F.);
#605=ORIENTED_EDGE('',*,*,#760,.T.);
#606=ORIENTED_EDGE('',*,*,#758,.T.);
#607=ORIENTED_EDGE('',*,*,#763,.T.);
#608=ORIENTED_EDGE('',*,*,#757,.F.);
#609=ORIENTED_EDGE('',*,*,#756,.F.);
#610=ORIENTED_EDGE('',*,*,#763,.F.);
#611=ORIENTED_EDGE('',*,*,#759,.F.);
#612=ORIENTED_EDGE('',*,*,#761,.T.);
#613=ORIENTED_EDGE('',*,*,#760,.F.);
#614=ORIENTED_EDGE('',*,*,#762,.T.);
#615=ORIENTED_EDGE('',*,*,#764,.T.);
#616=ORIENTED_EDGE('',*,*,#756,.T.);
#617=ORIENTED_EDGE('',*,*,#761,.F.);
#618=ORIENTED_EDGE('',*,*,#757,.T.);
#619=ORIENTED_EDGE('',*,*,#764,.F.);
#620=ORIENTED_EDGE('',*,*,#762,.F.);
#621=EDGE_CURVE('',#911,#910,#765,.T.);
#622=EDGE_CURVE('',#909,#911,#766,.T.);
#623=EDGE_CURVE('',#909,#912,#767,.T.);
#624=EDGE_CURVE('',#910,#912,#768,.T.);
#625=EDGE_CURVE('',#909,#910,#769,.T.);
#626=EDGE_CURVE('',#913,#910,#770,.T.);
#627=EDGE_CURVE('',#909,#913,#771,.T.);
#628=EDGE_CURVE('',#912,#911,#772,.T.);
#629=EDGE_CURVE('',#913,#911,#773,.T.);
#630=EDGE_CURVE('',#916,#915,#774,.T.);
#631=EDGE_CURVE('',#914,#916,#775,.T.);
#632=EDGE_CURVE('',#914,#917,#776,.T.);
#633=EDGE_CURVE('',#915,#917,#777,.T.);
#634=EDGE_CURVE('',#914,#915,#778,.T.);
#635=EDGE_CURVE('',#918,#915,#779,.T.);
#636=EDGE_CURVE('',#914,#918,#780,.T.);
#637=EDGE_CURVE('',#917,#916,#781,.T.);
#638=EDGE_CURVE('',#918,#916,#782,.T.);
#639=EDGE_CURVE('',#921,#920,#783,.T.);
#640=EDGE_CURVE('',#919,#921,#784,.T.);
#641=EDGE_CURVE('',#919,#922,#785,.T.);
#642=EDGE_CURVE('',#920,#922,#786,.T.);
#643=EDGE_CURVE('',#919,#920,#787,.T.);
#644=EDGE_CURVE('',#923,#920,#788,.T.);
#645=EDGE_CURVE('',#919,#923,#789,.T.);
#646=EDGE_CURVE('',#922,#921,#790,.T.);
#647=EDGE_CURVE('',#923,#921,#791,.T.);
#648=EDGE_CURVE('',#926,#925,#792,.T.);
#649=EDGE_CURVE('',#924,#926,#793,.T.);
#650=EDGE_CURVE('',#924,#927,#794,.T.);
#651=EDGE_CURVE('',#925,#927,#795,.T.);
#652=EDGE_CURVE('',#924,#925,#796,.T.);
#653=EDGE_CURVE('',#928,#925,#797,.T.);
#654=EDGE_CURVE('',#924,#928,#798,.T.);
#655=EDGE_CURVE('',#927,#926,#799,.T.);
#656=EDGE_CURVE('',#928,#926,#800,.T.);
#657=EDGE_CURVE('',#931,#930,#801,.T.);
#658=EDGE_CURVE('',#929,#931,#802,.T.);
#659=EDGE_CURVE('',#929,#932,#803,.T.);
#660=EDGE_CURVE('',#930,#932,#804,.T.);
#661=EDGE_CURVE('',#929,#930,#805,.T.);
#662=EDGE_CURVE('',#933,#930,#806,.T.);
#663=EDGE_CURVE('',#929,#933,#807,.T.);
#664=EDGE_CURVE('',#932,#931,#808,.T.);
#665=EDGE_CURVE('',#933,#931,#809,.T.);
#666=EDGE_CURVE('',#936,#935,#810,.T.);
#667=EDGE_CURVE('',#934,#936,#811,.T.);
#668=EDGE_CURVE('',#934,#937,#812,.T.);
#669=EDGE_CURVE('',#935,#937,#813,.T.);
#670=EDGE_CURVE('',#934,#935,#814,.T.);
#671=EDGE_CURVE('',#938,#935,#815,.T.);
#672=EDGE_CURVE('',#934,#938,#816,.T.);
#673=EDGE_CURVE('',#937,#936,#817,.T.);
#674=EDGE_CURVE('',#938,#936,#818,.T.);
#675=EDGE_CURVE('',#941,#940,#819,.T.);
#676=EDGE_CURVE('',#939,#941,#820,.T.);
#677=EDGE_CURVE('',#939,#942,#821,.T.);
#678=EDGE_CURVE('',#940,#942,#822,.T.);
#679=EDGE_CURVE('',#939,#940,#823,.T.);
#680=EDGE_CURVE('',#943,#940,#824,.T.);
#681=EDGE_CURVE('',#939,#943,#825,.T.);
#682=EDGE_CURVE('',#942,#941,#826,.T.);
#683=EDGE_CURVE('',#943,#941,#827,.T.);
#684=EDGE_CURVE('',#946,#945,#828,.T.);
#685=EDGE_CURVE('',#944,#946,#829,.T.);
#686=EDGE_CURVE('',#944,#947,#830,.T.);
#687=EDGE_CURVE('',#945,#947,#831,.T.);
#688=EDGE_CURVE('',#944,#945,#832,.T.);
#689=EDGE_CURVE('',#948,#945,#833,.T.);
#690=EDGE_CURVE('',#944,#948,#834,.T.);
#691=EDGE_CURVE('',#947,#946,#835,.T.);
#692=EDGE_CURVE('',#948,#946,#836,.T.);
#693=EDGE_CURVE('',#951,#950,#837,.T.);
#694=EDGE_CURVE('',#949,#951,#838,.T.);
#695=EDGE_CURVE('',#949,#952,#839,.T.);
#696=EDGE_CURVE('',#950,#952,#840,.T.);
#697=EDGE_CURVE('',#949,#950,#841,.T.);
#698=EDGE_CURVE('',#953,#950,#842,.T.);
#699=EDGE_CURVE('',#949,#953,#843,.T.);
#700=EDGE_CURVE('',#952,#951,#844,.T.);
#701=EDGE_CURVE('',#953,#951,#845,.T.);
#702=EDGE_CURVE('',#956,#955,#846,.T.);
#703=EDGE_CURVE('',#954,#956,#847,.T.);
#704=EDGE_CURVE('',#954,#957,#848,.T.);
#705=EDGE_CURVE('',#955,#957,#849,.T.);
#706=EDGE_CURVE('',#954,#955,#850,.T.);
#707=EDGE_CURVE('',#958,#955,#851,.T.);
#708=EDGE_CURVE('',#954,#958,#852,.T.);
#709=EDGE_CURVE('',#957,#956,#853,.T.);
#710=EDGE_CURVE('',#958,#956,#854,.T.);
#711=EDGE_CURVE('',#961,#960,#855,.T.);
#712=EDGE_CURVE('',#959,#961,#856,.T.);
#713=EDGE_CURVE('',#959,#962,#857,.T.);
#714=EDGE_CURVE('',#960,#962,#858,.T.);
#715=EDGE_CURVE('',#959,#960,#859,.T.);
#716=EDGE_CURVE('',#963,#960,#860,.T.);
#717=EDGE_CURVE('',#959,#963,#861,.T.);
#718=EDGE_CURVE('',#962,#961,#862,.T.);
#719=EDGE_CURVE('',#963,#961,#863,.T.);
#720=EDGE_CURVE('',#966,#965,#864,.T.);
#721=EDGE_CURVE('',#964,#966,#865,.T.);
#722=EDGE_CURVE('',#964,#967,#866,.T.);
#723=EDGE_CURVE('',#965,#967,#867,.T.);
#724=EDGE_CURVE('',#964,#965,#868,.T.);
#725=EDGE_CURVE('',#968,#965,#869,.T.);
#726=EDGE_CURVE('',#964,#968,#870,.T.);
#727=EDGE_CURVE('',#967,#966,#871,.T.);
#728=EDGE_CURVE('',#968,#966,#872,.T.);
#729=EDGE_CURVE('',#971,#970,#873,.T.);
#730=EDGE_CURVE('',#969,#971,#874,.T.);
#731=EDGE_CURVE('',#969,#972,#875,.T.);
#732=EDGE_CURVE('',#970,#972,#876,.T.);
#733=EDGE_CURVE('',#969,#970,#877,.T.);
#734=EDGE_CURVE('',#973,#970,#878,.T.);
#735=EDGE_CURVE('',#969,#973,#879,.T.);
#736=EDGE_CURVE('',#972,#971,#880,.T.);
#737=EDGE_CURVE('',#973,#971,#881,.T.);
#738=EDGE_CURVE('',#976,#975,#882,.T.);
#739=EDGE_CURVE('',#974,#976,#883,.T.);
#740=EDGE_CURVE('',#974,#977,#884,.T.);
#741=EDGE_CURVE('',#975,#977,#885,.T.);
#742=EDGE_CURVE('',#974,#975,#886,.T.);
#743=EDGE_CURVE('',#978,#975,#887,.T.);
#744=EDGE_CURVE('',#974,#978,#888,.T.);
#745=EDGE_CURVE('',#977,#976,#889,.T.);
#746=EDGE_CURVE('',#978,#976,#890,.T.);
#747=EDGE_CURVE('',#981,#980,#891,.T.);
#748=EDGE_CURVE('',#979,#981,#892,.T.);
#749=EDGE_CURVE('',#979,#982,#893,.T.);
#750=EDGE_CURVE('',#980,#982,#894,.T.);
#751=EDGE_CURVE('',#979,#980,#895,.T.);
#752=EDGE_CURVE('',#983,#980,#896,.T.);
#753=EDGE_CURVE('',#979,#983,#897,.T.);
#754=EDGE_CURVE('',#982,#981,#898,.T.);
#755=EDGE_CURVE('',#983,#981,#899,.T.);
#756=EDGE_CURVE('',#986,#985,#900,.T.);
#757=EDGE_CURVE('',#984,#986,#901,.T.);
#758=EDGE_CURVE('',#984,#987,#902,.T.);
#759=EDGE_CURVE('',#985,#987,#903,.T.);
#760=EDGE_CURVE('',#984,#985,#904,.T.);
#761=EDGE_CURVE('',#988,#985,#905,.T.);
#762=EDGE_CURVE('',#984,#988,#906,.T.);
#763=EDGE_CURVE('',#987,#986,#907,.T.);
#764=EDGE_CURVE('',#988,#986,#908,.T.);
#765=B_SPLINE_CURVE_WITH_KNOTS('',1,(#1345,#1346),.UNSPECIFIED.,.F.,.F.,
(2,2),(0.,9.43737026978594),.UNSPECIFIED.);
#766=B_SPLINE_CURVE_WITH_KNOTS('',1,(#1347,#1348),.UNSPECIFIED.,.F.,.F.,
(2,2),(-7.4899979964083,0.),.UNSPECIFIED.);
#767=B_SPLINE_CURVE_WITH_KNOTS('',3,(#1349,#1350,#1351,#1352),
 .UNSPECIFIED.,.F.,.F.,(4,4),(0.,1.71843200816722),.UNSPECIFIED.);
#768=B_SPLINE_CURVE_WITH_KNOTS('',3,(#1353,#1354,#1355,#1356),
 .UNSPECIFIED.,.F.,.F.,(4,4),(0.040520781058717,3.31809574743306),
 .UNSPECIFIED.);
#769=B_SPLINE_CURVE_WITH_KNOTS('',1,(#1357,#1358),.UNSPECIFIED.,.F.,.F.,
(2,2),(2.86894580633133E-13,4.),.UNSPECIFIED.);
#770=B_SPLINE_CURVE_WITH_KNOTS('',3,(#1359,#1360,#1361,#1362),
 .UNSPECIFIED.,.F.,.F.,(4,4),(0.815023920550186,4.09259888692451),
 .UNSPECIFIED.);
#771=B_SPLINE_CURVE_WITH_KNOTS('',3,(#1363,#1364,#1365,#1366),
 .UNSPECIFIED.,.F.,.F.,(4,4),(0.,1.71843200816722),.UNSPECIFIED.);
#772=B_SPLINE_CURVE_WITH_KNOTS('',3,(#1367,#1368,#1369,#1370),
 .UNSPECIFIED.,.F.,.F.,(4,4),(1.56173160733234,8.17073311989992),
 .UNSPECIFIED.);
#773=B_SPLINE_CURVE_WITH_KNOTS('',3,(#1371,#1372,#1373,#1374),
 .UNSPECIFIED.,.F.,.F.,(4,4),(1.56173160733213,8.17073311989929),
 .UNSPECIFIED.);
#774=B_SPLINE_CURVE_WITH_KNOTS('',1,(#1392,#1393),.UNSPECIFIED.,.F.,.F.,
(2,2),(0.,9.43737026978594),.UNSPECIFIED.);
#775=B_SPLINE_CURVE_WITH_KNOTS('',1,(#1394,#1395),.UNSPECIFIED.,.F.,.F.,
(2,2),(-7.4899979964083,0.),.UNSPECIFIED.);
#776=B_SPLINE_CURVE_WITH_KNOTS('',3,(#1396,#1397,#1398,#1399),
 .UNSPECIFIED.,.F.,.F.,(4,4),(0.,1.71843200816722),.UNSPECIFIED.);
#777=B_SPLINE_CURVE_WITH_KNOTS('',3,(#1400,#1401,#1402,#1403),
 .UNSPECIFIED.,.F.,.F.,(4,4),(0.040520781058717,3.31809574743306),
 .UNSPECIFIED.);
#778=B_SPLINE_CURVE_WITH_KNOTS('',1,(#1404,#1405),.UNSPECIFIED.,.F.,.F.,
(2,2),(2.86894580633133E-13,4.),.UNSPECIFIED.);
#779=B_SPLINE_CURVE_WITH_KNOTS('',3,(#1406,#1407,#1408,#1409),
 .UNSPECIFIED.,.F.,.F.,(4,4),(0.815023920550186,4.09259888692451),
 .UNSPECIFIED.);
#780=B_SPLINE_CURVE_WITH_KNOTS('',3,(#1410,#1411,#1412,#1413),
 .UNSPECIFIED.,.F.,.F.,(4,4),(0.,1.71843200816722),.UNSPECIFIED.);
#781=B_SPLINE_CURVE_WITH_KNOTS('',3,(#1414,#1415,#1416,#1417),
 .UNSPECIFIED.,.F.,.F.,(4,4),(1.56173160733234,8.17073311989992),
 .UNSPECIFIED.);
#782=B_SPLINE_CURVE_WITH_KNOTS('',3,(#1418,#1419,#1420,#1421),
 .UNSPECIFIED.,.F.,.F.,(4,4),(1.56173160733213,8.17073311989929),
 .UNSPECIFIED.);
#783=B_SPLINE_CURVE_WITH_KNOTS('',1,(#1439,#1440),.UNSPECIFIED.,.F.,.F.,
(2,2),(0.,9.43737026978594),.UNSPECIFIED.);
#784=B_SPLINE_CURVE_WITH_KNOTS('',1,(#1441,#1442),.UNSPECIFIED.,.F.,.F.,
(2,2),(-7.4899979964083,0.),.UNSPECIFIED.);
#785=B_SPLINE_CURVE_WITH_KNOTS('',3,(#1443,#1444,#1445,#1446),
 .UNSPECIFIED.,.F.,.F.,(4,4),(0.,1.71843200816722),.UNSPECIFIED.);
#786=B_SPLINE_CURVE_WITH_KNOTS('',3,(#1447,#1448,#1449,#1450),
 .UNSPECIFIED.,.F.,.F.,(4,4),(0.040520781058717,3.31809574743306),
 .UNSPECIFIED.);
#787=B_SPLINE_CURVE_WITH_KNOTS('',1,(#1451,#1452),.UNSPECIFIED.,.F.,.F.,
(2,2),(2.86894580633133E-13,4.),.UNSPECIFIED.);
#788=B_SPLINE_CURVE_WITH_KNOTS('',3,(#1453,#1454,#1455,#1456),
 .UNSPECIFIED.,.F.,.F.,(4,4),(0.815023920550186,4.09259888692451),
 .UNSPECIFIED.);
#789=B_SPLINE_CURVE_WITH_KNOTS('',3,(#1457,#1458,#1459,#1460),
 .UNSPECIFIED.,.F.,.F.,(4,4),(0.,1.71843200816722),.UNSPECIFIED.);
#790=B_SPLINE_CURVE_WITH_KNOTS('',3,(#1461,#1462,#1463,#1464),
 .UNSPECIFIED.,.F.,.F.,(4,4),(1.56173160733234,8.17073311989992),
 .UNSPECIFIED.);
#791=B_SPLINE_CURVE_WITH_KNOTS('',3,(#1465,#1466,#1467,#1468),
 .UNSPECIFIED.,.F.,.F.,(4,4),(1.56173160733213,8.17073311989929),
 .UNSPECIFIED.);
#792=B_SPLINE_CURVE_WITH_KNOTS('',1,(#1486,#1487),.UNSPECIFIED.,.F.,.F.,
(2,2),(0.,9.43737026978594),.UNSPECIFIED.);
#793=B_SPLINE_CURVE_WITH_KNOTS('',1,(#1488,#1489),.UNSPECIFIED.,.F.,.F.,
(2,2),(-7.4899979964083,0.),.UNSPECIFIED.);
#794=B_SPLINE_CURVE_WITH_KNOTS('',3,(#1490,#1491,#1492,#1493),
 .UNSPECIFIED.,.F.,.F.,(4,4),(0.,1.71843200816722),.UNSPECIFIED.);
#795=B_SPLINE_CURVE_WITH_KNOTS('',3,(#1494,#1495,#1496,#1497),
 .UNSPECIFIED.,.F.,.F.,(4,4),(0.040520781058717,3.31809574743306),
 .UNSPECIFIED.);
#796=B_SPLINE_CURVE_WITH_KNOTS('',1,(#1498,#1499),.UNSPECIFIED.,.F.,.F.,
(2,2),(2.86894580633133E-13,4.),.UNSPECIFIED.);
#797=B_SPLINE_CURVE_WITH_KNOTS('',3,(#1500,#1501,#1502,#1503),
 .UNSPECIFIED.,.F.,.F.,(4,4),(0.815023920550186,4.09259888692451),
 .UNSPECIFIED.);
#798=B_SPLINE_CURVE_WITH_KNOTS('',3,(#1504,#1505,#1506,#1507),
 .UNSPECIFIED.,.F.,.F.,(4,4),(0.,1.71843200816722),.UNSPECIFIED.);
#799=B_SPLINE_CURVE_WITH_KNOTS('',3,(#1508,#1509,#1510,#1511),
 .UNSPECIFIED.,.F.,.F.,(4,4),(1.56173160733234,8.17073311989992),
 .UNSPECIFIED.);
#800=B_SPLINE_CURVE_WITH_KNOTS('',3,(#1512,#1513,#1514,#1515),
 .UNSPECIFIED.,.F.,.F.,(4,4),(1.56173160733213,8.17073311989929),
 .UNSPECIFIED.);
#801=B_SPLINE_CURVE_WITH_KNOTS('',1,(#1533,#1534),.UNSPECIFIED.,.F.,.F.,
(2,2),(0.,9.43737026978594),.UNSPECIFIED.);
#802=B_SPLINE_CURVE_WITH_KNOTS('',1,(#1535,#1536),.UNSPECIFIED.,.F.,.F.,
(2,2),(-7.4899979964083,0.),.UNSPECIFIED.);
#803=B_SPLINE_CURVE_WITH_KNOTS('',3,(#1537,#1538,#1539,#1540),
 .UNSPECIFIED.,.F.,.F.,(4,4),(0.,1.71843200816722),.UNSPECIFIED.);
#804=B_SPLINE_CURVE_WITH_KNOTS('',3,(#1541,#1542,#1543,#1544),
 .UNSPECIFIED.,.F.,.F.,(4,4),(0.040520781058717,3.31809574743306),
 .UNSPECIFIED.);
#805=B_SPLINE_CURVE_WITH_KNOTS('',1,(#1545,#1546),.UNSPECIFIED.,.F.,.F.,
(2,2),(2.86894580633133E-13,4.),.UNSPECIFIED.);
#806=B_SPLINE_CURVE_WITH_KNOTS('',3,(#1547,#1548,#1549,#1550),
 .UNSPECIFIED.,.F.,.F.,(4,4),(0.815023920550186,4.09259888692451),
 .UNSPECIFIED.);
#807=B_SPLINE_CURVE_WITH_KNOTS('',3,(#1551,#1552,#1553,#1554),
 .UNSPECIFIED.,.F.,.F.,(4,4),(0.,1.71843200816722),.UNSPECIFIED.);
#808=B_SPLINE_CURVE_WITH_KNOTS('',3,(#1555,#1556,#1557,#1558),
 .UNSPECIFIED.,.F.,.F.,(4,4),(1.56173160733234,8.17073311989992),
 .UNSPECIFIED.);
#809=B_SPLINE_CURVE_WITH_KNOTS('',3,(#1559,#1560,#1561,#1562),
 .UNSPECIFIED.,.F.,.F.,(4,4),(1.56173160733213,8.17073311989929),
 .UNSPECIFIED.);
#810=B_SPLINE_CURVE_WITH_KNOTS('',1,(#1580,#1581),.UNSPECIFIED.,.F.,.F.,
(2,2),(0.,9.43737026978594),.UNSPECIFIED.);
#811=B_SPLINE_CURVE_WITH_KNOTS('',1,(#1582,#1583),.UNSPECIFIED.,.F.,.F.,
(2,2),(-7.4899979964083,0.),.UNSPECIFIED.);
#812=B_SPLINE_CURVE_WITH_KNOTS('',3,(#1584,#1585,#1586,#1587),
 .UNSPECIFIED.,.F.,.F.,(4,4),(0.,1.71843200816722),.UNSPECIFIED.);
#813=B_SPLINE_CURVE_WITH_KNOTS('',3,(#1588,#1589,#1590,#1591),
 .UNSPECIFIED.,.F.,.F.,(4,4),(0.040520781058717,3.31809574743306),
 .UNSPECIFIED.);
#814=B_SPLINE_CURVE_WITH_KNOTS('',1,(#1592,#1593),.UNSPECIFIED.,.F.,.F.,
(2,2),(2.86894580633133E-13,4.),.UNSPECIFIED.);
#815=B_SPLINE_CURVE_WITH_KNOTS('',3,(#1594,#1595,#1596,#1597),
 .UNSPECIFIED.,.F.,.F.,(4,4),(0.815023920550186,4.09259888692451),
 .UNSPECIFIED.);
#816=B_SPLINE_CURVE_WITH_KNOTS('',3,(#1598,#1599,#1600,#1601),
 .UNSPECIFIED.,.F.,.F.,(4,4),(0.,1.71843200816722),.UNSPECIFIED.);
#817=B_SPLINE_CURVE_WITH_KNOTS('',3,(#1602,#1603,#1604,#1605),
 .UNSPECIFIED.,.F.,.F.,(4,4),(1.56173160733234,8.17073311989992),
 .UNSPECIFIED.);
#818=B_SPLINE_CURVE_WITH_KNOTS('',3,(#1606,#1607,#1608,#1609),
 .UNSPECIFIED.,.F.,.F.,(4,4),(1.56173160733213,8.17073311989929),
 .UNSPECIFIED.);
#819=B_SPLINE_CURVE_WITH_KNOTS('',1,(#1627,#1628),.UNSPECIFIED.,.F.,.F.,
(2,2),(0.,9.43737026978594),.UNSPECIFIED.);
#820=B_SPLINE_CURVE_WITH_KNOTS('',1,(#1629,#1630),.UNSPECIFIED.,.F.,.F.,
(2,2),(-7.4899979964083,0.),.UNSPECIFIED.);
#821=B_SPLINE_CURVE_WITH_KNOTS('',3,(#1631,#1632,#1633,#1634),
 .UNSPECIFIED.,.F.,.F.,(4,4),(0.,1.71843200816722),.UNSPECIFIED.);
#822=B_SPLINE_CURVE_WITH_KNOTS('',3,(#1635,#1636,#1637,#1638),
 .UNSPECIFIED.,.F.,.F.,(4,4),(0.040520781058717,3.31809574743306),
 .UNSPECIFIED.);
#823=B_SPLINE_CURVE_WITH_KNOTS('',1,(#1639,#1640),.UNSPECIFIED.,.F.,.F.,
(2,2),(2.86894580633133E-13,4.),.UNSPECIFIED.);
#824=B_SPLINE_CURVE_WITH_KNOTS('',3,(#1641,#1642,#1643,#1644),
 .UNSPECIFIED.,.F.,.F.,(4,4),(0.815023920550186,4.09259888692451),
 .UNSPECIFIED.);
#825=B_SPLINE_CURVE_WITH_KNOTS('',3,(#1645,#1646,#1647,#1648),
 .UNSPECIFIED.,.F.,.F.,(4,4),(0.,1.71843200816722),.UNSPECIFIED.);
#826=B_SPLINE_CURVE_WITH_KNOTS('',3,(#1649,#1650,#1651,#1652),
 .UNSPECIFIED.,.F.,.F.,(4,4),(1.56173160733234,8.17073311989992),
 .UNSPECIFIED.);
#827=B_SPLINE_CURVE_WITH_KNOTS('',3,(#1653,#1654,#1655,#1656),
 .UNSPECIFIED.,.F.,.F.,(4,4),(1.56173160733213,8.17073311989929),
 .UNSPECIFIED.);
#828=B_SPLINE_CURVE_WITH_KNOTS('',1,(#1674,#1675),.UNSPECIFIED.,.F.,.F.,
(2,2),(0.,9.43737026978594),.UNSPECIFIED.);
#829=B_SPLINE_CURVE_WITH_KNOTS('',1,(#1676,#1677),.UNSPECIFIED.,.F.,.F.,
(2,2),(-7.4899979964083,0.),.UNSPECIFIED.);
#830=B_SPLINE_CURVE_WITH_KNOTS('',3,(#1678,#1679,#1680,#1681),
 .UNSPECIFIED.,.F.,.F.,(4,4),(0.,1.71843200816722),.UNSPECIFIED.);
#831=B_SPLINE_CURVE_WITH_KNOTS('',3,(#1682,#1683,#1684,#1685),
 .UNSPECIFIED.,.F.,.F.,(4,4),(0.040520781058717,3.31809574743306),
 .UNSPECIFIED.);
#832=B_SPLINE_CURVE_WITH_KNOTS('',1,(#1686,#1687),.UNSPECIFIED.,.F.,.F.,
(2,2),(2.86894580633133E-13,4.),.UNSPECIFIED.);
#833=B_SPLINE_CURVE_WITH_KNOTS('',3,(#1688,#1689,#1690,#1691),
 .UNSPECIFIED.,.F.,.F.,(4,4),(0.815023920550186,4.09259888692451),
 .UNSPECIFIED.);
#834=B_SPLINE_CURVE_WITH_KNOTS('',3,(#1692,#1693,#1694,#1695),
 .UNSPECIFIED.,.F.,.F.,(4,4),(0.,1.71843200816722),.UNSPECIFIED.);
#835=B_SPLINE_CURVE_WITH_KNOTS('',3,(#1696,#1697,#1698,#1699),
 .UNSPECIFIED.,.F.,.F.,(4,4),(1.56173160733234,8.17073311989992),
 .UNSPECIFIED.);
#836=B_SPLINE_CURVE_WITH_KNOTS('',3,(#1700,#1701,#1702,#1703),
 .UNSPECIFIED.,.F.,.F.,(4,4),(1.56173160733213,8.17073311989929),
 .UNSPECIFIED.);
#837=B_SPLINE_CURVE_WITH_KNOTS('',1,(#1721,#1722),.UNSPECIFIED.,.F.,.F.,
(2,2),(0.,9.43737026978594),.UNSPECIFIED.);
#838=B_SPLINE_CURVE_WITH_KNOTS('',1,(#1723,#1724),.UNSPECIFIED.,.F.,.F.,
(2,2),(-7.4899979964083,0.),.UNSPECIFIED.);
#839=B_SPLINE_CURVE_WITH_KNOTS('',3,(#1725,#1726,#1727,#1728),
 .UNSPECIFIED.,.F.,.F.,(4,4),(0.,1.71843200816722),.UNSPECIFIED.);
#840=B_SPLINE_CURVE_WITH_KNOTS('',3,(#1729,#1730,#1731,#1732),
 .UNSPECIFIED.,.F.,.F.,(4,4),(0.040520781058717,3.31809574743306),
 .UNSPECIFIED.);
#841=B_SPLINE_CURVE_WITH_KNOTS('',1,(#1733,#1734),.UNSPECIFIED.,.F.,.F.,
(2,2),(2.86894580633133E-13,4.),.UNSPECIFIED.);
#842=B_SPLINE_CURVE_WITH_KNOTS('',3,(#1735,#1736,#1737,#1738),
 .UNSPECIFIED.,.F.,.F.,(4,4),(0.815023920550186,4.09259888692451),
 .UNSPECIFIED.);
#843=B_SPLINE_CURVE_WITH_KNOTS('',3,(#1739,#1740,#1741,#1742),
 .UNSPECIFIED.,.F.,.F.,(4,4),(0.,1.71843200816722),.UNSPECIFIED.);
#844=B_SPLINE_CURVE_WITH_KNOTS('',3,(#1743,#1744,#1745,#1746),
 .UNSPECIFIED.,.F.,.F.,(4,4),(1.56173160733234,8.17073311989992),
 .UNSPECIFIED.);
#845=B_SPLINE_CURVE_WITH_KNOTS('',3,(#1747,#1748,#1749,#1750),
 .UNSPECIFIED.,.F.,.F.,(4,4),(1.56173160733213,8.17073311989929),
 .UNSPECIFIED.);
#846=B_SPLINE_CURVE_WITH_KNOTS('',1,(#1768,#1769),.UNSPECIFIED.,.F.,.F.,
(2,2),(0.,9.43737026978594),.UNSPECIFIED.);
#847=B_SPLINE_CURVE_WITH_KNOTS('',1,(#1770,#1771),.UNSPECIFIED.,.F.,.F.,
(2,2),(-7.4899979964083,0.),.UNSPECIFIED.);
#848=B_SPLINE_CURVE_WITH_KNOTS('',3,(#1772,#1773,#1774,#1775),
 .UNSPECIFIED.,.F.,.F.,(4,4),(0.,1.71843200816722),.UNSPECIFIED.);
#849=B_SPLINE_CURVE_WITH_KNOTS('',3,(#1776,#1777,#1778,#1779),
 .UNSPECIFIED.,.F.,.F.,(4,4),(0.040520781058717,3.31809574743306),
 .UNSPECIFIED.);
#850=B_SPLINE_CURVE_WITH_KNOTS('',1,(#1780,#1781),.UNSPECIFIED.,.F.,.F.,
(2,2),(2.86894580633133E-13,4.),.UNSPECIFIED.);
#851=B_SPLINE_CURVE_WITH_KNOTS('',3,(#1782,#1783,#1784,#1785),
 .UNSPECIFIED.,.F.,.F.,(4,4),(0.815023920550186,4.09259888692451),
 .UNSPECIFIED.);
#852=B_SPLINE_CURVE_WITH_KNOTS('',3,(#1786,#1787,#1788,#1789),
 .UNSPECIFIED.,.F.,.F.,(4,4),(0.,1.71843200816722),.UNSPECIFIED.);
#853=B_SPLINE_CURVE_WITH_KNOTS('',3,(#1790,#1791,#1792,#1793),
 .UNSPECIFIED.,.F.,.F.,(4,4),(1.56173160733234,8.17073311989992),
 .UNSPECIFIED.);
#854=B_SPLINE_CURVE_WITH_KNOTS('',3,(#1794,#1795,#1796,#1797),
 .UNSPECIFIED.,.F.,.F.,(4,4),(1.56173160733213,8.17073311989929),
 .UNSPECIFIED.);
#855=B_SPLINE_CURVE_WITH_KNOTS('',1,(#1815,#1816),.UNSPECIFIED.,.F.,.F.,
(2,2),(0.,9.43737026978594),.UNSPECIFIED.);
#856=B_SPLINE_CURVE_WITH_KNOTS('',1,(#1817,#1818),.UNSPECIFIED.,.F.,.F.,
(2,2),(-7.4899979964083,0.),.UNSPECIFIED.);
#857=B_SPLINE_CURVE_WITH_KNOTS('',3,(#1819,#1820,#1821,#1822),
 .UNSPECIFIED.,.F.,.F.,(4,4),(0.,1.71843200816722),.UNSPECIFIED.);
#858=B_SPLINE_CURVE_WITH_KNOTS('',3,(#1823,#1824,#1825,#1826),
 .UNSPECIFIED.,.F.,.F.,(4,4),(0.040520781058717,3.31809574743306),
 .UNSPECIFIED.);
#859=B_SPLINE_CURVE_WITH_KNOTS('',1,(#1827,#1828),.UNSPECIFIED.,.F.,.F.,
(2,2),(2.86894580633133E-13,4.),.UNSPECIFIED.);
#860=B_SPLINE_CURVE_WITH_KNOTS('',3,(#1829,#1830,#1831,#1832),
 .UNSPECIFIED.,.F.,.F.,(4,4),(0.815023920550186,4.09259888692451),
 .UNSPECIFIED.);
#861=B_SPLINE_CURVE_WITH_KNOTS('',3,(#1833,#1834,#1835,#1836),
 .UNSPECIFIED.,.F.,.F.,(4,4),(0.,1.71843200816722),.UNSPECIFIED.);
#862=B_SPLINE_CURVE_WITH_KNOTS('',3,(#1837,#1838,#1839,#1840),
 .UNSPECIFIED.,.F.,.F.,(4,4),(1.56173160733234,8.17073311989992),
 .UNSPECIFIED.);
#863=B_SPLINE_CURVE_WITH_KNOTS('',3,(#1841,#1842,#1843,#1844),
 .UNSPECIFIED.,.F.,.F.,(4,4),(1.56173160733213,8.17073311989929),
 .UNSPECIFIED.);
#864=B_SPLINE_CURVE_WITH_KNOTS('',1,(#1862,#1863),.UNSPECIFIED.,.F.,.F.,
(2,2),(0.,9.43737026978594),.UNSPECIFIED.);
#865=B_SPLINE_CURVE_WITH_KNOTS('',1,(#1864,#1865),.UNSPECIFIED.,.F.,.F.,
(2,2),(-7.4899979964083,0.),.UNSPECIFIED.);
#866=B_SPLINE_CURVE_WITH_KNOTS('',3,(#1866,#1867,#1868,#1869),
 .UNSPECIFIED.,.F.,.F.,(4,4),(0.,1.71843200816722),.UNSPECIFIED.);
#867=B_SPLINE_CURVE_WITH_KNOTS('',3,(#1870,#1871,#1872,#1873),
 .UNSPECIFIED.,.F.,.F.,(4,4),(0.040520781058717,3.31809574743306),
 .UNSPECIFIED.);
#868=B_SPLINE_CURVE_WITH_KNOTS('',1,(#1874,#1875),.UNSPECIFIED.,.F.,.F.,
(2,2),(2.86894580633133E-13,4.),.UNSPECIFIED.);
#869=B_SPLINE_CURVE_WITH_KNOTS('',3,(#1876,#1877,#1878,#1879),
 .UNSPECIFIED.,.F.,.F.,(4,4),(0.815023920550186,4.09259888692451),
 .UNSPECIFIED.);
#870=B_SPLINE_CURVE_WITH_KNOTS('',3,(#1880,#1881,#1882,#1883),
 .UNSPECIFIED.,.F.,.F.,(4,4),(0.,1.71843200816722),.UNSPECIFIED.);
#871=B_SPLINE_CURVE_WITH_KNOTS('',3,(#1884,#1885,#1886,#1887),
 .UNSPECIFIED.,.F.,.F.,(4,4),(1.56173160733234,8.17073311989992),
 .UNSPECIFIED.);
#872=B_SPLINE_CURVE_WITH_KNOTS('',3,(#1888,#1889,#1890,#1891),
 .UNSPECIFIED.,.F.,.F.,(4,4),(1.56173160733213,8.17073311989929),
 .UNSPECIFIED.);
#873=B_SPLINE_CURVE_WITH_KNOTS('',1,(#1909,#1910),.UNSPECIFIED.,.F.,.F.,
(2,2),(0.,9.43737026978594),.UNSPECIFIED.);
#874=B_SPLINE_CURVE_WITH_KNOTS('',1,(#1911,#1912),.UNSPECIFIED.,.F.,.F.,
(2,2),(-7.4899979964083,0.),.UNSPECIFIED.);
#875=B_SPLINE_CURVE_WITH_KNOTS('',3,(#1913,#1914,#1915,#1916),
 .UNSPECIFIED.,.F.,.F.,(4,4),(0.,1.71843200816722),.UNSPECIFIED.);
#876=B_SPLINE_CURVE_WITH_KNOTS('',3,(#1917,#1918,#1919,#1920),
 .UNSPECIFIED.,.F.,.F.,(4,4),(0.040520781058717,3.31809574743306),
 .UNSPECIFIED.);
#877=B_SPLINE_CURVE_WITH_KNOTS('',1,(#1921,#1922),.UNSPECIFIED.,.F.,.F.,
(2,2),(2.86894580633133E-13,4.),.UNSPECIFIED.);
#878=B_SPLINE_CURVE_WITH_KNOTS('',3,(#1923,#1924,#1925,#1926),
 .UNSPECIFIED.,.F.,.F.,(4,4),(0.815023920550186,4.09259888692451),
 .UNSPECIFIED.);
#879=B_SPLINE_CURVE_WITH_KNOTS('',3,(#1927,#1928,#1929,#1930),
 .UNSPECIFIED.,.F.,.F.,(4,4),(0.,1.71843200816722),.UNSPECIFIED.);
#880=B_SPLINE_CURVE_WITH_KNOTS('',3,(#1931,#1932,#1933,#1934),
 .UNSPECIFIED.,.F.,.F.,(4,4),(1.56173160733234,8.17073311989992),
 .UNSPECIFIED.);
#881=B_SPLINE_CURVE_WITH_KNOTS('',3,(#1935,#1936,#1937,#1938),
 .UNSPECIFIED.,.F.,.F.,(4,4),(1.56173160733213,8.17073311989929),
 .UNSPECIFIED.);
#882=B_SPLINE_CURVE_WITH_KNOTS('',1,(#1956,#1957),.UNSPECIFIED.,.F.,.F.,
(2,2),(0.,9.43737026978594),.UNSPECIFIED.);
#883=B_SPLINE_CURVE_WITH_KNOTS('',1,(#1958,#1959),.UNSPECIFIED.,.F.,.F.,
(2,2),(-7.4899979964083,0.),.UNSPECIFIED.);
#884=B_SPLINE_CURVE_WITH_KNOTS('',3,(#1960,#1961,#1962,#1963),
 .UNSPECIFIED.,.F.,.F.,(4,4),(0.,1.71843200816722),.UNSPECIFIED.);
#885=B_SPLINE_CURVE_WITH_KNOTS('',3,(#1964,#1965,#1966,#1967),
 .UNSPECIFIED.,.F.,.F.,(4,4),(0.040520781058717,3.31809574743306),
 .UNSPECIFIED.);
#886=B_SPLINE_CURVE_WITH_KNOTS('',1,(#1968,#1969),.UNSPECIFIED.,.F.,.F.,
(2,2),(2.86894580633133E-13,4.),.UNSPECIFIED.);
#887=B_SPLINE_CURVE_WITH_KNOTS('',3,(#1970,#1971,#1972,#1973),
 .UNSPECIFIED.,.F.,.F.,(4,4),(0.815023920550186,4.09259888692451),
 .UNSPECIFIED.);
#888=B_SPLINE_CURVE_WITH_KNOTS('',3,(#1974,#1975,#1976,#1977),
 .UNSPECIFIED.,.F.,.F.,(4,4),(0.,1.71843200816722),.UNSPECIFIED.);
#889=B_SPLINE_CURVE_WITH_KNOTS('',3,(#1978,#1979,#1980,#1981),
 .UNSPECIFIED.,.F.,.F.,(4,4),(1.56173160733234,8.17073311989992),
 .UNSPECIFIED.);
#890=B_SPLINE_CURVE_WITH_KNOTS('',3,(#1982,#1983,#1984,#1985),
 .UNSPECIFIED.,.F.,.F.,(4,4),(1.56173160733213,8.17073311989929),
 .UNSPECIFIED.);
#891=B_SPLINE_CURVE_WITH_KNOTS('',1,(#2003,#2004),.UNSPECIFIED.,.F.,.F.,
(2,2),(0.,9.43737026978594),.UNSPECIFIED.);
#892=B_SPLINE_CURVE_WITH_KNOTS('',1,(#2005,#2006),.UNSPECIFIED.,.F.,.F.,
(2,2),(-7.4899979964083,0.),.UNSPECIFIED.);
#893=B_SPLINE_CURVE_WITH_KNOTS('',3,(#2007,#2008,#2009,#2010),
 .UNSPECIFIED.,.F.,.F.,(4,4),(0.,1.71843200816722),.UNSPECIFIED.);
#894=B_SPLINE_CURVE_WITH_KNOTS('',3,(#2011,#2012,#2013,#2014),
 .UNSPECIFIED.,.F.,.F.,(4,4),(0.040520781058717,3.31809574743306),
 .UNSPECIFIED.);
#895=B_SPLINE_CURVE_WITH_KNOTS('',1,(#2015,#2016),.UNSPECIFIED.,.F.,.F.,
(2,2),(2.86894580633133E-13,4.),.UNSPECIFIED.);
#896=B_SPLINE_CURVE_WITH_KNOTS('',3,(#2017,#2018,#2019,#2020),
 .UNSPECIFIED.,.F.,.F.,(4,4),(0.815023920550186,4.09259888692451),
 .UNSPECIFIED.);
#897=B_SPLINE_CURVE_WITH_KNOTS('',3,(#2021,#2022,#2023,#2024),
 .UNSPECIFIED.,.F.,.F.,(4,4),(0.,1.71843200816722),.UNSPECIFIED.);
#898=B_SPLINE_CURVE_WITH_KNOTS('',3,(#2025,#2026,#2027,#2028),
 .UNSPECIFIED.,.F.,.F.,(4,4),(1.56173160733234,8.17073311989992),
 .UNSPECIFIED.);
#899=B_SPLINE_CURVE_WITH_KNOTS('',3,(#2029,#2030,#2031,#2032),
 .UNSPECIFIED.,.F.,.F.,(4,4),(1.56173160733213,8.17073311989929),
 .UNSPECIFIED.);
#900=B_SPLINE_CURVE_WITH_KNOTS('',1,(#2050,#2051),.UNSPECIFIED.,.F.,.F.,
(2,2),(0.,9.43737026978594),.UNSPECIFIED.);
#901=B_SPLINE_CURVE_WITH_KNOTS('',1,(#2052,#2053),.UNSPECIFIED.,.F.,.F.,
(2,2),(-7.4899979964083,0.),.UNSPECIFIED.);
#902=B_SPLINE_CURVE_WITH_KNOTS('',3,(#2054,#2055,#2056,#2057),
 .UNSPECIFIED.,.F.,.F.,(4,4),(0.,1.71843200816722),.UNSPECIFIED.);
#903=B_SPLINE_CURVE_WITH_KNOTS('',3,(#2058,#2059,#2060,#2061),
 .UNSPECIFIED.,.F.,.F.,(4,4),(0.040520781058717,3.31809574743306),
 .UNSPECIFIED.);
#904=B_SPLINE_CURVE_WITH_KNOTS('',1,(#2062,#2063),.UNSPECIFIED.,.F.,.F.,
(2,2),(2.86894580633133E-13,4.),.UNSPECIFIED.);
#905=B_SPLINE_CURVE_WITH_KNOTS('',3,(#2064,#2065,#2066,#2067),
 .UNSPECIFIED.,.F.,.F.,(4,4),(0.815023920550186,4.09259888692451),
 .UNSPECIFIED.);
#906=B_SPLINE_CURVE_WITH_KNOTS('',3,(#2068,#2069,#2070,#2071),
 .UNSPECIFIED.,.F.,.F.,(4,4),(0.,1.71843200816722),.UNSPECIFIED.);
#907=B_SPLINE_CURVE_WITH_KNOTS('',3,(#2072,#2073,#2074,#2075),
 .UNSPECIFIED.,.F.,.F.,(4,4),(1.56173160733234,8.17073311989992),
 .UNSPECIFIED.);
#908=B_SPLINE_CURVE_WITH_KNOTS('',3,(#2076,#2077,#2078,#2079),
 .UNSPECIFIED.,.F.,.F.,(4,4),(1.56173160733213,8.17073311989929),
 .UNSPECIFIED.);
#909=VERTEX_POINT('',#1340);
#910=VERTEX_POINT('',#1341);
#911=VERTEX_POINT('',#1342);
#912=VERTEX_POINT('',#1343);
#913=VERTEX_POINT('',#1344);
#914=VERTEX_POINT('',#1387);
#915=VERTEX_POINT('',#1388);
#916=VERTEX_POINT('',#1389);
#917=VERTEX_POINT('',#1390);
#918=VERTEX_POINT('',#1391);
#919=VERTEX_POINT('',#1434);
#920=VERTEX_POINT('',#1435);
#921=VERTEX_POINT('',#1436);
#922=VERTEX_POINT('',#1437);
#923=VERTEX_POINT('',#1438);
#924=VERTEX_POINT('',#1481);
#925=VERTEX_POINT('',#1482);
#926=VERTEX_POINT('',#1483);
#927=VERTEX_POINT('',#1484);
#928=VERTEX_POINT('',#1485);
#929=VERTEX_POINT('',#1528);
#930=VERTEX_POINT('',#1529);
#931=VERTEX_POINT('',#1530);
#932=VERTEX_POINT('',#1531);
#933=VERTEX_POINT('',#1532);
#934=VERTEX_POINT('',#1575);
#935=VERTEX_POINT('',#1576);
#936=VERTEX_POINT('',#1577);
#937=VERTEX_POINT('',#1578);
#938=VERTEX_POINT('',#1579);
#939=VERTEX_POINT('',#1622);
#940=VERTEX_POINT('',#1623);
#941=VERTEX_POINT('',#1624);
#942=VERTEX_POINT('',#1625);
#943=VERTEX_POINT('',#1626);
#944=VERTEX_POINT('',#1669);
#945=VERTEX_POINT('',#1670);
#946=VERTEX_POINT('',#1671);
#947=VERTEX_POINT('',#1672);
#948=VERTEX_POINT('',#1673);
#949=VERTEX_POINT('',#1716);
#950=VERTEX_POINT('',#1717);
#951=VERTEX_POINT('',#1718);
#952=VERTEX_POINT('',#1719);
#953=VERTEX_POINT('',#1720);
#954=VERTEX_POINT('',#1763);
#955=VERTEX_POINT('',#1764);
#956=VERTEX_POINT('',#1765);
#957=VERTEX_POINT('',#1766);
#958=VERTEX_POINT('',#1767);
#959=VERTEX_POINT('',#1810);
#960=VERTEX_POINT('',#1811);
#961=VERTEX_POINT('',#1812);
#962=VERTEX_POINT('',#1813);
#963=VERTEX_POINT('',#1814);
#964=VERTEX_POINT('',#1857);
#965=VERTEX_POINT('',#1858);
#966=VERTEX_POINT('',#1859);
#967=VERTEX_POINT('',#1860);
#968=VERTEX_POINT('',#1861);
#969=VERTEX_POINT('',#1904);
#970=VERTEX_POINT('',#1905);
#971=VERTEX_POINT('',#1906);
#972=VERTEX_POINT('',#1907);
#973=VERTEX_POINT('',#1908);
#974=VERTEX_POINT('',#1951);
#975=VERTEX_POINT('',#1952);
#976=VERTEX_POINT('',#1953);
#977=VERTEX_POINT('',#1954);
#978=VERTEX_POINT('',#1955);
#979=VERTEX_POINT('',#1998);
#980=VERTEX_POINT('',#1999);
#981=VERTEX_POINT('',#2000);
#982=VERTEX_POINT('',#2001);
#983=VERTEX_POINT('',#2002);
#984=VERTEX_POINT('',#2045);
#985=VERTEX_POINT('',#2046);
#986=VERTEX_POINT('',#2047);
#987=VERTEX_POINT('',#2048);
#988=VERTEX_POINT('',#2049);
#989=B_SPLINE_SURFACE_WITH_KNOTS('',1,1,((#1329,#1330),(#1331,#1332)),
 .UNSPECIFIED.,.F.,.F.,.F.,(2,2),(2,2),(0.,4.01405684332278),(0.,7.4899979964083),
 .UNSPECIFIED.);
#990=B_SPLINE_SURFACE_WITH_KNOTS('',1,1,((#1336,#1337),(#1338,#1339)),
 .UNSPECIFIED.,.F.,.F.,.F.,(2,2),(2,2),(0.,4.01405684332278),(0.,9.44333680170658),
 .UNSPECIFIED.);
#991=B_SPLINE_SURFACE_WITH_KNOTS('',1,1,((#1376,#1377),(#1378,#1379)),
 .UNSPECIFIED.,.F.,.F.,.F.,(2,2),(2,2),(0.,4.01405684332278),(0.,7.4899979964083),
 .UNSPECIFIED.);
#992=B_SPLINE_SURFACE_WITH_KNOTS('',1,1,((#1383,#1384),(#1385,#1386)),
 .UNSPECIFIED.,.F.,.F.,.F.,(2,2),(2,2),(0.,4.01405684332278),(0.,9.44333680170658),
 .UNSPECIFIED.);
#993=B_SPLINE_SURFACE_WITH_KNOTS('',1,1,((#1423,#1424),(#1425,#1426)),
 .UNSPECIFIED.,.F.,.F.,.F.,(2,2),(2,2),(0.,4.01405684332278),(0.,7.4899979964083),
 .UNSPECIFIED.);
#994=B_SPLINE_SURFACE_WITH_KNOTS('',1,1,((#1430,#1431),(#1432,#1433)),
 .UNSPECIFIED.,.F.,.F.,.F.,(2,2),(2,2),(0.,4.01405684332278),(0.,9.44333680170658),
 .UNSPECIFIED.);
#995=B_SPLINE_SURFACE_WITH_KNOTS('',1,1,((#1470,#1471),(#1472,#1473)),
 .UNSPECIFIED.,.F.,.F.,.F.,(2,2),(2,2),(0.,4.01405684332278),(0.,7.4899979964083),
 .UNSPECIFIED.);
#996=B_SPLINE_SURFACE_WITH_KNOTS('',1,1,((#1477,#1478),(#1479,#1480)),
 .UNSPECIFIED.,.F.,.F.,.F.,(2,2),(2,2),(0.,4.01405684332278),(0.,9.44333680170658),
 .UNSPECIFIED.);
#997=B_SPLINE_SURFACE_WITH_KNOTS('',1,1,((#1517,#1518),(#1519,#1520)),
 .UNSPECIFIED.,.F.,.F.,.F.,(2,2),(2,2),(0.,4.01405684332278),(0.,7.4899979964083),
 .UNSPECIFIED.);
#998=B_SPLINE_SURFACE_WITH_KNOTS('',1,1,((#1524,#1525),(#1526,#1527)),
 .UNSPECIFIED.,.F.,.F.,.F.,(2,2),(2,2),(0.,4.01405684332278),(0.,9.44333680170658),
 .UNSPECIFIED.);
#999=B_SPLINE_SURFACE_WITH_KNOTS('',1,1,((#1564,#1565),(#1566,#1567)),
 .UNSPECIFIED.,.F.,.F.,.F.,(2,2),(2,2),(0.,4.01405684332278),(0.,7.4899979964083),
 .UNSPECIFIED.);
#1000=B_SPLINE_SURFACE_WITH_KNOTS('',1,1,((#1571,#1572),(#1573,#1574)),
 .UNSPECIFIED.,.F.,.F.,.F.,(2,2),(2,2),(0.,4.01405684332278),(0.,9.44333680170658),
 .UNSPECIFIED.);
#1001=B_SPLINE_SURFACE_WITH_KNOTS('',1,1,((#1611,#1612),(#1613,#1614)),
 .UNSPECIFIED.,.F.,.F.,.F.,(2,2),(2,2),(0.,4.01405684332278),(0.,7.4899979964083),
 .UNSPECIFIED.);
#1002=B_SPLINE_SURFACE_WITH_KNOTS('',1,1,((#1618,#1619),(#1620,#1621)),
 .UNSPECIFIED.,.F.,.F.,.F.,(2,2),(2,2),(0.,4.01405684332278),(0.,9.44333680170658),
 .UNSPECIFIED.);
#1003=B_SPLINE_SURFACE_WITH_KNOTS('',1,1,((#1658,#1659),(#1660,#1661)),
 .UNSPECIFIED.,.F.,.F.,.F.,(2,2),(2,2),(0.,4.01405684332278),(0.,7.4899979964083),
 .UNSPECIFIED.);
#1004=B_SPLINE_SURFACE_WITH_KNOTS('',1,1,((#1665,#1666),(#1667,#1668)),
 .UNSPECIFIED.,.F.,.F.,.F.,(2,2),(2,2),(0.,4.01405684332278),(0.,9.44333680170658),
 .UNSPECIFIED.);
#1005=B_SPLINE_SURFACE_WITH_KNOTS('',1,1,((#1705,#1706),(#1707,#1708)),
 .UNSPECIFIED.,.F.,.F.,.F.,(2,2),(2,2),(0.,4.01405684332278),(0.,7.4899979964083),
 .UNSPECIFIED.);
#1006=B_SPLINE_SURFACE_WITH_KNOTS('',1,1,((#1712,#1713),(#1714,#1715)),
 .UNSPECIFIED.,.F.,.F.,.F.,(2,2),(2,2),(0.,4.01405684332278),(0.,9.44333680170658),
 .UNSPECIFIED.);
#1007=B_SPLINE_SURFACE_WITH_KNOTS('',1,1,((#1752,#1753),(#1754,#1755)),
 .UNSPECIFIED.,.F.,.F.,.F.,(2,2),(2,2),(0.,4.01405684332278),(0.,7.4899979964083),
 .UNSPECIFIED.);
#1008=B_SPLINE_SURFACE_WITH_KNOTS('',1,1,((#1759,#1760),(#1761,#1762)),
 .UNSPECIFIED.,.F.,.F.,.F.,(2,2),(2,2),(0.,4.01405684332278),(0.,9.44333680170658),
 .UNSPECIFIED.);
#1009=B_SPLINE_SURFACE_WITH_KNOTS('',1,1,((#1799,#1800),(#1801,#1802)),
 .UNSPECIFIED.,.F.,.F.,.F.,(2,2),(2,2),(0.,4.01405684332278),(0.,7.4899979964083),
 .UNSPECIFIED.);
#1010=B_SPLINE_SURFACE_WITH_KNOTS('',1,1,((#1806,#1807),(#1808,#1809)),
 .UNSPECIFIED.,.F.,.F.,.F.,(2,2),(2,2),(0.,4.01405684332278),(0.,9.44333680170658),
 .UNSPECIFIED.);
#1011=B_SPLINE_SURFACE_WITH_KNOTS('',1,1,((#1846,#1847),(#1848,#1849)),
 .UNSPECIFIED.,.F.,.F.,.F.,(2,2),(2,2),(0.,4.01405684332278),(0.,7.4899979964083),
 .UNSPECIFIED.);
#1012=B_SPLINE_SURFACE_WITH_KNOTS('',1,1,((#1853,#1854),(#1855,#1856)),
 .UNSPECIFIED.,.F.,.F.,.F.,(2,2),(2,2),(0.,4.01405684332278),(0.,9.44333680170658),
 .UNSPECIFIED.);
#1013=B_SPLINE_SURFACE_WITH_KNOTS('',1,1,((#1893,#1894),(#1895,#1896)),
 .UNSPECIFIED.,.F.,.F.,.F.,(2,2),(2,2),(0.,4.01405684332278),(0.,7.4899979964083),
 .UNSPECIFIED.);
#1014=B_SPLINE_SURFACE_WITH_KNOTS('',1,1,((#1900,#1901),(#1902,#1903)),
 .UNSPECIFIED.,.F.,.F.,.F.,(2,2),(2,2),(0.,4.01405684332278),(0.,9.44333680170658),
 .UNSPECIFIED.);
#1015=B_SPLINE_SURFACE_WITH_KNOTS('',1,1,((#1940,#1941),(#1942,#1943)),
 .UNSPECIFIED.,.F.,.F.,.F.,(2,2),(2,2),(0.,4.01405684332278),(0.,7.4899979964083),
 .UNSPECIFIED.);
#1016=B_SPLINE_SURFACE_WITH_KNOTS('',1,1,((#1947,#1948),(#1949,#1950)),
 .UNSPECIFIED.,.F.,.F.,.F.,(2,2),(2,2),(0.,4.01405684332278),(0.,9.44333680170658),
 .UNSPECIFIED.);
#1017=B_SPLINE_SURFACE_WITH_KNOTS('',1,1,((#1987,#1988),(#1989,#1990)),
 .UNSPECIFIED.,.F.,.F.,.F.,(2,2),(2,2),(0.,4.01405684332278),(0.,7.4899979964083),
 .UNSPECIFIED.);
#1018=B_SPLINE_SURFACE_WITH_KNOTS('',1,1,((#1994,#1995),(#1996,#1997)),
 .UNSPECIFIED.,.F.,.F.,.F.,(2,2),(2,2),(0.,4.01405684332278),(0.,9.44333680170658),
 .UNSPECIFIED.);
#1019=B_SPLINE_SURFACE_WITH_KNOTS('',1,1,((#2034,#2035),(#2036,#2037)),
 .UNSPECIFIED.,.F.,.F.,.F.,(2,2),(2,2),(0.,4.01405684332278),(0.,7.4899979964083),
 .UNSPECIFIED.);
#1020=B_SPLINE_SURFACE_WITH_KNOTS('',1,1,((#2041,#2042),(#2043,#2044)),
 .UNSPECIFIED.,.F.,.F.,.F.,(2,2),(2,2),(0.,4.01405684332278),(0.,9.44333680170658),
 .UNSPECIFIED.);
#1021=PLANE('',#1175);
#1022=PLANE('',#1176);
#1023=PLANE('',#1177);
#1024=PLANE('',#1178);
#1025=PLANE('',#1179);
#1026=PLANE('',#1180);
#1027=PLANE('',#1181);
#1028=PLANE('',#1182);
#1029=PLANE('',#1183);
#1030=PLANE('',#1184);
#1031=PLANE('',#1185);
#1032=PLANE('',#1186);
#1033=PLANE('',#1187);
#1034=PLANE('',#1188);
#1035=PLANE('',#1189);
#1036=PLANE('',#1190);
#1037=PLANE('',#1191);
#1038=PLANE('',#1192);
#1039=PLANE('',#1193);
#1040=PLANE('',#1194);
#1041=PLANE('',#1195);
#1042=PLANE('',#1196);
#1043=PLANE('',#1197);
#1044=PLANE('',#1198);
#1045=PLANE('',#1199);
#1046=PLANE('',#1200);
#1047=PLANE('',#1201);
#1048=PLANE('',#1202);
#1049=PLANE('',#1203);
#1050=PLANE('',#1204);
#1051=PLANE('',#1205);
#1052=PLANE('',#1206);
#1053=PLANE('',#1207);
#1054=PLANE('',#1208);
#1055=PLANE('',#1209);
#1056=PLANE('',#1210);
#1057=PLANE('',#1211);
#1058=PLANE('',#1212);
#1059=PLANE('',#1213);
#1060=PLANE('',#1214);
#1061=PLANE('',#1215);
#1062=PLANE('',#1216);
#1063=PLANE('',#1217);
#1064=PLANE('',#1218);
#1065=PLANE('',#1219);
#1066=PLANE('',#1220);
#1067=PLANE('',#1221);
#1068=PLANE('',#1222);
#1069=PLANE('',#1223);
#1070=PLANE('',#1224);
#1071=PLANE('',#1225);
#1072=PLANE('',#1226);
#1073=PLANE('',#1227);
#1074=PLANE('',#1228);
#1075=PLANE('',#1229);
#1076=PLANE('',#1230);
#1077=PLANE('',#1231);
#1078=PLANE('',#1232);
#1079=PLANE('',#1233);
#1080=PLANE('',#1234);
#1081=PLANE('',#1235);
#1082=PLANE('',#1236);
#1083=PLANE('',#1237);
#1084=PLANE('',#1238);
#1085=GEOMETRIC_CURVE_SET('curve_set_0',(#1312,#1313,#1314,#1315,#1316,
#1317,#1318,#1319,#1320,#1321,#1322,#1323,#1324,#1325,#1326,#1327));
#1086=GEOMETRICALLY_BOUNDED_WIREFRAME_SHAPE_REPRESENTATION(
'wireframe_rep_0',(#1085,#1239),#1172);
#1087=SHAPE_DEFINITION_REPRESENTATION(#1088,#1173);
#1088=PRODUCT_DEFINITION_SHAPE('Document','',#1090);
#1089=PRODUCT_DEFINITION_CONTEXT('3D Mechanical Parts',#1162,'design');
#1090=PRODUCT_DEFINITION('A','First version',#1132,#1089);
#1091=DATE_TIME_ROLE('classification_date');
#1092=DATE_TIME_ROLE('creation_date');
#1093=APPLIED_DATE_AND_TIME_ASSIGNMENT(#1117,#1091,(#1096));
#1094=APPLIED_DATE_AND_TIME_ASSIGNMENT(#1119,#1092,(#1090));
#1095=SECURITY_CLASSIFICATION_LEVEL('unclassified');
#1096=SECURITY_CLASSIFICATION('A','Security for version',#1095);
#1097=APPLIED_SECURITY_CLASSIFICATION_ASSIGNMENT(#1096,(#1132));
#1098=APPROVAL_ROLE('Version approval');
#1099=APPROVAL_ROLE('Version Security approval');
#1100=APPROVAL_ROLE('Definition approval');
#1101=APPROVAL_PERSON_ORGANIZATION(#1150,#1126,#1098);
#1102=APPROVAL_PERSON_ORGANIZATION(#1151,#1127,#1099);
#1103=APPROVAL_PERSON_ORGANIZATION(#1154,#1128,#1100);
#1104=COORDINATED_UNIVERSAL_TIME_OFFSET(5,0,.BEHIND.);
#1105=LOCAL_TIME(0,0,0.,#1104);
#1106=LOCAL_TIME(0,0,0.,#1104);
#1107=LOCAL_TIME(0,0,0.,#1104);
#1108=LOCAL_TIME(0,0,0.,#1104);
#1109=LOCAL_TIME(0,0,0.,#1104);
#1110=CALENDAR_DATE(1999,1,1);
#1111=CALENDAR_DATE(1999,1,1);
#1112=CALENDAR_DATE(1999,1,1);
#1113=CALENDAR_DATE(1999,1,1);
#1114=CALENDAR_DATE(1999,1,1);
#1115=DATE_AND_TIME(#1110,#1105);
#1116=DATE_AND_TIME(#1111,#1106);
#1117=DATE_AND_TIME(#1112,#1107);
#1118=DATE_AND_TIME(#1113,#1108);
#1119=DATE_AND_TIME(#1114,#1109);
#1120=APPROVAL_DATE_TIME(#1115,#1126);
#1121=APPROVAL_DATE_TIME(#1116,#1127);
#1122=APPROVAL_DATE_TIME(#1118,#1128);
#1123=APPROVAL_STATUS('not_yet_approved');
#1124=APPROVAL_STATUS('not_yet_approved');
#1125=APPROVAL_STATUS('approved');
#1126=APPROVAL(#1123,'Version approval');
#1127=APPROVAL(#1124,'Version Security approval');
#1128=APPROVAL(#1125,'Definition approval');
#1129=APPLIED_APPROVAL_ASSIGNMENT(#1126,(#1132));
#1130=APPLIED_APPROVAL_ASSIGNMENT(#1127,(#1096));
#1131=APPLIED_APPROVAL_ASSIGNMENT(#1128,(#1090));
#1132=PRODUCT_DEFINITION_FORMATION_WITH_SPECIFIED_SOURCE('A',
'First version',#1164,.MADE.);
#1133=PERSON_AND_ORGANIZATION_ROLE('design_owner');
#1134=PERSON_AND_ORGANIZATION_ROLE('creator');
#1135=PERSON_AND_ORGANIZATION_ROLE('design_supplier');
#1136=PERSON_AND_ORGANIZATION_ROLE('classification_officer');
#1137=PERSON_AND_ORGANIZATION_ROLE('creator');
#1138=ORGANIZATION('STI','lab','lab');
#1139=ORGANIZATION('STI','unknown','unknown');
#1140=ORGANIZATION('STI','unknown','unknown');
#1141=ORGANIZATION('STI','unknown','unknown');
#1142=ORGANIZATION('STI','unknown','unknown');
#1143=ORGANIZATION('STI','unknown','unknown');
#1144=ORGANIZATION('STI','unknown','unknown');
#1145=PERSON('1','Box','vc60',$,$,$);
#1146=PERSON('2','last','first',$,$,$);
#1147=PERSON('3','President','Mr.',$,$,$);
#1148=PERSON_AND_ORGANIZATION(#1145,#1138);
#1149=PERSON_AND_ORGANIZATION(#1146,#1139);
#1150=PERSON_AND_ORGANIZATION(#1147,#1140);
#1151=PERSON_AND_ORGANIZATION(#1147,#1141);
#1152=PERSON_AND_ORGANIZATION(#1147,#1142);
#1153=PERSON_AND_ORGANIZATION(#1146,#1143);
#1154=PERSON_AND_ORGANIZATION(#1147,#1144);
#1155=APPLIED_PERSON_AND_ORGANIZATION_ASSIGNMENT(#1148,#1133,(#1164));
#1156=APPLIED_PERSON_AND_ORGANIZATION_ASSIGNMENT(#1149,#1134,(#1132));
#1157=APPLIED_PERSON_AND_ORGANIZATION_ASSIGNMENT(#1149,#1135,(#1132));
#1158=APPLIED_PERSON_AND_ORGANIZATION_ASSIGNMENT(#1152,#1136,(#1096));
#1159=APPLIED_PERSON_AND_ORGANIZATION_ASSIGNMENT(#1153,#1137,(#1090));
#1160=PRODUCT_RELATED_PRODUCT_CATEGORY('detail','detail',(#1164));
#1161=APPLICATION_PROTOCOL_DEFINITION('International Standard',
'config_control_design',1994,#1162);
#1162=APPLICATION_CONTEXT(
'configuration controlled 3d designs of mechanical parts and assemblie
s');
#1163=PRODUCT_CONTEXT('3D Mechanical Parts',#1162,'mechanical');
#1164=PRODUCT('Document','Document','Rhino converted to STEP',(#1163));
#1165=(
LENGTH_UNIT()
NAMED_UNIT(*)
SI_UNIT(.MILLI.,.METRE.)
);
#1166=(
NAMED_UNIT(*)
PLANE_ANGLE_UNIT()
SI_UNIT($,.RADIAN.)
);
#1167=DIMENSIONAL_EXPONENTS(0.,0.,0.,0.,0.,0.,0.);
#1168=PLANE_ANGLE_MEASURE_WITH_UNIT(PLANE_ANGLE_MEASURE(0.01745329252),
#1166);
#1169=(
CONVERSION_BASED_UNIT('DEGREES',#1168)
NAMED_UNIT(#1167)
PLANE_ANGLE_UNIT()
);
#1170=(
NAMED_UNIT(*)
SI_UNIT($,.STERADIAN.)
SOLID_ANGLE_UNIT()
);
#1171=UNCERTAINTY_MEASURE_WITH_UNIT(LENGTH_MEASURE(0.001),#1165,
'DISTANCE_ACCURACY_VALUE',
'Maximum model space distance between geometric entities at asserted c
onnectivities');
#1172=(
GEOMETRIC_REPRESENTATION_CONTEXT(3)
GLOBAL_UNCERTAINTY_ASSIGNED_CONTEXT((#1171))
GLOBAL_UNIT_ASSIGNED_CONTEXT((#1170,#1169,#1165))
REPRESENTATION_CONTEXT('ID1','3D')
);
#1173=SHAPE_REPRESENTATION('Document',(#1174,#1239,#1240),#1172);
#1174=AXIS2_PLACEMENT_3D('',#1311,#1241,#1242);
#1175=AXIS2_PLACEMENT_3D('',#1328,#1243,$);
#1176=AXIS2_PLACEMENT_3D('',#1333,#1244,$);
#1177=AXIS2_PLACEMENT_3D('',#1334,#1245,$);
#1178=AXIS2_PLACEMENT_3D('',#1335,#1246,$);
#1179=AXIS2_PLACEMENT_3D('',#1375,#1247,$);
#1180=AXIS2_PLACEMENT_3D('',#1380,#1248,$);
#1181=AXIS2_PLACEMENT_3D('',#1381,#1249,$);
#1182=AXIS2_PLACEMENT_3D('',#1382,#1250,$);
#1183=AXIS2_PLACEMENT_3D('',#1422,#1251,$);
#1184=AXIS2_PLACEMENT_3D('',#1427,#1252,$);
#1185=AXIS2_PLACEMENT_3D('',#1428,#1253,$);
#1186=AXIS2_PLACEMENT_3D('',#1429,#1254,$);
#1187=AXIS2_PLACEMENT_3D('',#1469,#1255,$);
#1188=AXIS2_PLACEMENT_3D('',#1474,#1256,$);
#1189=AXIS2_PLACEMENT_3D('',#1475,#1257,$);
#1190=AXIS2_PLACEMENT_3D('',#1476,#1258,$);
#1191=AXIS2_PLACEMENT_3D('',#1516,#1259,$);
#1192=AXIS2_PLACEMENT_3D('',#1521,#1260,$);
#1193=AXIS2_PLACEMENT_3D('',#1522,#1261,$);
#1194=AXIS2_PLACEMENT_3D('',#1523,#1262,$);
#1195=AXIS2_PLACEMENT_3D('',#1563,#1263,$);
#1196=AXIS2_PLACEMENT_3D('',#1568,#1264,$);
#1197=AXIS2_PLACEMENT_3D('',#1569,#1265,$);
#1198=AXIS2_PLACEMENT_3D('',#1570,#1266,$);
#1199=AXIS2_PLACEMENT_3D('',#1610,#1267,$);
#1200=AXIS2_PLACEMENT_3D('',#1615,#1268,$);
#1201=AXIS2_PLACEMENT_3D('',#1616,#1269,$);
#1202=AXIS2_PLACEMENT_3D('',#1617,#1270,$);
#1203=AXIS2_PLACEMENT_3D('',#1657,#1271,$);
#1204=AXIS2_PLACEMENT_3D('',#1662,#1272,$);
#1205=AXIS2_PLACEMENT_3D('',#1663,#1273,$);
#1206=AXIS2_PLACEMENT_3D('',#1664,#1274,$);
#1207=AXIS2_PLACEMENT_3D('',#1704,#1275,$);
#1208=AXIS2_PLACEMENT_3D('',#1709,#1276,$);
#1209=AXIS2_PLACEMENT_3D('',#1710,#1277,$);
#1210=AXIS2_PLACEMENT_3D('',#1711,#1278,$);
#1211=AXIS2_PLACEMENT_3D('',#1751,#1279,$);
#1212=AXIS2_PLACEMENT_3D('',#1756,#1280,$);
#1213=AXIS2_PLACEMENT_3D('',#1757,#1281,$);
#1214=AXIS2_PLACEMENT_3D('',#1758,#1282,$);
#1215=AXIS2_PLACEMENT_3D('',#1798,#1283,$);
#1216=AXIS2_PLACEMENT_3D('',#1803,#1284,$);
#1217=AXIS2_PLACEMENT_3D('',#1804,#1285,$);
#1218=AXIS2_PLACEMENT_3D('',#1805,#1286,$);
#1219=AXIS2_PLACEMENT_3D('',#1845,#1287,$);
#1220=AXIS2_PLACEMENT_3D('',#1850,#1288,$);
#1221=AXIS2_PLACEMENT_3D('',#1851,#1289,$);
#1222=AXIS2_PLACEMENT_3D('',#1852,#1290,$);
#1223=AXIS2_PLACEMENT_3D('',#1892,#1291,$);
#1224=AXIS2_PLACEMENT_3D('',#1897,#1292,$);
#1225=AXIS2_PLACEMENT_3D('',#1898,#1293,$);
#1226=AXIS2_PLACEMENT_3D('',#1899,#1294,$);
#1227=AXIS2_PLACEMENT_3D('',#1939,#1295,$);
#1228=AXIS2_PLACEMENT_3D('',#1944,#1296,$);
#1229=AXIS2_PLACEMENT_3D('',#1945,#1297,$);
#1230=AXIS2_PLACEMENT_3D('',#1946,#1298,$);
#1231=AXIS2_PLACEMENT_3D('',#1986,#1299,$);
#1232=AXIS2_PLACEMENT_3D('',#1991,#1300,$);
#1233=AXIS2_PLACEMENT_3D('',#1992,#1301,$);
#1234=AXIS2_PLACEMENT_3D('',#1993,#1302,$);
#1235=AXIS2_PLACEMENT_3D('',#2033,#1303,$);
#1236=AXIS2_PLACEMENT_3D('',#2038,#1304,$);
#1237=AXIS2_PLACEMENT_3D('',#2039,#1305,$);
#1238=AXIS2_PLACEMENT_3D('',#2040,#1306,$);
#1239=AXIS2_PLACEMENT_3D('',#2080,#1307,#1308);
#1240=AXIS2_PLACEMENT_3D('',#2081,#1309,#1310);
#1241=DIRECTION('',(0.,0.,1.));
#1242=DIRECTION('',(1.,0.,0.));
#1243=DIRECTION('',(2.34534613952064E-15,-0.13883635889383,0.990315336369736));
#1244=DIRECTION('',(-0.0663414642712676,-0.278844331896807,0.958042091292114));
#1245=DIRECTION('',(-1.4432899320127E-15,0.308693576114849,-0.951161540467983));
#1246=DIRECTION('',(-0.0663414642712647,0.16868560311188,-0.983434785545603));
#1247=DIRECTION('',(0.488228880759046,0.138836358893824,0.861601430733419));
#1248=DIRECTION('',(0.530036948038046,0.2788443318968,0.80081625375834));
#1249=DIRECTION('',(-0.468925924166807,-0.308693576114844,-0.827536557325255));
#1250=DIRECTION('',(-0.427117856887811,-0.168685603111878,-0.88832173430033));
#1251=DIRECTION('',(0.700258689860079,-0.13883635889383,0.700258689860076));
#1252=DIRECTION('',(0.630527560154737,-0.278844331896807,0.724348558674854));
#1253=DIRECTION('',(-0.672572775268754,0.308693576114849,-0.672572775268753));
#1254=DIRECTION('',(-0.74230390497409,0.16868560311188,-0.648482906453978));
#1255=DIRECTION('',(0.954474166707472,0.138836358893825,0.264014261995793));
#1256=DIRECTION('',(0.941055323754053,0.2788443318968,0.191469883279805));
#1257=DIRECTION('',(-0.916737412216976,-0.308693576114844,-0.25357601051194));
#1258=DIRECTION('',(-0.930156255170394,-0.168685603111878,-0.326120389227921));
#1259=DIRECTION('',(0.990315336369736,-0.13883635889383,-2.41473507855972E-15));
#1260=DIRECTION('',(0.958042091292114,-0.278844331896807,0.0663414642712678));
#1261=DIRECTION('',(-0.951161540467983,0.308693576114849,1.2490009027033E-15));
#1262=DIRECTION('',(-0.983434785545603,0.16868560311188,0.0663414642712647));
#1263=DIRECTION('',(0.861601430733419,0.138836358893824,-0.488228880759046));
#1264=DIRECTION('',(0.800816253758339,0.2788443318968,-0.530036948038046));
#1265=DIRECTION('',(-0.827536557325255,-0.308693576114844,0.468925924166807));
#1266=DIRECTION('',(-0.88832173430033,-0.168685603111878,0.427117856887811));
#1267=DIRECTION('',(0.700258689860076,-0.13883635889383,-0.700258689860079));
#1268=DIRECTION('',(0.724348558674854,-0.278844331896807,-0.630527560154737));
#1269=DIRECTION('',(-0.672572775268753,0.308693576114849,0.672572775268754));
#1270=DIRECTION('',(-0.648482906453978,0.16868560311188,0.74230390497409));
#1271=DIRECTION('',(0.264014261995793,0.138836358893824,-0.954474166707472));
#1272=DIRECTION('',(0.191469883279805,0.2788443318968,-0.941055323754053));
#1273=DIRECTION('',(-0.253576010511941,-0.308693576114844,0.916737412216976));
#1274=DIRECTION('',(-0.326120389227922,-0.168685603111878,0.930156255170394));
#1275=DIRECTION('',(-2.08166817117217E-15,-0.13883635889383,-0.990315336369736));
#1276=DIRECTION('',(0.0663414642712677,-0.278844331896807,-0.958042091292114));
#1277=DIRECTION('',(1.0547118733939E-15,0.308693576114849,0.951161540467983));
#1278=DIRECTION('',(0.0663414642712647,0.16868560311188,0.983434785545603));
#1279=DIRECTION('',(-0.488228880759046,0.138836358893824,-0.861601430733419));
#1280=DIRECTION('',(-0.530036948038046,0.2788443318968,-0.80081625375834));
#1281=DIRECTION('',(0.468925924166807,-0.308693576114844,0.827536557325255));
#1282=DIRECTION('',(0.427117856887811,-0.168685603111878,0.88832173430033));
#1283=DIRECTION('',(-0.700258689860079,-0.13883635889383,-0.700258689860076));
#1284=DIRECTION('',(-0.630527560154737,-0.278844331896807,-0.724348558674854));
#1285=DIRECTION('',(0.672572775268754,0.308693576114849,0.672572775268753));
#1286=DIRECTION('',(0.74230390497409,0.16868560311188,0.648482906453978));
#1287=DIRECTION('',(-0.954474166707472,0.138836358893825,-0.264014261995792));
#1288=DIRECTION('',(-0.941055323754053,0.2788443318968,-0.191469883279805));
#1289=DIRECTION('',(0.916737412216976,-0.308693576114844,0.253576010511941));
#1290=DIRECTION('',(0.930156255170394,-0.168685603111878,0.326120389227921));
#1291=DIRECTION('',(-0.990315336369736,-0.13883635889383,2.48412401759879E-15));
#1292=DIRECTION('',(-0.958042091292114,-0.278844331896808,-0.0663414642712685));
#1293=DIRECTION('',(0.951161540467983,0.308693576114849,-3.05311331771918E-16));
#1294=DIRECTION('',(0.983434785545603,0.16868560311188,-0.0663414642712649));
#1295=DIRECTION('',(-0.861601430733419,0.138836358893825,0.488228880759046));
#1296=DIRECTION('',(-0.80081625375834,0.2788443318968,0.530036948038046));
#1297=DIRECTION('',(0.827536557325255,-0.308693576114844,-0.468925924166806));
#1298=DIRECTION('',(0.88832173430033,-0.168685603111877,-0.42711785688781));
#1299=DIRECTION('',(-0.700258689860076,-0.13883635889383,0.700258689860078));
#1300=DIRECTION('',(-0.724348558674854,-0.278844331896807,0.630527560154737));
#1301=DIRECTION('',(0.672572775268753,0.308693576114849,-0.672572775268754));
#1302=DIRECTION('',(0.648482906453977,0.16868560311188,-0.74230390497409));
#1303=DIRECTION('',(-0.264014261995793,0.138836358893824,0.954474166707472));
#1304=DIRECTION('',(-0.191469883279805,0.2788443318968,0.941055323754053));
#1305=DIRECTION('',(0.25357601051194,-0.308693576114844,-0.916737412216976));
#1306=DIRECTION('',(0.326120389227921,-0.168685603111878,-0.930156255170394));
#1307=DIRECTION('',(0.,0.,1.));
#1308=DIRECTION('',(1.,0.,0.));
#1309=DIRECTION('',(0.,0.,1.));
#1310=DIRECTION('',(1.,0.,0.));
#1311=CARTESIAN_POINT('',(0.,0.,0.));
#1312=CARTESIAN_POINT('',(-9.93975702357256,36.5,8.85006906898477));
#1313=CARTESIAN_POINT('',(-11.9397570235726,36.5,8.85006906898477));
#1314=CARTESIAN_POINT('',(-7.99235114901434,36.5,5.50823885431094));
#1315=CARTESIAN_POINT('',(-9.40656471138744,36.5,6.92245241668404));
#1316=CARTESIAN_POINT('',(-8.97835805576165,36.5,1.76818414831834));
#1317=CARTESIAN_POINT('',(-8.97835805576165,36.5,3.76818414831835));
#1318=CARTESIAN_POINT('',(-12.3201882704355,36.5,-0.179221726239879));
#1319=CARTESIAN_POINT('',(-10.9059747080624,36.5,1.23499183613322));
#1320=CARTESIAN_POINT('',(-16.0602429764281,36.5,0.80678518050744));
#1321=CARTESIAN_POINT('',(-14.0602429764281,36.5,0.806785180507443));
#1322=CARTESIAN_POINT('',(-18.0076488509863,36.5,4.14861539518126));
#1323=CARTESIAN_POINT('',(-16.5934352886132,36.5,2.73440183280817));
#1324=CARTESIAN_POINT('',(-17.021641944239,36.5,7.88867010117386));
#1325=CARTESIAN_POINT('',(-17.021641944239,36.5,5.88867010117386));
#1326=CARTESIAN_POINT('',(-13.6798117295652,36.5,9.83607597573208));
#1327=CARTESIAN_POINT('',(-15.0940252919383,36.5,8.42186241335899));
#1328=CARTESIAN_POINT('',(-15.0844551211351,40.0518686817472,9.66412593220793));
#1329=CARTESIAN_POINT('',(-11.0000000000002,39.9999999999999,9.65685424949238));
#1330=CARTESIAN_POINT('',(-8.87951404714507,33.,8.04328388847766));
#1331=CARTESIAN_POINT('',(-15.,39.9246092645376,9.98391476137779));
#1332=CARTESIAN_POINT('',(-12.8795140471448,32.9246092645377,8.37034440036306));
#1333=CARTESIAN_POINT('',(-8.8414851661808,32.9113567069862,8.02011706901165));
#1334=CARTESIAN_POINT('',(-15.0844551211351,40.049817965471,9.67302236107148));
#1335=CARTESIAN_POINT('',(-8.8414851661808,32.9101600251958,8.02530852067392));
#1336=CARTESIAN_POINT('',(-15.,40.0753907354624,9.32979373760701));
#1337=CARTESIAN_POINT('',(-8.87951404714534,32.9999999999999,8.04328388847765));
#1338=CARTESIAN_POINT('',(-11.0000000000002,39.9999999999999,9.65685424949238));
#1339=CARTESIAN_POINT('',(-4.87951404714557,32.9246092645375,8.37034440036302));
#1340=CARTESIAN_POINT('',(-11.,40.,9.65685424949238));
#1341=CARTESIAN_POINT('',(-15.,40.,9.6568542494924));
#1342=CARTESIAN_POINT('',(-8.87951404714525,32.9999999999999,8.04328388847765));
#1343=CARTESIAN_POINT('',(-12.0263138633113,38.6350564440678,9.46549722770184));
#1344=CARTESIAN_POINT('',(-12.0263138633114,38.6890218018117,9.23138440973391));
#1345=CARTESIAN_POINT('',(-8.87951404714525,32.9999999999999,8.04328388847765));
#1346=CARTESIAN_POINT('',(-15.,40.,9.6568542494924));
#1347=CARTESIAN_POINT('',(-11.,40.,9.65685424949238));
#1348=CARTESIAN_POINT('',(-8.87951404714525,32.9999999999999,8.04328388847765));
#1349=CARTESIAN_POINT('',(-11.,40.,9.65685424949238));
#1350=CARTESIAN_POINT('',(-11.3421046211039,39.5450188146892,9.5930685755622));
#1351=CARTESIAN_POINT('',(-11.6842092422076,39.0900376293785,9.52928290163202));
#1352=CARTESIAN_POINT('',(-12.0263138633113,38.6350564440678,9.46549722770184));
#1353=CARTESIAN_POINT('',(-15.,40.,9.6568542494924));
#1354=CARTESIAN_POINT('',(-14.0087712877704,39.5450188146893,9.59306857556221));
#1355=CARTESIAN_POINT('',(-13.0175425755408,39.0900376293786,9.52928290163203));
#1356=CARTESIAN_POINT('',(-12.0263138633113,38.6350564440678,9.46549722770184));
#1357=CARTESIAN_POINT('',(-11.,40.,9.65685424949238));
#1358=CARTESIAN_POINT('',(-15.,40.,9.6568542494924));
#1359=CARTESIAN_POINT('',(-12.0263138633114,38.6890218018117,9.23138440973391));
#1360=CARTESIAN_POINT('',(-13.0175425755409,39.1260145345412,9.37320768965341));
#1361=CARTESIAN_POINT('',(-14.0087712877704,39.5630072672706,9.5150309695729));
#1362=CARTESIAN_POINT('',(-15.,40.,9.6568542494924));
#1363=CARTESIAN_POINT('',(-11.,40.,9.65685424949238));
#1364=CARTESIAN_POINT('',(-11.3421046211037,39.5630072672705,9.51503096957288));
#1365=CARTESIAN_POINT('',(-11.6842092422076,39.1260145345411,9.37320768965339));
#1366=CARTESIAN_POINT('',(-12.0263138633114,38.6890218018117,9.23138440973391));
#1367=CARTESIAN_POINT('',(-12.0263138633113,38.6350564440678,9.46549722770184));
#1368=CARTESIAN_POINT('',(-10.9773805912559,36.7567042960452,8.9914261146271));
#1369=CARTESIAN_POINT('',(-9.92844731920053,34.8783521480226,8.51735500155237));
#1370=CARTESIAN_POINT('',(-8.87951404714525,32.9999999999999,8.04328388847765));
#1371=CARTESIAN_POINT('',(-12.0263138633114,38.6890218018117,9.23138440973391));
#1372=CARTESIAN_POINT('',(-10.9773805912561,36.7926812012079,8.8353509026485));
#1373=CARTESIAN_POINT('',(-9.92844731920079,34.8963406006039,8.43931739556309));
#1374=CARTESIAN_POINT('',(-8.87951404714525,32.9999999999999,8.04328388847765));
#1375=CARTESIAN_POINT('',(-8.80245081696645,32.9481313182528,8.00797378496787));
#1376=CARTESIAN_POINT('',(-12.3596234591303,33.0000000000002,10.0152977019717));
#1377=CARTESIAN_POINT('',(-15.,40.0000000000002,9.65685424949232));
#1378=CARTESIAN_POINT('',(-8.71827208532363,33.0753907354623,8.32783547990302));
#1379=CARTESIAN_POINT('',(-11.3586486261933,40.0753907354624,7.96939202742361));
#1380=CARTESIAN_POINT('',(-15.0445074886431,40.088643293014,9.65544685251828));
#1381=CARTESIAN_POINT('',(-8.79806484681404,32.9501820345289,8.01571392142315));
#1382=CARTESIAN_POINT('',(-15.0419480850456,40.0898399748044,9.65996355746621));
#1383=CARTESIAN_POINT('',(-9.04075600896686,32.9246092645376,7.7587322970525));
#1384=CARTESIAN_POINT('',(-14.9999999999997,40.0000000000003,9.65685424949217));
#1385=CARTESIAN_POINT('',(-12.3596234591303,33.0000000000002,10.0152977019717));
#1386=CARTESIAN_POINT('',(-18.3188674501632,40.0753907354629,11.9134196544114));
#1387=CARTESIAN_POINT('',(-12.3596234591305,33.0000000000002,10.0152977019718));
#1388=CARTESIAN_POINT('',(-8.87951404714524,32.9999999999999,8.04328388847776));
#1389=CARTESIAN_POINT('',(-14.9999999999998,40.0000000000003,9.65685424949222));
#1390=CARTESIAN_POINT('',(-11.5610419978604,34.3649435559323,9.34283557996855));
#1391=CARTESIAN_POINT('',(-11.6764604255974,34.3109781981883,9.13915102464934));
#1392=CARTESIAN_POINT('',(-14.9999999999998,40.0000000000003,9.65685424949222));
#1393=CARTESIAN_POINT('',(-8.87951404714524,32.9999999999999,8.04328388847776));
#1394=CARTESIAN_POINT('',(-12.3596234591305,33.0000000000002,10.0152977019718));
#1395=CARTESIAN_POINT('',(-14.9999999999998,40.0000000000003,9.65685424949222));
#1396=CARTESIAN_POINT('',(-12.3596234591305,33.0000000000002,10.0152977019718));
#1397=CARTESIAN_POINT('',(-12.093429638707,33.4549811853109,9.79114366130402));
#1398=CARTESIAN_POINT('',(-11.8272358182837,33.9099623706216,9.56698962063629));
#1399=CARTESIAN_POINT('',(-11.5610419978604,34.3649435559323,9.34283557996855));
#1400=CARTESIAN_POINT('',(-8.87951404714524,32.9999999999999,8.04328388847776));
#1401=CARTESIAN_POINT('',(-9.77335669738363,33.4549811853107,8.47646778564137));
#1402=CARTESIAN_POINT('',(-10.667199347622,33.9099623706214,8.90965168280496));
#1403=CARTESIAN_POINT('',(-11.5610419978604,34.3649435559323,9.34283557996855));
#1404=CARTESIAN_POINT('',(-12.3596234591305,33.0000000000002,10.0152977019718));
#1405=CARTESIAN_POINT('',(-8.87951404714524,32.9999999999999,8.04328388847776));
#1406=CARTESIAN_POINT('',(-11.6764604255974,34.3109781981883,9.13915102464934));
#1407=CARTESIAN_POINT('',(-10.7441449661134,33.8739854654589,8.77386197925884));
#1408=CARTESIAN_POINT('',(-9.81182950662935,33.4369927327294,8.4085729338683));
#1409=CARTESIAN_POINT('',(-8.87951404714524,32.9999999999999,8.04328388847776));
#1410=CARTESIAN_POINT('',(-12.3596234591305,33.0000000000002,10.0152977019718));
#1411=CARTESIAN_POINT('',(-12.1319024479529,33.4369927327296,9.72324880953103));
#1412=CARTESIAN_POINT('',(-11.9041814367752,33.873985465459,9.43119991709018));
#1413=CARTESIAN_POINT('',(-11.6764604255974,34.3109781981883,9.13915102464934));
#1414=CARTESIAN_POINT('',(-11.5610419978604,34.3649435559323,9.34283557996855));
#1415=CARTESIAN_POINT('',(-12.7073613319069,36.243295703955,9.4475084698098));
#1416=CARTESIAN_POINT('',(-13.8536806659534,38.1216478519776,9.55218135965103));
#1417=CARTESIAN_POINT('',(-14.9999999999998,40.0000000000003,9.65685424949222));
#1418=CARTESIAN_POINT('',(-11.6764604255974,34.3109781981883,9.13915102464934));
#1419=CARTESIAN_POINT('',(-12.7843069503981,36.2073187987923,9.3117187662636));
#1420=CARTESIAN_POINT('',(-13.8921534751989,38.1036593993962,9.48428650787787));
#1421=CARTESIAN_POINT('',(-14.9999999999998,40.0000000000003,9.65685424949222));
#1422=CARTESIAN_POINT('',(-11.0545769327018,40.0518686817472,9.72171489451177));
#1423=CARTESIAN_POINT('',(-8.17157287525398,39.9999999999999,6.82842712474636));
#1424=CARTESIAN_POINT('',(-7.81312942277441,33.,4.18805058387651));
#1425=CARTESIAN_POINT('',(-10.7687332941875,39.9246092645376,9.8881209553049));
#1426=CARTESIAN_POINT('',(-10.4102898417079,32.9246092645377,7.24774441443505));
#1427=CARTESIAN_POINT('',(-7.80262035830658,32.9113567069862,4.14477868912281));
#1428=CARTESIAN_POINT('',(-11.048286207524,40.049817965471,9.72800561968952));
#1429=CARTESIAN_POINT('',(-7.79894944763199,32.9101600251958,4.14844959979741));
#1430=CARTESIAN_POINT('',(-11.2312667058125,40.0753907354624,9.42558754367989));
#1431=CARTESIAN_POINT('',(-7.81312942277461,32.9999999999999,4.18805058387671));
#1432=CARTESIAN_POINT('',(-8.17157287525398,39.9999999999999,6.82842712474636));
#1433=CARTESIAN_POINT('',(-4.75343559221609,32.9246092645375,1.59089016494317));
#1434=CARTESIAN_POINT('',(-8.17157287525381,40.,6.8284271247462));
#1435=CARTESIAN_POINT('',(-11.,40.,9.6568542494924));
#1436=CARTESIAN_POINT('',(-7.81312942277454,32.9999999999999,4.18805058387664));
#1437=CARTESIAN_POINT('',(-9.03259621536274,38.6350564440678,7.4188307693836));
#1438=CARTESIAN_POINT('',(-9.19813897651065,38.6890218018117,7.25328800823589));
#1439=CARTESIAN_POINT('',(-7.81312942277454,32.9999999999999,4.18805058387664));
#1440=CARTESIAN_POINT('',(-11.,40.,9.6568542494924));
#1441=CARTESIAN_POINT('',(-8.17157287525381,40.,6.8284271247462));
#1442=CARTESIAN_POINT('',(-7.81312942277454,32.9999999999999,4.18805058387664));
#1443=CARTESIAN_POINT('',(-8.17157287525381,40.,6.8284271247462));
#1444=CARTESIAN_POINT('',(-8.45858065529019,39.5450188146892,7.0252283396254));
#1445=CARTESIAN_POINT('',(-8.74558843532646,39.0900376293785,7.22202955450449));
#1446=CARTESIAN_POINT('',(-9.03259621536274,38.6350564440678,7.4188307693836));
#1447=CARTESIAN_POINT('',(-11.,40.,9.6568542494924));
#1448=CARTESIAN_POINT('',(-10.3441987384542,39.5450188146893,8.91084642278945));
#1449=CARTESIAN_POINT('',(-9.68839747690848,39.0900376293786,8.16483859608654));
#1450=CARTESIAN_POINT('',(-9.03259621536274,38.6350564440678,7.4188307693836));
#1451=CARTESIAN_POINT('',(-8.17157287525381,40.,6.8284271247462));
#1452=CARTESIAN_POINT('',(-11.,40.,9.6568542494924));
#1453=CARTESIAN_POINT('',(-9.19813897651065,38.6890218018117,7.25328800823589));
#1454=CARTESIAN_POINT('',(-9.79875931767371,39.1260145345412,8.05447675532134));
#1455=CARTESIAN_POINT('',(-10.3993796588368,39.5630072672706,8.85566550240685));
#1456=CARTESIAN_POINT('',(-11.,40.,9.6568542494924));
#1457=CARTESIAN_POINT('',(-8.17157287525381,40.,6.8284271247462));
#1458=CARTESIAN_POINT('',(-8.51376157567271,39.5630072672705,6.9700474192427));
#1459=CARTESIAN_POINT('',(-8.85595027609167,39.1260145345411,7.11166771373928));
#1460=CARTESIAN_POINT('',(-9.19813897651065,38.6890218018117,7.25328800823589));
#1461=CARTESIAN_POINT('',(-9.03259621536274,38.6350564440678,7.4188307693836));
#1462=CARTESIAN_POINT('',(-8.62610728449996,36.7567042960452,6.34190404088123));
#1463=CARTESIAN_POINT('',(-8.21961835363723,34.8783521480226,5.26497731237891));
#1464=CARTESIAN_POINT('',(-7.81312942277454,32.9999999999999,4.18805058387664));
#1465=CARTESIAN_POINT('',(-9.19813897651065,38.6890218018117,7.25328800823589));
#1466=CARTESIAN_POINT('',(-8.73646912526533,36.7926812012079,6.23154220011621));
#1467=CARTESIAN_POINT('',(-8.27479927402,34.8963406006039,5.20979639199651));
#1468=CARTESIAN_POINT('',(-7.81312942277454,32.9999999999999,4.18805058387664));
#1469=CARTESIAN_POINT('',(-7.78360550377114,32.9481313182528,4.10859063760091));
#1470=CARTESIAN_POINT('',(-8.87951404714511,33.0000000000002,8.04328388847761));
#1471=CARTESIAN_POINT('',(-11.,40.0000000000002,9.6568542494923));
#1472=CARTESIAN_POINT('',(-7.49790577826435,33.0753907354623,4.27524365915505));
#1473=CARTESIAN_POINT('',(-9.61839173111925,40.0753907354624,5.88881402016974));
#1474=CARTESIAN_POINT('',(-11.0324667269773,40.088643293014,9.6873306165813));
#1475=CARTESIAN_POINT('',(-7.77503105155945,32.9501820345289,4.1109623913389));
#1476=CARTESIAN_POINT('',(-11.0274631626404,40.0898399748044,9.688714637639));
#1477=CARTESIAN_POINT('',(-8.12835306728457,32.9246092645376,4.10085750859837));
#1478=CARTESIAN_POINT('',(-10.9999999999999,40.0000000000003,9.65685424949203));
#1479=CARTESIAN_POINT('',(-8.87951404714511,33.0000000000002,8.04328388847761));
#1480=CARTESIAN_POINT('',(-11.7511609798605,40.0753907354629,13.5992806293713));
#1481=CARTESIAN_POINT('',(-8.87951404714517,33.0000000000002,8.04328388847784));
#1482=CARTESIAN_POINT('',(-7.81312942277446,32.9999999999999,4.18805058387671));
#1483=CARTESIAN_POINT('',(-11.,40.0000000000003,9.65685424949212));
#1484=CARTESIAN_POINT('',(-8.7903342071108,34.3649435559323,7.00309899532422));
#1485=CARTESIAN_POINT('',(-9.01597409032675,34.3109781981883,6.94068541796181));
#1486=CARTESIAN_POINT('',(-11.,40.0000000000003,9.65685424949212));
#1487=CARTESIAN_POINT('',(-7.81312942277446,32.9999999999999,4.18805058387671));
#1488=CARTESIAN_POINT('',(-8.87951404714517,33.0000000000002,8.04328388847784));
#1489=CARTESIAN_POINT('',(-11.,40.0000000000003,9.65685424949212));
#1490=CARTESIAN_POINT('',(-8.87951404714517,33.0000000000002,8.04328388847784));
#1491=CARTESIAN_POINT('',(-8.84978743380036,33.4549811853109,7.69655559075986));
#1492=CARTESIAN_POINT('',(-8.82006082045557,33.9099623706216,7.34982729304204));
#1493=CARTESIAN_POINT('',(-8.7903342071108,34.3649435559323,7.00309899532422));
#1494=CARTESIAN_POINT('',(-7.81312942277446,32.9999999999999,4.18805058387671));
#1495=CARTESIAN_POINT('',(-8.13886435088658,33.4549811853107,5.12640005435923));
#1496=CARTESIAN_POINT('',(-8.46459927899867,33.9099623706214,6.06474952484172));
#1497=CARTESIAN_POINT('',(-8.7903342071108,34.3649435559323,7.00309899532422));
#1498=CARTESIAN_POINT('',(-8.87951404714517,33.0000000000002,8.04328388847784));
#1499=CARTESIAN_POINT('',(-7.81312942277446,32.9999999999999,4.18805058387671));
#1500=CARTESIAN_POINT('',(-9.01597409032675,34.3109781981883,6.94068541796181));
#1501=CARTESIAN_POINT('',(-8.61502586780935,33.8739854654589,6.02314047326685));
#1502=CARTESIAN_POINT('',(-8.21407764529191,33.4369927327294,5.10559552857179));
#1503=CARTESIAN_POINT('',(-7.81312942277446,32.9999999999999,4.18805058387671));
#1504=CARTESIAN_POINT('',(-8.87951404714517,33.0000000000002,8.04328388847784));
#1505=CARTESIAN_POINT('',(-8.92500072820573,33.4369927327296,7.67575106497256));
#1506=CARTESIAN_POINT('',(-8.97048740926625,33.873985465459,7.30821824146719));
#1507=CARTESIAN_POINT('',(-9.01597409032675,34.3109781981883,6.94068541796181));
#1508=CARTESIAN_POINT('',(-8.7903342071108,34.3649435559323,7.00309899532422));
#1509=CARTESIAN_POINT('',(-9.52688947140721,36.243295703955,7.88768408004692));
#1510=CARTESIAN_POINT('',(-10.2634447357036,38.1216478519776,8.77226916476955));
#1511=CARTESIAN_POINT('',(-11.,40.0000000000003,9.65685424949212));
#1512=CARTESIAN_POINT('',(-9.01597409032675,34.3109781981883,6.94068541796181));
#1513=CARTESIAN_POINT('',(-9.67731606021779,36.2073187987923,7.84607502847183));
#1514=CARTESIAN_POINT('',(-10.3386580301088,38.1036593993962,8.75146463898188));
#1515=CARTESIAN_POINT('',(-11.,40.0000000000003,9.65685424949212));
#1516=CARTESIAN_POINT('',(-8.16430119253827,40.0518686817472,6.91288224588134));
#1517=CARTESIAN_POINT('',(-8.17157287525382,39.9999999999999,2.82842712474643));
#1518=CARTESIAN_POINT('',(-9.78514323626854,33.,0.707941171891259));
#1519=CARTESIAN_POINT('',(-7.84451236336841,39.9246092645376,6.8284271247462));
#1520=CARTESIAN_POINT('',(-9.45808272438314,32.9246092645377,4.70794117189103));
#1521=CARTESIAN_POINT('',(-9.80831005573455,32.9113567069862,0.669912290926998));
#1522=CARTESIAN_POINT('',(-8.15540476367472,40.049817965471,6.91288224588133));
#1523=CARTESIAN_POINT('',(-9.80311860407228,32.9101600251958,0.669912290926998));
#1524=CARTESIAN_POINT('',(-8.49863338713919,40.0753907354624,6.82842712474619));
#1525=CARTESIAN_POINT('',(-9.78514323626855,32.9999999999999,0.707941171891536));
#1526=CARTESIAN_POINT('',(-8.17157287525382,39.9999999999999,2.82842712474643));
#1527=CARTESIAN_POINT('',(-9.45808272438317,32.9246092645375,-3.29205882810823));
#1528=CARTESIAN_POINT('',(-8.17157287525382,40.,2.82842712474619));
#1529=CARTESIAN_POINT('',(-8.1715728752538,40.,6.82842712474619));
#1530=CARTESIAN_POINT('',(-9.78514323626855,32.9999999999999,0.707941171891444));
#1531=CARTESIAN_POINT('',(-8.36292989704436,38.6350564440678,3.85474098805747));
#1532=CARTESIAN_POINT('',(-8.59704271501229,38.6890218018117,3.85474098805761));
#1533=CARTESIAN_POINT('',(-9.78514323626855,32.9999999999999,0.707941171891444));
#1534=CARTESIAN_POINT('',(-8.1715728752538,40.,6.82842712474619));
#1535=CARTESIAN_POINT('',(-8.17157287525382,40.,2.82842712474619));
#1536=CARTESIAN_POINT('',(-9.78514323626855,32.9999999999999,0.707941171891444));
#1537=CARTESIAN_POINT('',(-8.17157287525382,40.,2.82842712474619));
#1538=CARTESIAN_POINT('',(-8.235358549184,39.5450188146892,3.17053174585005));
#1539=CARTESIAN_POINT('',(-8.29914422311418,39.0900376293785,3.51263636695375));
#1540=CARTESIAN_POINT('',(-8.36292989704436,38.6350564440678,3.85474098805747));
#1541=CARTESIAN_POINT('',(-8.1715728752538,40.,6.82842712474619));
#1542=CARTESIAN_POINT('',(-8.23535854918399,39.5450188146893,5.8371984125166));
#1543=CARTESIAN_POINT('',(-8.29914422311417,39.0900376293786,4.84596970028704));
#1544=CARTESIAN_POINT('',(-8.36292989704436,38.6350564440678,3.85474098805747));
#1545=CARTESIAN_POINT('',(-8.17157287525382,40.,2.82842712474619));
#1546=CARTESIAN_POINT('',(-8.1715728752538,40.,6.82842712474619));
#1547=CARTESIAN_POINT('',(-8.59704271501229,38.6890218018117,3.85474098805761));
#1548=CARTESIAN_POINT('',(-8.45521943509279,39.1260145345412,4.84596970028706));
#1549=CARTESIAN_POINT('',(-8.3133961551733,39.5630072672706,5.83719841251662));
#1550=CARTESIAN_POINT('',(-8.1715728752538,40.,6.82842712474619));
#1551=CARTESIAN_POINT('',(-8.17157287525382,40.,2.82842712474619));
#1552=CARTESIAN_POINT('',(-8.31339615517332,39.5630072672705,3.17053174584993));
#1553=CARTESIAN_POINT('',(-8.45521943509281,39.1260145345411,3.51263636695375));
#1554=CARTESIAN_POINT('',(-8.59704271501229,38.6890218018117,3.85474098805761));
#1555=CARTESIAN_POINT('',(-8.36292989704436,38.6350564440678,3.85474098805747));
#1556=CARTESIAN_POINT('',(-8.8370010101191,36.7567042960452,2.80580771600206));
#1557=CARTESIAN_POINT('',(-9.31107212319382,34.8783521480226,1.75687444394672));
#1558=CARTESIAN_POINT('',(-9.78514323626855,32.9999999999999,0.707941171891444));
#1559=CARTESIAN_POINT('',(-8.59704271501229,38.6890218018117,3.85474098805761));
#1560=CARTESIAN_POINT('',(-8.9930762220977,36.7926812012079,2.80580771600231));
#1561=CARTESIAN_POINT('',(-9.3891097291831,34.8963406006039,1.75687444394698));
#1562=CARTESIAN_POINT('',(-9.78514323626855,32.9999999999999,0.707941171891444));
#1563=CARTESIAN_POINT('',(-9.82045333977833,32.9481313182528,0.630877941712646));
#1564=CARTESIAN_POINT('',(-7.81312942277448,33.0000000000002,4.18805058387651));
#1565=CARTESIAN_POINT('',(-8.17157287525388,40.0000000000002,6.82842712474614));
#1566=CARTESIAN_POINT('',(-9.50059164484318,33.0753907354623,0.54669921006982));
#1567=CARTESIAN_POINT('',(-9.85903509732259,40.0753907354624,3.18707575093945));
#1568=CARTESIAN_POINT('',(-8.17298027222792,40.088643293014,6.87293461338931));
#1569=CARTESIAN_POINT('',(-9.81271320332305,32.9501820345289,0.626491971560235));
#1570=CARTESIAN_POINT('',(-8.16846356727999,40.0898399748044,6.87037520979179));
#1571=CARTESIAN_POINT('',(-10.0696948276937,32.9246092645376,0.86918313371305));
#1572=CARTESIAN_POINT('',(-8.17157287525403,40.0000000000003,6.8284271247459));
#1573=CARTESIAN_POINT('',(-7.81312942277448,33.0000000000002,4.18805058387651));
#1574=CARTESIAN_POINT('',(-5.91500747033479,40.0753907354629,10.1472945749094));
#1575=CARTESIAN_POINT('',(-7.81312942277436,33.0000000000002,4.18805058387671));
#1576=CARTESIAN_POINT('',(-9.78514323626844,32.9999999999999,0.707941171891431));
#1577=CARTESIAN_POINT('',(-8.17157287525398,40.0000000000003,6.82842712474598));
#1578=CARTESIAN_POINT('',(-8.48559154477765,34.3649435559323,3.38946912260654));
#1579=CARTESIAN_POINT('',(-8.68927610009686,34.3109781981883,3.50488755034362));
#1580=CARTESIAN_POINT('',(-8.17157287525398,40.0000000000003,6.82842712474598));
#1581=CARTESIAN_POINT('',(-9.78514323626844,32.9999999999999,0.707941171891431));
#1582=CARTESIAN_POINT('',(-7.81312942277436,33.0000000000002,4.18805058387671));
#1583=CARTESIAN_POINT('',(-8.17157287525398,40.0000000000003,6.82842712474598));
#1584=CARTESIAN_POINT('',(-7.81312942277436,33.0000000000002,4.18805058387671));
#1585=CARTESIAN_POINT('',(-8.03728346344218,33.4549811853109,3.92185676345324));
#1586=CARTESIAN_POINT('',(-8.26143750410991,33.9099623706216,3.65566294302989));
#1587=CARTESIAN_POINT('',(-8.48559154477765,34.3649435559323,3.38946912260654));
#1588=CARTESIAN_POINT('',(-9.78514323626844,32.9999999999999,0.707941171891431));
#1589=CARTESIAN_POINT('',(-9.35195933910483,33.4549811853107,1.60178382212982));
#1590=CARTESIAN_POINT('',(-8.91877544194123,33.9099623706214,2.49562647236817));
#1591=CARTESIAN_POINT('',(-8.48559154477765,34.3649435559323,3.38946912260654));
#1592=CARTESIAN_POINT('',(-7.81312942277436,33.0000000000002,4.18805058387671));
#1593=CARTESIAN_POINT('',(-9.78514323626844,32.9999999999999,0.707941171891431));
#1594=CARTESIAN_POINT('',(-8.68927610009686,34.3109781981883,3.50488755034362));
#1595=CARTESIAN_POINT('',(-9.05456514548736,33.8739854654589,2.57257209085962));
#1596=CARTESIAN_POINT('',(-9.4198541908779,33.4369927327294,1.64025663137554));
#1597=CARTESIAN_POINT('',(-9.78514323626844,32.9999999999999,0.707941171891431));
#1598=CARTESIAN_POINT('',(-7.81312942277436,33.0000000000002,4.18805058387671));
#1599=CARTESIAN_POINT('',(-8.10517831521517,33.4369927327296,3.96032957269908));
#1600=CARTESIAN_POINT('',(-8.39722720765602,33.873985465459,3.73260856152136));
#1601=CARTESIAN_POINT('',(-8.68927610009686,34.3109781981883,3.50488755034362));
#1602=CARTESIAN_POINT('',(-8.48559154477765,34.3649435559323,3.38946912260654));
#1603=CARTESIAN_POINT('',(-8.3809186549364,36.243295703955,4.53578845665309));
#1604=CARTESIAN_POINT('',(-8.27624576509517,38.1216478519776,5.68210779069957));
#1605=CARTESIAN_POINT('',(-8.17157287525398,40.0000000000003,6.82842712474598));
#1606=CARTESIAN_POINT('',(-8.68927610009686,34.3109781981883,3.50488755034362));
#1607=CARTESIAN_POINT('',(-8.5167083584826,36.2073187987923,4.61273407514432));
#1608=CARTESIAN_POINT('',(-8.34414061686833,38.1036593993962,5.72058059994505));
#1609=CARTESIAN_POINT('',(-8.17157287525398,40.0000000000003,6.82842712474598));
#1610=CARTESIAN_POINT('',(-8.10671223023442,40.0518686817472,2.88300405744799));
#1611=CARTESIAN_POINT('',(-10.9999999999998,39.9999999999999,1.70530256582424E-13));
#1612=CARTESIAN_POINT('',(-13.6403765408697,33.,-0.358443452479396));
#1613=CARTESIAN_POINT('',(-7.9403061694413,39.9246092645376,2.59716041893369));
#1614=CARTESIAN_POINT('',(-10.5806827103111,32.9246092645377,2.23871696645412));
#1615=CARTESIAN_POINT('',(-13.6836484356234,32.9113567069862,-0.368952516947225));
#1616=CARTESIAN_POINT('',(-8.10042150505667,40.049817965471,2.87671333227022));
#1617=CARTESIAN_POINT('',(-13.6799775249488,32.9101600251958,-0.372623427621817));
#1618=CARTESIAN_POINT('',(-8.4028395810663,40.0753907354624,3.05969383055869));
#1619=CARTESIAN_POINT('',(-13.6403765408695,32.9999999999999,-0.358443452479198));
#1620=CARTESIAN_POINT('',(-10.9999999999998,39.9999999999999,1.70530256582424E-13));
#1621=CARTESIAN_POINT('',(-16.237536959803,32.9246092645375,-3.41813728303772));
#1622=CARTESIAN_POINT('',(-11.,40.,5.32907051820075E-15));
#1623=CARTESIAN_POINT('',(-8.1715728752538,40.,2.82842712474618));
#1624=CARTESIAN_POINT('',(-13.6403765408696,32.9999999999999,-0.358443452479262));
#1625=CARTESIAN_POINT('',(-10.4095963553626,38.6350564440678,0.861023340108931));
#1626=CARTESIAN_POINT('',(-10.5751391165103,38.6890218018117,1.02656610125684));
#1627=CARTESIAN_POINT('',(-13.6403765408696,32.9999999999999,-0.358443452479262));
#1628=CARTESIAN_POINT('',(-8.1715728752538,40.,2.82842712474618));
#1629=CARTESIAN_POINT('',(-11.,40.,5.32907051820075E-15));
#1630=CARTESIAN_POINT('',(-13.6403765408696,32.9999999999999,-0.358443452479262));
#1631=CARTESIAN_POINT('',(-11.,40.,5.32907051820075E-15));
#1632=CARTESIAN_POINT('',(-10.8031987851208,39.5450188146892,0.287007780036383));
#1633=CARTESIAN_POINT('',(-10.6063975702417,39.0900376293785,0.574015560072649));
#1634=CARTESIAN_POINT('',(-10.4095963553626,38.6350564440678,0.861023340108931));
#1635=CARTESIAN_POINT('',(-8.1715728752538,40.,2.82842712474618));
#1636=CARTESIAN_POINT('',(-8.91758070195674,39.5450188146893,2.17262586320042));
#1637=CARTESIAN_POINT('',(-9.66358852865966,39.0900376293786,1.51682460165467));
#1638=CARTESIAN_POINT('',(-10.4095963553626,38.6350564440678,0.861023340108931));
#1639=CARTESIAN_POINT('',(-11.,40.,5.32907051820075E-15));
#1640=CARTESIAN_POINT('',(-8.1715728752538,40.,2.82842712474618));
#1641=CARTESIAN_POINT('',(-10.5751391165103,38.6890218018117,1.02656610125684));
#1642=CARTESIAN_POINT('',(-9.77395036942486,39.1260145345412,1.62718644241991));
#1643=CARTESIAN_POINT('',(-8.97276162233934,39.5630072672706,2.22780678358304));
#1644=CARTESIAN_POINT('',(-8.1715728752538,40.,2.82842712474618));
#1645=CARTESIAN_POINT('',(-11.,40.,5.32907051820075E-15));
#1646=CARTESIAN_POINT('',(-10.8583797055035,39.5630072672705,0.342188700418907));
#1647=CARTESIAN_POINT('',(-10.7167594110069,39.1260145345411,0.684377400837867));
#1648=CARTESIAN_POINT('',(-10.5751391165103,38.6890218018117,1.02656610125684));
#1649=CARTESIAN_POINT('',(-10.4095963553626,38.6350564440678,0.861023340108931));
#1650=CARTESIAN_POINT('',(-11.486523083865,36.7567042960452,0.454534409246156));
#1651=CARTESIAN_POINT('',(-12.5634498123673,34.8783521480226,0.0480454783834237));
#1652=CARTESIAN_POINT('',(-13.6403765408696,32.9999999999999,-0.358443452479262));
#1653=CARTESIAN_POINT('',(-10.5751391165103,38.6890218018117,1.02656610125684));
#1654=CARTESIAN_POINT('',(-11.59688492463,36.7926812012079,0.564896250011527));
#1655=CARTESIAN_POINT('',(-12.6186307327497,34.8963406006039,0.103226398766198));
#1656=CARTESIAN_POINT('',(-13.6403765408696,32.9999999999999,-0.358443452479262));
#1657=CARTESIAN_POINT('',(-13.7198364871453,32.9481313182528,-0.387967371482665));
#1658=CARTESIAN_POINT('',(-9.78514323626858,33.0000000000002,0.707941171891306));
#1659=CARTESIAN_POINT('',(-8.17157287525389,40.0000000000002,2.82842712474621));
#1660=CARTESIAN_POINT('',(-13.5531834655911,33.0753907354623,-0.673667096989456));
#1661=CARTESIAN_POINT('',(-11.9396131045765,40.0753907354624,1.44681885586544));
#1662=CARTESIAN_POINT('',(-8.14109650816489,40.088643293014,2.86089385172354));
#1663=CARTESIAN_POINT('',(-13.7174647334073,32.9501820345289,-0.396541823694355));
#1664=CARTESIAN_POINT('',(-8.13971248710719,40.0898399748044,2.85589028738664));
#1665=CARTESIAN_POINT('',(-13.7275696161478,32.9246092645376,-0.0432198079692316));
#1666=CARTESIAN_POINT('',(-8.17157287525417,40.0000000000003,2.82842712474614));
#1667=CARTESIAN_POINT('',(-9.78514323626858,33.0000000000002,0.707941171891306));
#1668=CARTESIAN_POINT('',(-4.22914649537492,40.0753907354629,3.57958810460667));
#1669=CARTESIAN_POINT('',(-9.78514323626836,33.0000000000002,0.707941171891365));
#1670=CARTESIAN_POINT('',(-13.6403765408695,32.9999999999999,-0.358443452479348));
#1671=CARTESIAN_POINT('',(-8.17157287525407,40.0000000000003,2.82842712474616));
#1672=CARTESIAN_POINT('',(-10.825328129422,34.3649435559323,0.618761331856989));
#1673=CARTESIAN_POINT('',(-10.8877417067844,34.3109781981883,0.844401215072942));
#1674=CARTESIAN_POINT('',(-8.17157287525407,40.0000000000003,2.82842712474616));
#1675=CARTESIAN_POINT('',(-13.6403765408695,32.9999999999999,-0.358443452479348));
#1676=CARTESIAN_POINT('',(-9.78514323626836,33.0000000000002,0.707941171891365));
#1677=CARTESIAN_POINT('',(-8.17157287525407,40.0000000000003,2.82842712474616));
#1678=CARTESIAN_POINT('',(-9.78514323626836,33.0000000000002,0.707941171891365));
#1679=CARTESIAN_POINT('',(-10.1318715339863,33.4549811853109,0.67821455854655));
#1680=CARTESIAN_POINT('',(-10.4785998317042,33.9099623706216,0.648487945201767));
#1681=CARTESIAN_POINT('',(-10.825328129422,34.3649435559323,0.618761331856989));
#1682=CARTESIAN_POINT('',(-13.6403765408695,32.9999999999999,-0.358443452479348));
#1683=CARTESIAN_POINT('',(-12.702027070387,33.4549811853107,-0.03270852436723));
#1684=CARTESIAN_POINT('',(-11.7636775999045,33.9099623706214,0.293026403744866));
#1685=CARTESIAN_POINT('',(-10.825328129422,34.3649435559323,0.618761331856989));
#1686=CARTESIAN_POINT('',(-9.78514323626836,33.0000000000002,0.707941171891365));
#1687=CARTESIAN_POINT('',(-13.6403765408695,32.9999999999999,-0.358443452479348));
#1688=CARTESIAN_POINT('',(-10.8877417067844,34.3109781981883,0.844401215072942));
#1689=CARTESIAN_POINT('',(-11.8052866514793,33.8739854654589,0.443452992555539));
#1690=CARTESIAN_POINT('',(-12.7228315961744,33.4369927327294,0.0425047700381054));
#1691=CARTESIAN_POINT('',(-13.6403765408695,32.9999999999999,-0.358443452479348));
#1692=CARTESIAN_POINT('',(-9.78514323626836,33.0000000000002,0.707941171891365));
#1693=CARTESIAN_POINT('',(-10.1526760597736,33.4369927327296,0.753427852951924));
#1694=CARTESIAN_POINT('',(-10.520208883279,33.873985465459,0.798914534012443));
#1695=CARTESIAN_POINT('',(-10.8877417067844,34.3109781981883,0.844401215072942));
#1696=CARTESIAN_POINT('',(-10.825328129422,34.3649435559323,0.618761331856989));
#1697=CARTESIAN_POINT('',(-9.94074304469928,36.243295703955,1.35531659615341));
#1698=CARTESIAN_POINT('',(-9.05615795997664,38.1216478519776,2.09187186044979));
#1699=CARTESIAN_POINT('',(-8.17157287525407,40.0000000000003,2.82842712474616));
#1700=CARTESIAN_POINT('',(-10.8877417067844,34.3109781981883,0.844401215072942));
#1701=CARTESIAN_POINT('',(-9.98235209627436,36.2073187987923,1.50574318496398));
#1702=CARTESIAN_POINT('',(-9.07696248576432,38.1036593993962,2.16708515485503));
#1703=CARTESIAN_POINT('',(-8.17157287525407,40.0000000000003,2.82842712474616));
#1704=CARTESIAN_POINT('',(-10.9155448788649,40.0518686817472,-0.00727168271553358));
#1705=CARTESIAN_POINT('',(-14.9999999999998,39.9999999999999,7.105427357601E-15));
#1706=CARTESIAN_POINT('',(-17.1204859528549,33.,1.61357036101474));
#1707=CARTESIAN_POINT('',(-11.,39.9246092645376,-0.327060511885396));
#1708=CARTESIAN_POINT('',(-13.1204859528552,32.9246092645377,1.28650984912933));
#1709=CARTESIAN_POINT('',(-17.1585148338192,32.9113567069862,1.63673718048074));
#1710=CARTESIAN_POINT('',(-10.9155448788649,40.049817965471,-0.0161681115790846));
#1711=CARTESIAN_POINT('',(-17.1585148338192,32.9101600251958,1.63154572881847));
#1712=CARTESIAN_POINT('',(-11.,40.0753907354624,0.327060511885382));
#1713=CARTESIAN_POINT('',(-17.1204859528547,32.9999999999999,1.61357036101474));
#1714=CARTESIAN_POINT('',(-14.9999999999998,39.9999999999999,7.105427357601E-15));
#1715=CARTESIAN_POINT('',(-21.1204859528544,32.9246092645375,1.28650984912937));
#1716=CARTESIAN_POINT('',(-15.,40.,7.105427357601E-15));
#1717=CARTESIAN_POINT('',(-11.,40.,-1.06581410364015E-14));
#1718=CARTESIAN_POINT('',(-17.1204859528547,32.9999999999999,1.61357036101474));
#1719=CARTESIAN_POINT('',(-13.9736861366887,38.6350564440678,0.191357021790559));
#1720=CARTESIAN_POINT('',(-13.9736861366886,38.6890218018117,0.425469839758481));
#1721=CARTESIAN_POINT('',(-17.1204859528547,32.9999999999999,1.61357036101474));
#1722=CARTESIAN_POINT('',(-11.,40.,-1.06581410364015E-14));
#1723=CARTESIAN_POINT('',(-15.,40.,7.105427357601E-15));
#1724=CARTESIAN_POINT('',(-17.1204859528547,32.9999999999999,1.61357036101474));
#1725=CARTESIAN_POINT('',(-15.,40.,7.105427357601E-15));
#1726=CARTESIAN_POINT('',(-14.6578953788961,39.5450188146892,0.063785673930191));
#1727=CARTESIAN_POINT('',(-14.3157907577924,39.0900376293785,0.127571347860371));
#1728=CARTESIAN_POINT('',(-13.9736861366887,38.6350564440678,0.191357021790559));
#1729=CARTESIAN_POINT('',(-11.,40.,-1.06581410364015E-14));
#1730=CARTESIAN_POINT('',(-11.9912287122296,39.5450188146893,0.0637856739301768));
#1731=CARTESIAN_POINT('',(-12.9824574244592,39.0900376293786,0.127571347860361));
#1732=CARTESIAN_POINT('',(-13.9736861366887,38.6350564440678,0.191357021790559));
#1733=CARTESIAN_POINT('',(-15.,40.,7.105427357601E-15));
#1734=CARTESIAN_POINT('',(-11.,40.,-1.06581410364015E-14));
#1735=CARTESIAN_POINT('',(-13.9736861366886,38.6890218018117,0.425469839758481));
#1736=CARTESIAN_POINT('',(-12.9824574244591,39.1260145345412,0.283646559838989));
#1737=CARTESIAN_POINT('',(-11.9912287122296,39.5630072672706,0.141823279919493));
#1738=CARTESIAN_POINT('',(-11.,40.,-1.06581410364015E-14));
#1739=CARTESIAN_POINT('',(-15.,40.,7.105427357601E-15));
#1740=CARTESIAN_POINT('',(-14.6578953788963,39.5630072672705,0.14182327991951));
#1741=CARTESIAN_POINT('',(-14.3157907577924,39.1260145345411,0.283646559838999));
#1742=CARTESIAN_POINT('',(-13.9736861366886,38.6890218018117,0.425469839758481));
#1743=CARTESIAN_POINT('',(-13.9736861366887,38.6350564440678,0.191357021790559));
#1744=CARTESIAN_POINT('',(-15.0226194087441,36.7567042960452,0.665428134865291));
#1745=CARTESIAN_POINT('',(-16.0715526807995,34.8783521480226,1.13949924794002));
#1746=CARTESIAN_POINT('',(-17.1204859528547,32.9999999999999,1.61357036101474));
#1747=CARTESIAN_POINT('',(-13.9736861366886,38.6890218018117,0.425469839758481));
#1748=CARTESIAN_POINT('',(-15.0226194087439,36.7926812012079,0.82150334684389));
#1749=CARTESIAN_POINT('',(-16.0715526807992,34.8963406006039,1.2175368539293));
#1750=CARTESIAN_POINT('',(-17.1204859528547,32.9999999999999,1.61357036101474));
#1751=CARTESIAN_POINT('',(-17.1975491830335,32.9481313182528,1.64888046452452));
#1752=CARTESIAN_POINT('',(-13.6403765408697,33.0000000000002,-0.358443452479328));
#1753=CARTESIAN_POINT('',(-11.,40.0000000000002,7.46069872548105E-14));
#1754=CARTESIAN_POINT('',(-17.2817279146764,33.0753907354623,1.32901876958937));
#1755=CARTESIAN_POINT('',(-14.6413513738067,40.0753907354624,1.68746222206878));
#1756=CARTESIAN_POINT('',(-10.9554925113569,40.088643293014,0.00140739697411453));
#1757=CARTESIAN_POINT('',(-17.201935153186,32.9501820345289,1.64114032806924));
#1758=CARTESIAN_POINT('',(-10.9580519149544,40.0898399748044,-0.00310930797381681));
#1759=CARTESIAN_POINT('',(-16.9592439910331,32.9246092645376,1.89812195243989));
#1760=CARTESIAN_POINT('',(-11.0000000000003,40.0000000000003,2.20268248085631E-13));
#1761=CARTESIAN_POINT('',(-13.6403765408697,33.0000000000002,-0.358443452479328));
#1762=CARTESIAN_POINT('',(-7.68113254983682,40.0753907354629,-2.25656540491902));
#1763=CARTESIAN_POINT('',(-13.6403765408695,33.0000000000002,-0.358443452479449));
#1764=CARTESIAN_POINT('',(-17.1204859528548,32.9999999999999,1.61357036101463));
#1765=CARTESIAN_POINT('',(-11.0000000000002,40.0000000000003,1.70530256582424E-13));
#1766=CARTESIAN_POINT('',(-14.4389580021396,34.3649435559323,0.314018669523843));
#1767=CARTESIAN_POINT('',(-14.3235395744026,34.3109781981883,0.517703224843054));
#1768=CARTESIAN_POINT('',(-11.0000000000002,40.0000000000003,1.70530256582424E-13));
#1769=CARTESIAN_POINT('',(-17.1204859528548,32.9999999999999,1.61357036101463));
#1770=CARTESIAN_POINT('',(-13.6403765408695,33.0000000000002,-0.358443452479449));
#1771=CARTESIAN_POINT('',(-11.0000000000002,40.0000000000003,1.70530256582424E-13));
#1772=CARTESIAN_POINT('',(-13.6403765408695,33.0000000000002,-0.358443452479449));
#1773=CARTESIAN_POINT('',(-13.906570361293,33.4549811853109,-0.134289411811633));
#1774=CARTESIAN_POINT('',(-14.1727641817163,33.9099623706216,0.0898646288561018));
#1775=CARTESIAN_POINT('',(-14.4389580021396,34.3649435559323,0.314018669523843));
#1776=CARTESIAN_POINT('',(-17.1204859528548,32.9999999999999,1.61357036101463));
#1777=CARTESIAN_POINT('',(-16.2266433026164,33.4549811853107,1.18038646385102));
#1778=CARTESIAN_POINT('',(-15.332800652378,33.9099623706214,0.747202566687427));
#1779=CARTESIAN_POINT('',(-14.4389580021396,34.3649435559323,0.314018669523843));
#1780=CARTESIAN_POINT('',(-13.6403765408695,33.0000000000002,-0.358443452479449));
#1781=CARTESIAN_POINT('',(-17.1204859528548,32.9999999999999,1.61357036101463));
#1782=CARTESIAN_POINT('',(-14.3235395744026,34.3109781981883,0.517703224843054));
#1783=CARTESIAN_POINT('',(-15.2558550338866,33.8739854654589,0.882992270233547));
#1784=CARTESIAN_POINT('',(-16.1881704933707,33.4369927327294,1.24828131562409));
#1785=CARTESIAN_POINT('',(-17.1204859528548,32.9999999999999,1.61357036101463));
#1786=CARTESIAN_POINT('',(-13.6403765408695,33.0000000000002,-0.358443452479449));
#1787=CARTESIAN_POINT('',(-13.8680975520471,33.4369927327296,-0.0663945600386384));
#1788=CARTESIAN_POINT('',(-14.0958185632248,33.873985465459,0.225654332402211));
#1789=CARTESIAN_POINT('',(-14.3235395744026,34.3109781981883,0.517703224843054));
#1790=CARTESIAN_POINT('',(-14.4389580021396,34.3649435559323,0.314018669523843));
#1791=CARTESIAN_POINT('',(-13.2926386680931,36.243295703955,0.209345779682589));
#1792=CARTESIAN_POINT('',(-12.1463193340466,38.1216478519776,0.104672889841364));
#1793=CARTESIAN_POINT('',(-11.0000000000002,40.0000000000003,1.70530256582424E-13));
#1794=CARTESIAN_POINT('',(-14.3235395744026,34.3109781981883,0.517703224843054));
#1795=CARTESIAN_POINT('',(-13.2156930496019,36.2073187987923,0.345135483228788));
#1796=CARTESIAN_POINT('',(-12.1078465248011,38.1036593993962,0.172567741614522));
#1797=CARTESIAN_POINT('',(-11.0000000000002,40.0000000000003,1.70530256582424E-13));
#1798=CARTESIAN_POINT('',(-14.9454230672982,40.0518686817472,-0.0648606450193823));
#1799=CARTESIAN_POINT('',(-17.828427124746,39.9999999999999,2.82842712474603));
#1800=CARTESIAN_POINT('',(-18.1868705772256,33.,5.46880366561588));
#1801=CARTESIAN_POINT('',(-15.2312667058125,39.9246092645376,-0.231266705812509));
#1802=CARTESIAN_POINT('',(-15.5897101582921,32.9246092645377,2.40910983505734));
#1803=CARTESIAN_POINT('',(-18.1973796416934,32.9113567069862,5.51207556036958));
#1804=CARTESIAN_POINT('',(-14.951713792476,40.049817965471,-0.0711513701971345));
#1805=CARTESIAN_POINT('',(-18.201050552368,32.9101600251958,5.50840464969498));
#1806=CARTESIAN_POINT('',(-14.7687332941875,40.0753907354624,0.231266705812498));
#1807=CARTESIAN_POINT('',(-18.1868705772254,32.9999999999999,5.46880366561568));
#1808=CARTESIAN_POINT('',(-17.828427124746,39.9999999999999,2.82842712474603));
#1809=CARTESIAN_POINT('',(-21.2465644077839,32.9246092645375,8.06596408454922));
#1810=CARTESIAN_POINT('',(-17.8284271247462,40.,2.8284271247462));
#1811=CARTESIAN_POINT('',(-15.,40.,-7.105427357601E-15));
#1812=CARTESIAN_POINT('',(-18.1868705772255,32.9999999999999,5.46880366561575));
#1813=CARTESIAN_POINT('',(-16.9674037846373,38.6350564440678,2.23802348010879));
#1814=CARTESIAN_POINT('',(-16.8018610234894,38.6890218018117,2.4035662412565));
#1815=CARTESIAN_POINT('',(-18.1868705772255,32.9999999999999,5.46880366561575));
#1816=CARTESIAN_POINT('',(-15.,40.,-7.105427357601E-15));
#1817=CARTESIAN_POINT('',(-17.8284271247462,40.,2.8284271247462));
#1818=CARTESIAN_POINT('',(-18.1868705772255,32.9999999999999,5.46880366561575));
#1819=CARTESIAN_POINT('',(-17.8284271247462,40.,2.8284271247462));
#1820=CARTESIAN_POINT('',(-17.5414193447098,39.5450188146892,2.63162590986699));
#1821=CARTESIAN_POINT('',(-17.2544115646735,39.0900376293785,2.4348246949879));
#1822=CARTESIAN_POINT('',(-16.9674037846373,38.6350564440678,2.23802348010879));
#1823=CARTESIAN_POINT('',(-15.,40.,-7.105427357601E-15));
#1824=CARTESIAN_POINT('',(-15.6558012615458,39.5450188146893,0.746007826702936));
#1825=CARTESIAN_POINT('',(-16.3116025230915,39.0900376293786,1.49201565340585));
#1826=CARTESIAN_POINT('',(-16.9674037846373,38.6350564440678,2.23802348010879));
#1827=CARTESIAN_POINT('',(-17.8284271247462,40.,2.8284271247462));
#1828=CARTESIAN_POINT('',(-15.,40.,-7.105427357601E-15));
#1829=CARTESIAN_POINT('',(-16.8018610234894,38.6890218018117,2.4035662412565));
#1830=CARTESIAN_POINT('',(-16.2012406823263,39.1260145345412,1.60237749417105));
#1831=CARTESIAN_POINT('',(-15.6006203411632,39.5630072672706,0.801188747085536));
#1832=CARTESIAN_POINT('',(-15.,40.,-7.105427357601E-15));
#1833=CARTESIAN_POINT('',(-17.8284271247462,40.,2.8284271247462));
#1834=CARTESIAN_POINT('',(-17.4862384243273,39.5630072672705,2.68680683024969));
#1835=CARTESIAN_POINT('',(-17.1440497239083,39.1260145345411,2.54518653575311));
#1836=CARTESIAN_POINT('',(-16.8018610234894,38.6890218018117,2.4035662412565));
#1837=CARTESIAN_POINT('',(-16.9674037846373,38.6350564440678,2.23802348010879));
#1838=CARTESIAN_POINT('',(-17.3738927155,36.7567042960452,3.31495020861116));
#1839=CARTESIAN_POINT('',(-17.7803816463628,34.8783521480226,4.39187693711348));
#1840=CARTESIAN_POINT('',(-18.1868705772255,32.9999999999999,5.46880366561575));
#1841=CARTESIAN_POINT('',(-16.8018610234894,38.6890218018117,2.4035662412565));
#1842=CARTESIAN_POINT('',(-17.2635308747347,36.7926812012079,3.42531204937618));
#1843=CARTESIAN_POINT('',(-17.72520072598,34.8963406006039,4.44705785749588));
#1844=CARTESIAN_POINT('',(-18.1868705772255,32.9999999999999,5.46880366561575));
#1845=CARTESIAN_POINT('',(-18.2163944962289,32.9481313182528,5.54826361189148));
#1846=CARTESIAN_POINT('',(-17.1204859528549,33.0000000000002,1.61357036101478));
#1847=CARTESIAN_POINT('',(-15.,40.0000000000002,8.88178419700125E-14));
#1848=CARTESIAN_POINT('',(-18.5020942217356,33.0753907354623,5.38161059033734));
#1849=CARTESIAN_POINT('',(-16.3816082688807,40.0753907354624,3.76804022932265));
#1850=CARTESIAN_POINT('',(-14.9675332730227,40.088643293014,-0.0304763670889117));
#1851=CARTESIAN_POINT('',(-18.2249689484405,32.9501820345289,5.54589185815349));
#1852=CARTESIAN_POINT('',(-14.9725368373596,40.0898399748044,-0.0318603881466132));
#1853=CARTESIAN_POINT('',(-17.8716469327154,32.9246092645376,5.55599674089402));
#1854=CARTESIAN_POINT('',(-15.0000000000001,40.0000000000003,3.62376795237651E-13));
#1855=CARTESIAN_POINT('',(-17.1204859528549,33.0000000000002,1.61357036101478));
#1856=CARTESIAN_POINT('',(-14.2488390201395,40.0753907354629,-3.94242637987889));
#1857=CARTESIAN_POINT('',(-17.1204859528548,33.0000000000002,1.61357036101455));
#1858=CARTESIAN_POINT('',(-18.1868705772255,32.9999999999999,5.46880366561568));
#1859=CARTESIAN_POINT('',(-15.,40.0000000000003,2.70006239588838E-13));
#1860=CARTESIAN_POINT('',(-17.2096657928892,34.3649435559323,2.65375525416817));
#1861=CARTESIAN_POINT('',(-16.9840259096732,34.3109781981883,2.71616883153058));
#1862=CARTESIAN_POINT('',(-15.,40.0000000000003,2.70006239588838E-13));
#1863=CARTESIAN_POINT('',(-18.1868705772255,32.9999999999999,5.46880366561568));
#1864=CARTESIAN_POINT('',(-17.1204859528548,33.0000000000002,1.61357036101455));
#1865=CARTESIAN_POINT('',(-15.,40.0000000000003,2.70006239588838E-13));
#1866=CARTESIAN_POINT('',(-17.1204859528548,33.0000000000002,1.61357036101455));
#1867=CARTESIAN_POINT('',(-17.1502125661996,33.4549811853109,1.96029865873253));
#1868=CARTESIAN_POINT('',(-17.1799391795444,33.9099623706216,2.30702695645035));
#1869=CARTESIAN_POINT('',(-17.2096657928892,34.3649435559323,2.65375525416817));
#1870=CARTESIAN_POINT('',(-18.1868705772255,32.9999999999999,5.46880366561568));
#1871=CARTESIAN_POINT('',(-17.8611356491134,33.4549811853107,4.53045419513316));
#1872=CARTESIAN_POINT('',(-17.5354007210013,33.9099623706214,3.59210472465067));
#1873=CARTESIAN_POINT('',(-17.2096657928892,34.3649435559323,2.65375525416817));
#1874=CARTESIAN_POINT('',(-17.1204859528548,33.0000000000002,1.61357036101455));
#1875=CARTESIAN_POINT('',(-18.1868705772255,32.9999999999999,5.46880366561568));
#1876=CARTESIAN_POINT('',(-16.9840259096732,34.3109781981883,2.71616883153058));
#1877=CARTESIAN_POINT('',(-17.3849741321907,33.8739854654589,3.63371377622554));
#1878=CARTESIAN_POINT('',(-17.7859223547081,33.4369927327294,4.5512587209206));
#1879=CARTESIAN_POINT('',(-18.1868705772255,32.9999999999999,5.46880366561568));
#1880=CARTESIAN_POINT('',(-17.1204859528548,33.0000000000002,1.61357036101455));
#1881=CARTESIAN_POINT('',(-17.0749992717943,33.4369927327296,1.98110318451983));
#1882=CARTESIAN_POINT('',(-17.0295125907338,33.873985465459,2.3486360080252));
#1883=CARTESIAN_POINT('',(-16.9840259096732,34.3109781981883,2.71616883153058));
#1884=CARTESIAN_POINT('',(-17.2096657928892,34.3649435559323,2.65375525416817));
#1885=CARTESIAN_POINT('',(-16.4731105285928,36.243295703955,1.76917016944547));
#1886=CARTESIAN_POINT('',(-15.7365552642964,38.1216478519776,0.88458508472284));
#1887=CARTESIAN_POINT('',(-15.,40.0000000000003,2.70006239588838E-13));
#1888=CARTESIAN_POINT('',(-16.9840259096732,34.3109781981883,2.71616883153058));
#1889=CARTESIAN_POINT('',(-16.3226839397822,36.2073187987923,1.81077922102056));
#1890=CARTESIAN_POINT('',(-15.6613419698912,38.1036593993962,0.905389610510515));
#1891=CARTESIAN_POINT('',(-15.,40.0000000000003,2.70006239588838E-13));
#1892=CARTESIAN_POINT('',(-17.8356988074617,40.0518686817472,2.74397200361105));
#1893=CARTESIAN_POINT('',(-17.8284271247462,39.9999999999999,6.82842712474596));
#1894=CARTESIAN_POINT('',(-16.2148567637315,33.,8.94891307760113));
#1895=CARTESIAN_POINT('',(-18.1554876366316,39.9246092645376,2.82842712474619));
#1896=CARTESIAN_POINT('',(-16.5419172756169,32.9246092645377,4.94891307760136));
#1897=CARTESIAN_POINT('',(-16.1916899442655,32.9113567069862,8.98694195856539));
#1898=CARTESIAN_POINT('',(-17.8445952363253,40.049817965471,2.74397200361106));
#1899=CARTESIAN_POINT('',(-16.1968813959277,32.9101600251958,8.98694195856539));
#1900=CARTESIAN_POINT('',(-17.5013666128608,40.0753907354624,2.82842712474619));
#1901=CARTESIAN_POINT('',(-16.2148567637315,32.9999999999999,8.94891307760085));
#1902=CARTESIAN_POINT('',(-17.8284271247462,39.9999999999999,6.82842712474596));
#1903=CARTESIAN_POINT('',(-16.5419172756168,32.9246092645375,12.9489130776006));
#1904=CARTESIAN_POINT('',(-17.8284271247462,40.,6.82842712474619));
#1905=CARTESIAN_POINT('',(-17.8284271247462,40.,2.82842712474619));
#1906=CARTESIAN_POINT('',(-16.2148567637315,32.9999999999999,8.94891307760094));
#1907=CARTESIAN_POINT('',(-17.6370701029556,38.6350564440678,5.80211326143492));
#1908=CARTESIAN_POINT('',(-17.4029572849877,38.6890218018117,5.80211326143478));
#1909=CARTESIAN_POINT('',(-16.2148567637315,32.9999999999999,8.94891307760094));
#1910=CARTESIAN_POINT('',(-17.8284271247462,40.,2.82842712474619));
#1911=CARTESIAN_POINT('',(-17.8284271247462,40.,6.82842712474619));
#1912=CARTESIAN_POINT('',(-16.2148567637315,32.9999999999999,8.94891307760094));
#1913=CARTESIAN_POINT('',(-17.8284271247462,40.,6.82842712474619));
#1914=CARTESIAN_POINT('',(-17.764641450816,39.5450188146892,6.48632250364234));
#1915=CARTESIAN_POINT('',(-17.7008557768858,39.0900376293785,6.14421788253864));
#1916=CARTESIAN_POINT('',(-17.6370701029556,38.6350564440678,5.80211326143492));
#1917=CARTESIAN_POINT('',(-17.8284271247462,40.,2.82842712474619));
#1918=CARTESIAN_POINT('',(-17.764641450816,39.5450188146893,3.81965583697578));
#1919=CARTESIAN_POINT('',(-17.7008557768858,39.0900376293786,4.81088454920535));
#1920=CARTESIAN_POINT('',(-17.6370701029556,38.6350564440678,5.80211326143492));
#1921=CARTESIAN_POINT('',(-17.8284271247462,40.,6.82842712474619));
#1922=CARTESIAN_POINT('',(-17.8284271247462,40.,2.82842712474619));
#1923=CARTESIAN_POINT('',(-17.4029572849877,38.6890218018117,5.80211326143478));
#1924=CARTESIAN_POINT('',(-17.5447805649072,39.1260145345412,4.81088454920533));
#1925=CARTESIAN_POINT('',(-17.6866038448267,39.5630072672706,3.81965583697577));
#1926=CARTESIAN_POINT('',(-17.8284271247462,40.,2.82842712474619));
#1927=CARTESIAN_POINT('',(-17.8284271247462,40.,6.82842712474619));
#1928=CARTESIAN_POINT('',(-17.6866038448267,39.5630072672705,6.48632250364246));
#1929=CARTESIAN_POINT('',(-17.5447805649072,39.1260145345411,6.14421788253864));
#1930=CARTESIAN_POINT('',(-17.4029572849877,38.6890218018117,5.80211326143478));
#1931=CARTESIAN_POINT('',(-17.6370701029556,38.6350564440678,5.80211326143492));
#1932=CARTESIAN_POINT('',(-17.1629989898809,36.7567042960452,6.85104653349033));
#1933=CARTESIAN_POINT('',(-16.6889278768062,34.8783521480226,7.89997980554567));
#1934=CARTESIAN_POINT('',(-16.2148567637315,32.9999999999999,8.94891307760094));
#1935=CARTESIAN_POINT('',(-17.4029572849877,38.6890218018117,5.80211326143478));
#1936=CARTESIAN_POINT('',(-17.0069237779023,36.7926812012079,6.85104653349008));
#1937=CARTESIAN_POINT('',(-16.6108902708169,34.8963406006039,7.8999798055454));
#1938=CARTESIAN_POINT('',(-16.2148567637315,32.9999999999999,8.94891307760094));
#1939=CARTESIAN_POINT('',(-16.1795466602217,32.9481313182528,9.02597630777974));
#1940=CARTESIAN_POINT('',(-18.1868705772255,33.0000000000002,5.46880366561588));
#1941=CARTESIAN_POINT('',(-17.8284271247461,40.0000000000002,2.82842712474624));
#1942=CARTESIAN_POINT('',(-16.4994083551568,33.0753907354623,9.11015503942257));
#1943=CARTESIAN_POINT('',(-16.1409649026774,40.0753907354624,6.46977849855294));
#1944=CARTESIAN_POINT('',(-17.8270197277721,40.088643293014,2.78391963610308));
#1945=CARTESIAN_POINT('',(-16.187286796677,32.9501820345289,9.03036227793215));
#1946=CARTESIAN_POINT('',(-17.83153643272,40.0898399748044,2.7864790397006));
#1947=CARTESIAN_POINT('',(-15.9303051723063,32.9246092645376,8.78767111577934));
#1948=CARTESIAN_POINT('',(-17.828427124746,40.0000000000003,2.82842712474649));
#1949=CARTESIAN_POINT('',(-18.1868705772255,33.0000000000002,5.46880366561588));
#1950=CARTESIAN_POINT('',(-20.0849925296652,40.0753907354629,-0.490440325416982));
#1951=CARTESIAN_POINT('',(-18.1868705772256,33.0000000000002,5.46880366561567));
#1952=CARTESIAN_POINT('',(-16.2148567637316,32.9999999999999,8.94891307760096));
#1953=CARTESIAN_POINT('',(-17.828427124746,40.0000000000003,2.8284271247464));
#1954=CARTESIAN_POINT('',(-17.5144084552224,34.3649435559323,6.26738512688584));
#1955=CARTESIAN_POINT('',(-17.3107238999031,34.3109781981883,6.15196669914877));
#1956=CARTESIAN_POINT('',(-17.828427124746,40.0000000000003,2.8284271247464));
#1957=CARTESIAN_POINT('',(-16.2148567637316,32.9999999999999,8.94891307760096));
#1958=CARTESIAN_POINT('',(-18.1868705772256,33.0000000000002,5.46880366561567));
#1959=CARTESIAN_POINT('',(-17.828427124746,40.0000000000003,2.8284271247464));
#1960=CARTESIAN_POINT('',(-18.1868705772256,33.0000000000002,5.46880366561567));
#1961=CARTESIAN_POINT('',(-17.9627165365578,33.4549811853109,5.73499748603915));
#1962=CARTESIAN_POINT('',(-17.7385624958901,33.9099623706216,6.0011913064625));
#1963=CARTESIAN_POINT('',(-17.5144084552224,34.3649435559323,6.26738512688584));
#1964=CARTESIAN_POINT('',(-16.2148567637316,32.9999999999999,8.94891307760096));
#1965=CARTESIAN_POINT('',(-16.6480406608952,33.4549811853107,8.05507042736257));
#1966=CARTESIAN_POINT('',(-17.0812245580588,33.9099623706214,7.16122777712422));
#1967=CARTESIAN_POINT('',(-17.5144084552224,34.3649435559323,6.26738512688584));
#1968=CARTESIAN_POINT('',(-18.1868705772256,33.0000000000002,5.46880366561567));
#1969=CARTESIAN_POINT('',(-16.2148567637316,32.9999999999999,8.94891307760096));
#1970=CARTESIAN_POINT('',(-17.3107238999031,34.3109781981883,6.15196669914877));
#1971=CARTESIAN_POINT('',(-16.9454348545126,33.8739854654589,7.08428215863277));
#1972=CARTESIAN_POINT('',(-16.5801458091221,33.4369927327294,8.01659761811685));
#1973=CARTESIAN_POINT('',(-16.2148567637316,32.9999999999999,8.94891307760096));
#1974=CARTESIAN_POINT('',(-18.1868705772256,33.0000000000002,5.46880366561567));
#1975=CARTESIAN_POINT('',(-17.8948216847848,33.4369927327296,5.6965246767933));
#1976=CARTESIAN_POINT('',(-17.602772792344,33.873985465459,5.92424568797103));
#1977=CARTESIAN_POINT('',(-17.3107238999031,34.3109781981883,6.15196669914877));
#1978=CARTESIAN_POINT('',(-17.5144084552224,34.3649435559323,6.26738512688584));
#1979=CARTESIAN_POINT('',(-17.6190813450636,36.243295703955,5.1210657928393));
#1980=CARTESIAN_POINT('',(-17.7237542349048,38.1216478519776,3.97474645879282));
#1981=CARTESIAN_POINT('',(-17.828427124746,40.0000000000003,2.8284271247464));
#1982=CARTESIAN_POINT('',(-17.3107238999031,34.3109781981883,6.15196669914877));
#1983=CARTESIAN_POINT('',(-17.4832916415174,36.2073187987923,5.04412017434806));
#1984=CARTESIAN_POINT('',(-17.6558593831317,38.1036593993962,3.93627364954733));
#1985=CARTESIAN_POINT('',(-17.828427124746,40.0000000000003,2.8284271247464));
#1986=CARTESIAN_POINT('',(-17.8932877697656,40.0518686817472,6.7738501920444));
#1987=CARTESIAN_POINT('',(-15.0000000000002,39.9999999999999,9.65685424949222));
#1988=CARTESIAN_POINT('',(-12.3596234591303,33.,10.0152977019718));
#1989=CARTESIAN_POINT('',(-18.0596938305587,39.9246092645376,7.0596938305587));
#1990=CARTESIAN_POINT('',(-15.4193172896889,32.9246092645377,7.41813728303827));
#1991=CARTESIAN_POINT('',(-12.3163515643766,32.9113567069862,10.0258067664396));
#1992=CARTESIAN_POINT('',(-17.8995784949433,40.049817965471,6.78014091722217));
#1993=CARTESIAN_POINT('',(-12.3200224750512,32.9101600251958,10.0294776771142));
#1994=CARTESIAN_POINT('',(-17.5971604189337,40.0753907354624,6.5971604189337));
#1995=CARTESIAN_POINT('',(-12.3596234591305,32.9999999999999,10.0152977019716));
#1996=CARTESIAN_POINT('',(-15.0000000000002,39.9999999999999,9.65685424949222));
#1997=CARTESIAN_POINT('',(-9.76246304019698,32.9246092645375,13.0749915325301));
#1998=CARTESIAN_POINT('',(-15.,40.,9.65685424949238));
#1999=CARTESIAN_POINT('',(-17.8284271247462,40.,6.8284271247462));
#2000=CARTESIAN_POINT('',(-12.3596234591304,32.9999999999999,10.0152977019717));
#2001=CARTESIAN_POINT('',(-15.5904036446374,38.6350564440678,8.79583090938346));
#2002=CARTESIAN_POINT('',(-15.4248608834897,38.6890218018117,8.63028814823555));
#2003=CARTESIAN_POINT('',(-12.3596234591304,32.9999999999999,10.0152977019717));
#2004=CARTESIAN_POINT('',(-17.8284271247462,40.,6.8284271247462));
#2005=CARTESIAN_POINT('',(-15.,40.,9.65685424949238));
#2006=CARTESIAN_POINT('',(-12.3596234591304,32.9999999999999,10.0152977019717));
#2007=CARTESIAN_POINT('',(-15.,40.,9.65685424949238));
#2008=CARTESIAN_POINT('',(-15.1968012148792,39.5450188146892,9.36984646945601));
#2009=CARTESIAN_POINT('',(-15.3936024297583,39.0900376293785,9.08283868941974));
#2010=CARTESIAN_POINT('',(-15.5904036446374,38.6350564440678,8.79583090938346));
#2011=CARTESIAN_POINT('',(-17.8284271247462,40.,6.8284271247462));
#2012=CARTESIAN_POINT('',(-17.0824192980433,39.5450188146893,7.48422838629197));
#2013=CARTESIAN_POINT('',(-16.3364114713403,39.0900376293786,8.14002964783771));
#2014=CARTESIAN_POINT('',(-15.5904036446374,38.6350564440678,8.79583090938346));
#2015=CARTESIAN_POINT('',(-15.,40.,9.65685424949238));
#2016=CARTESIAN_POINT('',(-17.8284271247462,40.,6.8284271247462));
#2017=CARTESIAN_POINT('',(-15.4248608834897,38.6890218018117,8.63028814823555));
#2018=CARTESIAN_POINT('',(-16.2260496305751,39.1260145345412,8.02966780707248));
#2019=CARTESIAN_POINT('',(-17.0272383776607,39.5630072672706,7.42904746590935));
#2020=CARTESIAN_POINT('',(-17.8284271247462,40.,6.8284271247462));
#2021=CARTESIAN_POINT('',(-15.,40.,9.65685424949238));
#2022=CARTESIAN_POINT('',(-15.1416202944965,39.5630072672705,9.31466554907348));
#2023=CARTESIAN_POINT('',(-15.2832405889931,39.1260145345411,8.97247684865452));
#2024=CARTESIAN_POINT('',(-15.4248608834897,38.6890218018117,8.63028814823555));
#2025=CARTESIAN_POINT('',(-15.5904036446374,38.6350564440678,8.79583090938346));
#2026=CARTESIAN_POINT('',(-14.513476916135,36.7567042960452,9.20231984024623));
#2027=CARTESIAN_POINT('',(-13.4365501876327,34.8783521480226,9.60880877110896));
#2028=CARTESIAN_POINT('',(-12.3596234591304,32.9999999999999,10.0152977019717));
#2029=CARTESIAN_POINT('',(-15.4248608834897,38.6890218018117,8.63028814823555));
#2030=CARTESIAN_POINT('',(-14.40311507537,36.7926812012079,9.09195799948086));
#2031=CARTESIAN_POINT('',(-13.3813692672503,34.8963406006039,9.55362785072619));
#2032=CARTESIAN_POINT('',(-12.3596234591304,32.9999999999999,10.0152977019717));
#2033=CARTESIAN_POINT('',(-12.2801635128547,32.9481313182528,10.0448216209751));
#2034=CARTESIAN_POINT('',(-16.2148567637314,33.0000000000002,8.94891307760108));
#2035=CARTESIAN_POINT('',(-17.8284271247461,40.0000000000002,6.82842712474618));
#2036=CARTESIAN_POINT('',(-12.4468165344089,33.0753907354623,10.3305213464818));
#2037=CARTESIAN_POINT('',(-14.0603868954235,40.0753907354624,8.21003539362694));
#2038=CARTESIAN_POINT('',(-17.8589034918351,40.088643293014,6.79596039776885));
#2039=CARTESIAN_POINT('',(-12.2825352665927,32.9501820345289,10.0533960731867));
#2040=CARTESIAN_POINT('',(-17.8602875128928,40.0898399748044,6.80096396210575));
#2041=CARTESIAN_POINT('',(-12.2724303838522,32.9246092645376,9.70007405746162));
#2042=CARTESIAN_POINT('',(-17.8284271247458,40.0000000000003,6.82842712474625));
#2043=CARTESIAN_POINT('',(-16.2148567637314,33.0000000000002,8.94891307760108));
#2044=CARTESIAN_POINT('',(-21.7708535046251,40.0753907354629,6.07726614488571));
#2045=CARTESIAN_POINT('',(-16.2148567637316,33.0000000000002,8.94891307760102));
#2046=CARTESIAN_POINT('',(-12.3596234591305,32.9999999999999,10.0152977019717));
#2047=CARTESIAN_POINT('',(-17.8284271247459,40.0000000000003,6.82842712474623));
#2048=CARTESIAN_POINT('',(-15.174671870578,34.3649435559323,9.0380929176354));
#2049=CARTESIAN_POINT('',(-15.1122582932156,34.3109781981883,8.81245303441945));
#2050=CARTESIAN_POINT('',(-17.8284271247459,40.0000000000003,6.82842712474623));
#2051=CARTESIAN_POINT('',(-12.3596234591305,32.9999999999999,10.0152977019717));
#2052=CARTESIAN_POINT('',(-16.2148567637316,33.0000000000002,8.94891307760102));
#2053=CARTESIAN_POINT('',(-17.8284271247459,40.0000000000003,6.82842712474623));
#2054=CARTESIAN_POINT('',(-16.2148567637316,33.0000000000002,8.94891307760102));
#2055=CARTESIAN_POINT('',(-15.8681284660137,33.4549811853109,8.97863969094584));
#2056=CARTESIAN_POINT('',(-15.5214001682958,33.9099623706216,9.00836630429062));
#2057=CARTESIAN_POINT('',(-15.174671870578,34.3649435559323,9.0380929176354));
#2058=CARTESIAN_POINT('',(-12.3596234591305,32.9999999999999,10.0152977019717));
#2059=CARTESIAN_POINT('',(-13.297972929613,33.4549811853107,9.68956277385962));
#2060=CARTESIAN_POINT('',(-14.2363224000955,33.9099623706214,9.36382784574752));
#2061=CARTESIAN_POINT('',(-15.174671870578,34.3649435559323,9.0380929176354));
#2062=CARTESIAN_POINT('',(-16.2148567637316,33.0000000000002,8.94891307760102));
#2063=CARTESIAN_POINT('',(-12.3596234591305,32.9999999999999,10.0152977019717));
#2064=CARTESIAN_POINT('',(-15.1122582932156,34.3109781981883,8.81245303441945));
#2065=CARTESIAN_POINT('',(-14.1947133485207,33.8739854654589,9.21340125693685));
#2066=CARTESIAN_POINT('',(-13.2771684038256,33.4369927327294,9.61434947945428));
#2067=CARTESIAN_POINT('',(-12.3596234591305,32.9999999999999,10.0152977019717));
#2068=CARTESIAN_POINT('',(-16.2148567637316,33.0000000000002,8.94891307760102));
#2069=CARTESIAN_POINT('',(-15.8473239402264,33.4369927327296,8.90342639654046));
#2070=CARTESIAN_POINT('',(-15.479791116721,33.873985465459,8.85793971547995));
#2071=CARTESIAN_POINT('',(-15.1122582932156,34.3109781981883,8.81245303441945));
#2072=CARTESIAN_POINT('',(-15.174671870578,34.3649435559323,9.0380929176354));
#2073=CARTESIAN_POINT('',(-16.0592569553007,36.243295703955,8.30153765333898));
#2074=CARTESIAN_POINT('',(-16.9438420400234,38.1216478519776,7.56498238904259));
#2075=CARTESIAN_POINT('',(-17.8284271247459,40.0000000000003,6.82842712474623));
#2076=CARTESIAN_POINT('',(-15.1122582932156,34.3109781981883,8.81245303441945));
#2077=CARTESIAN_POINT('',(-16.0176479037256,36.2073187987923,8.15111106452841));
#2078=CARTESIAN_POINT('',(-16.9230375142357,38.1036593993962,7.48976909463736));
#2079=CARTESIAN_POINT('',(-17.8284271247459,40.0000000000003,6.82842712474623));
#2080=CARTESIAN_POINT('',(0.,0.,0.));
#2081=CARTESIAN_POINT('',(0.,0.,0.));
ENDSEC;
END-ISO-10303-21;
