ISO-10303-21;
HEADER;
/* Generated by software containing ST-Developer
 * from STEP Tools, Inc. (www.steptools.com) 
 */
/* OPTION: using custom schema-name function */

FILE_DESCRIPTION(
/* description */ (''),
/* implementation_level */ '2;1');

FILE_NAME(
/* name */ '9299',
/* time_stamp */ '2026-09-29T11:50:57+08:00',
/* author */ (''),
/* organization */ (''),
/* preprocessor_version */ 'ST-DEVELOPER v16.5',
/* originating_system */ '',
/* authorisation */ '');

FILE_SCHEMA (('CONFIG_CONTROL_DESIGN'));
ENDSEC;

DATA;
#10=SHAPE_REPRESENTATION_RELATIONSHIP('','',#1696,#78);
#11=SHAPE_REPRESENTATION_RELATIONSHIP('','',#1696,#131);
#12=SHAPE_REPRESENTATION_RELATIONSHIP('','',#1696,#96);
#13=VECTOR('',#1789,4.);
#14=VECTOR('',#1798,4.);
#15=VECTOR('',#1807,4.);
#16=VECTOR('',#1816,4.);
#17=VECTOR('',#1825,4.);
#18=VECTOR('',#1834,4.);
#19=VECTOR('',#1843,4.);
#20=VECTOR('',#1852,4.);
#21=LINE('',#2002,#13);
#22=LINE('',#2129,#14);
#23=LINE('',#2256,#15);
#24=LINE('',#2383,#16);
#25=LINE('',#2510,#17);
#26=LINE('',#2637,#18);
#27=LINE('',#2764,#19);
#28=LINE('',#2893,#20);
#29=B_SPLINE_SURFACE_WITH_KNOTS('',1,1,((#1983,#1984),(#1985,#1986)),
 .UNSPECIFIED.,.F.,.F.,.F.,(2,2),(2,2),(0.,7.4899979964083),(0.,9.43737026978595),
 .UNSPECIFIED.);
#30=B_SPLINE_SURFACE_WITH_KNOTS('',1,1,((#2003,#2004),(#2005,#2006)),
 .UNSPECIFIED.,.F.,.F.,.F.,(2,2),(2,2),(0.,4.),(0.,7.4899979964083),
 .UNSPECIFIED.);
#31=B_SPLINE_SURFACE_WITH_KNOTS('',1,1,((#2017,#2018),(#2019,#2020)),
 .UNSPECIFIED.,.F.,.F.,.F.,(2,2),(2,2),(0.,4.01405684332278),(0.,7.4899979964083),
 .UNSPECIFIED.);
#32=B_SPLINE_SURFACE_WITH_KNOTS('',1,1,((#2024,#2025),(#2026,#2027)),
 .UNSPECIFIED.,.F.,.F.,.F.,(2,2),(2,2),(0.,4.01405684332278),(0.,9.44333680170658),
 .UNSPECIFIED.);
#33=B_SPLINE_SURFACE_WITH_KNOTS('',1,1,((#2064,#2065),(#2066,#2067)),
 .UNSPECIFIED.,.F.,.F.,.F.,(2,2),(2,2),(0.,4.01405684332278),(0.,7.4899979964083),
 .UNSPECIFIED.);
#34=B_SPLINE_SURFACE_WITH_KNOTS('',1,1,((#2071,#2072),(#2073,#2074)),
 .UNSPECIFIED.,.F.,.F.,.F.,(2,2),(2,2),(0.,4.01405684332278),(0.,9.44333680170658),
 .UNSPECIFIED.);
#35=B_SPLINE_SURFACE_WITH_KNOTS('',1,1,((#2110,#2111),(#2112,#2113)),
 .UNSPECIFIED.,.F.,.F.,.F.,(2,2),(2,2),(0.,7.4899979964083),(0.,9.43737026978595),
 .UNSPECIFIED.);
#36=B_SPLINE_SURFACE_WITH_KNOTS('',1,1,((#2130,#2131),(#2132,#2133)),
 .UNSPECIFIED.,.F.,.F.,.F.,(2,2),(2,2),(0.,4.),(0.,7.4899979964083),
 .UNSPECIFIED.);
#37=B_SPLINE_SURFACE_WITH_KNOTS('',1,1,((#2144,#2145),(#2146,#2147)),
 .UNSPECIFIED.,.F.,.F.,.F.,(2,2),(2,2),(0.,4.01405684332278),(0.,7.4899979964083),
 .UNSPECIFIED.);
#38=B_SPLINE_SURFACE_WITH_KNOTS('',1,1,((#2151,#2152),(#2153,#2154)),
 .UNSPECIFIED.,.F.,.F.,.F.,(2,2),(2,2),(0.,4.01405684332278),(0.,9.44333680170658),
 .UNSPECIFIED.);
#39=B_SPLINE_SURFACE_WITH_KNOTS('',1,1,((#2191,#2192),(#2193,#2194)),
 .UNSPECIFIED.,.F.,.F.,.F.,(2,2),(2,2),(0.,4.01405684332278),(0.,7.4899979964083),
 .UNSPECIFIED.);
#40=B_SPLINE_SURFACE_WITH_KNOTS('',1,1,((#2198,#2199),(#2200,#2201)),
 .UNSPECIFIED.,.F.,.F.,.F.,(2,2),(2,2),(0.,4.01405684332278),(0.,9.44333680170658),
 .UNSPECIFIED.);
#41=B_SPLINE_SURFACE_WITH_KNOTS('',1,1,((#2237,#2238),(#2239,#2240)),
 .UNSPECIFIED.,.F.,.F.,.F.,(2,2),(2,2),(0.,7.4899979964083),(0.,9.43737026978595),
 .UNSPECIFIED.);
#42=B_SPLINE_SURFACE_WITH_KNOTS('',1,1,((#2257,#2258),(#2259,#2260)),
 .UNSPECIFIED.,.F.,.F.,.F.,(2,2),(2,2),(0.,4.),(0.,7.4899979964083),
 .UNSPECIFIED.);
#43=B_SPLINE_SURFACE_WITH_KNOTS('',1,1,((#2271,#2272),(#2273,#2274)),
 .UNSPECIFIED.,.F.,.F.,.F.,(2,2),(2,2),(0.,4.01405684332278),(0.,7.4899979964083),
 .UNSPECIFIED.);
#44=B_SPLINE_SURFACE_WITH_KNOTS('',1,1,((#2278,#2279),(#2280,#2281)),
 .UNSPECIFIED.,.F.,.F.,.F.,(2,2),(2,2),(0.,4.01405684332278),(0.,9.44333680170658),
 .UNSPECIFIED.);
#45=B_SPLINE_SURFACE_WITH_KNOTS('',1,1,((#2318,#2319),(#2320,#2321)),
 .UNSPECIFIED.,.F.,.F.,.F.,(2,2),(2,2),(0.,4.01405684332278),(0.,7.4899979964083),
 .UNSPECIFIED.);
#46=B_SPLINE_SURFACE_WITH_KNOTS('',1,1,((#2325,#2326),(#2327,#2328)),
 .UNSPECIFIED.,.F.,.F.,.F.,(2,2),(2,2),(0.,4.01405684332278),(0.,9.44333680170658),
 .UNSPECIFIED.);
#47=B_SPLINE_SURFACE_WITH_KNOTS('',1,1,((#2364,#2365),(#2366,#2367)),
 .UNSPECIFIED.,.F.,.F.,.F.,(2,2),(2,2),(0.,7.4899979964083),(0.,9.43737026978595),
 .UNSPECIFIED.);
#48=B_SPLINE_SURFACE_WITH_KNOTS('',1,1,((#2384,#2385),(#2386,#2387)),
 .UNSPECIFIED.,.F.,.F.,.F.,(2,2),(2,2),(0.,4.),(0.,7.4899979964083),
 .UNSPECIFIED.);
#49=B_SPLINE_SURFACE_WITH_KNOTS('',1,1,((#2398,#2399),(#2400,#2401)),
 .UNSPECIFIED.,.F.,.F.,.F.,(2,2),(2,2),(0.,4.01405684332278),(0.,7.4899979964083),
 .UNSPECIFIED.);
#50=B_SPLINE_SURFACE_WITH_KNOTS('',1,1,((#2405,#2406),(#2407,#2408)),
 .UNSPECIFIED.,.F.,.F.,.F.,(2,2),(2,2),(0.,4.01405684332278),(0.,9.44333680170658),
 .UNSPECIFIED.);
#51=B_SPLINE_SURFACE_WITH_KNOTS('',1,1,((#2445,#2446),(#2447,#2448)),
 .UNSPECIFIED.,.F.,.F.,.F.,(2,2),(2,2),(0.,4.01405684332278),(0.,7.4899979964083),
 .UNSPECIFIED.);
#52=B_SPLINE_SURFACE_WITH_KNOTS('',1,1,((#2452,#2453),(#2454,#2455)),
 .UNSPECIFIED.,.F.,.F.,.F.,(2,2),(2,2),(0.,4.01405684332278),(0.,9.44333680170658),
 .UNSPECIFIED.);
#53=B_SPLINE_SURFACE_WITH_KNOTS('',1,1,((#2491,#2492),(#2493,#2494)),
 .UNSPECIFIED.,.F.,.F.,.F.,(2,2),(2,2),(0.,7.4899979964083),(0.,9.43737026978595),
 .UNSPECIFIED.);
#54=B_SPLINE_SURFACE_WITH_KNOTS('',1,1,((#2511,#2512),(#2513,#2514)),
 .UNSPECIFIED.,.F.,.F.,.F.,(2,2),(2,2),(0.,4.),(0.,7.4899979964083),
 .UNSPECIFIED.);
#55=B_SPLINE_SURFACE_WITH_KNOTS('',1,1,((#2525,#2526),(#2527,#2528)),
 .UNSPECIFIED.,.F.,.F.,.F.,(2,2),(2,2),(0.,4.01405684332278),(0.,7.4899979964083),
 .UNSPECIFIED.);
#56=B_SPLINE_SURFACE_WITH_KNOTS('',1,1,((#2532,#2533),(#2534,#2535)),
 .UNSPECIFIED.,.F.,.F.,.F.,(2,2),(2,2),(0.,4.01405684332278),(0.,9.44333680170658),
 .UNSPECIFIED.);
#57=B_SPLINE_SURFACE_WITH_KNOTS('',1,1,((#2572,#2573),(#2574,#2575)),
 .UNSPECIFIED.,.F.,.F.,.F.,(2,2),(2,2),(0.,4.01405684332278),(0.,7.4899979964083),
 .UNSPECIFIED.);
#58=B_SPLINE_SURFACE_WITH_KNOTS('',1,1,((#2579,#2580),(#2581,#2582)),
 .UNSPECIFIED.,.F.,.F.,.F.,(2,2),(2,2),(0.,4.01405684332278),(0.,9.44333680170658),
 .UNSPECIFIED.);
#59=B_SPLINE_SURFACE_WITH_KNOTS('',1,1,((#2618,#2619),(#2620,#2621)),
 .UNSPECIFIED.,.F.,.F.,.F.,(2,2),(2,2),(0.,7.4899979964083),(0.,9.43737026978595),
 .UNSPECIFIED.);
#60=B_SPLINE_SURFACE_WITH_KNOTS('',1,1,((#2638,#2639),(#2640,#2641)),
 .UNSPECIFIED.,.F.,.F.,.F.,(2,2),(2,2),(0.,4.),(0.,7.4899979964083),
 .UNSPECIFIED.);
#61=B_SPLINE_SURFACE_WITH_KNOTS('',1,1,((#2652,#2653),(#2654,#2655)),
 .UNSPECIFIED.,.F.,.F.,.F.,(2,2),(2,2),(0.,4.01405684332278),(0.,7.4899979964083),
 .UNSPECIFIED.);
#62=B_SPLINE_SURFACE_WITH_KNOTS('',1,1,((#2659,#2660),(#2661,#2662)),
 .UNSPECIFIED.,.F.,.F.,.F.,(2,2),(2,2),(0.,4.01405684332278),(0.,9.44333680170658),
 .UNSPECIFIED.);
#63=B_SPLINE_SURFACE_WITH_KNOTS('',1,1,((#2699,#2700),(#2701,#2702)),
 .UNSPECIFIED.,.F.,.F.,.F.,(2,2),(2,2),(0.,4.01405684332278),(0.,7.4899979964083),
 .UNSPECIFIED.);
#64=B_SPLINE_SURFACE_WITH_KNOTS('',1,1,((#2706,#2707),(#2708,#2709)),
 .UNSPECIFIED.,.F.,.F.,.F.,(2,2),(2,2),(0.,4.01405684332278),(0.,9.44333680170658),
 .UNSPECIFIED.);
#65=B_SPLINE_SURFACE_WITH_KNOTS('',1,1,((#2745,#2746),(#2747,#2748)),
 .UNSPECIFIED.,.F.,.F.,.F.,(2,2),(2,2),(0.,7.4899979964083),(0.,9.43737026978595),
 .UNSPECIFIED.);
#66=B_SPLINE_SURFACE_WITH_KNOTS('',1,1,((#2765,#2766),(#2767,#2768)),
 .UNSPECIFIED.,.F.,.F.,.F.,(2,2),(2,2),(0.,4.),(0.,7.4899979964083),
 .UNSPECIFIED.);
#67=B_SPLINE_SURFACE_WITH_KNOTS('',1,1,((#2779,#2780),(#2781,#2782)),
 .UNSPECIFIED.,.F.,.F.,.F.,(2,2),(2,2),(0.,4.01405684332278),(0.,7.4899979964083),
 .UNSPECIFIED.);
#68=B_SPLINE_SURFACE_WITH_KNOTS('',1,1,((#2786,#2787),(#2788,#2789)),
 .UNSPECIFIED.,.F.,.F.,.F.,(2,2),(2,2),(0.,4.01405684332278),(0.,9.44333680170658),
 .UNSPECIFIED.);
#69=B_SPLINE_SURFACE_WITH_KNOTS('',1,1,((#2826,#2827),(#2828,#2829)),
 .UNSPECIFIED.,.F.,.F.,.F.,(2,2),(2,2),(0.,4.01405684332278),(0.,7.4899979964083),
 .UNSPECIFIED.);
#70=B_SPLINE_SURFACE_WITH_KNOTS('',1,1,((#2833,#2834),(#2835,#2836)),
 .UNSPECIFIED.,.F.,.F.,.F.,(2,2),(2,2),(0.,4.01405684332278),(0.,9.44333680170658),
 .UNSPECIFIED.);
#71=B_SPLINE_SURFACE_WITH_KNOTS('',1,1,((#2872,#2873),(#2874,#2875)),
 .UNSPECIFIED.,.F.,.F.,.F.,(2,2),(2,2),(0.,7.4899979964083),(0.,9.43737026978595),
 .UNSPECIFIED.);
#72=B_SPLINE_SURFACE_WITH_KNOTS('',1,1,((#2894,#2895),(#2896,#2897)),
 .UNSPECIFIED.,.F.,.F.,.F.,(2,2),(2,2),(0.,4.),(0.,7.4899979964083),
 .UNSPECIFIED.);
#73=B_SPLINE_SURFACE_WITH_KNOTS('',1,1,((#2908,#2909),(#2910,#2911)),
 .UNSPECIFIED.,.F.,.F.,.F.,(2,2),(2,2),(0.,4.01405684332278),(0.,7.4899979964083),
 .UNSPECIFIED.);
#74=B_SPLINE_SURFACE_WITH_KNOTS('',1,1,((#2915,#2916),(#2917,#2918)),
 .UNSPECIFIED.,.F.,.F.,.F.,(2,2),(2,2),(0.,4.01405684332278),(0.,9.44333680170658),
 .UNSPECIFIED.);
#75=B_SPLINE_SURFACE_WITH_KNOTS('',1,1,((#2955,#2956),(#2957,#2958)),
 .UNSPECIFIED.,.F.,.F.,.F.,(2,2),(2,2),(0.,4.01405684332278),(0.,7.4899979964083),
 .UNSPECIFIED.);
#76=B_SPLINE_SURFACE_WITH_KNOTS('',1,1,((#2962,#2963),(#2964,#2965)),
 .UNSPECIFIED.,.F.,.F.,.F.,(2,2),(2,2),(0.,4.01405684332278),(0.,9.44333680170658),
 .UNSPECIFIED.);
#77=GEOMETRIC_CURVE_SET('curve_set_0',(#1967,#1968,#1969,#1970,#1971,#1972,
#1973,#1974,#1975,#1976,#1977,#1978,#1979,#1980,#1981,#1982,#1169,#1170,
#1171,#21,#1196,#1197,#1198,#22,#1223,#1224,#1225,#23,#1250,#1251,#1252,
#24,#1277,#1278,#1279,#25,#1304,#1305,#1306,#26,#1331,#1332,#1333,#27,#1358,
#1359,#1360,#1361,#28));
#78=GEOMETRICALLY_BOUNDED_WIREFRAME_SHAPE_REPRESENTATION(
'wireframe_rep_0',(#77,#1773),#1695);
#79=SHELL_BASED_SURFACE_MODEL('shell_1',(#97));
#80=SHELL_BASED_SURFACE_MODEL('shell_2',(#98));
#81=SHELL_BASED_SURFACE_MODEL('shell_3',(#99));
#82=SHELL_BASED_SURFACE_MODEL('shell_4',(#100));
#83=SHELL_BASED_SURFACE_MODEL('shell_5',(#101));
#84=SHELL_BASED_SURFACE_MODEL('shell_6',(#102));
#85=SHELL_BASED_SURFACE_MODEL('shell_7',(#103));
#86=SHELL_BASED_SURFACE_MODEL('shell_8',(#104));
#87=SHELL_BASED_SURFACE_MODEL('shell_9',(#105));
#88=SHELL_BASED_SURFACE_MODEL('shell_10',(#106));
#89=SHELL_BASED_SURFACE_MODEL('shell_11',(#107));
#90=SHELL_BASED_SURFACE_MODEL('shell_12',(#108));
#91=SHELL_BASED_SURFACE_MODEL('shell_13',(#109));
#92=SHELL_BASED_SURFACE_MODEL('shell_14',(#110));
#93=SHELL_BASED_SURFACE_MODEL('shell_15',(#111));
#94=SHELL_BASED_SURFACE_MODEL('shell_16',(#112));
#95=SHELL_BASED_SURFACE_MODEL('shell_17',(#113));
#96=MANIFOLD_SURFACE_SHAPE_REPRESENTATION('shell_rep_0',(#79,#80,#81,#82,
#83,#84,#85,#86,#87,#88,#89,#90,#91,#92,#93,#94,#95,#1775),#1695);
#97=OPEN_SHELL('',(#159));
#98=OPEN_SHELL('',(#160));
#99=OPEN_SHELL('',(#161));
#100=OPEN_SHELL('',(#174));
#101=OPEN_SHELL('',(#175));
#102=OPEN_SHELL('',(#188));
#103=OPEN_SHELL('',(#189));
#104=OPEN_SHELL('',(#202));
#105=OPEN_SHELL('',(#203));
#106=OPEN_SHELL('',(#216));
#107=OPEN_SHELL('',(#217));
#108=OPEN_SHELL('',(#230));
#109=OPEN_SHELL('',(#231));
#110=OPEN_SHELL('',(#244));
#111=OPEN_SHELL('',(#245));
#112=OPEN_SHELL('',(#258));
#113=OPEN_SHELL('',(#259));
#114=MANIFOLD_SOLID_BREP('brep_1',#132);
#115=MANIFOLD_SOLID_BREP('brep_2',#133);
#116=MANIFOLD_SOLID_BREP('brep_3',#134);
#117=MANIFOLD_SOLID_BREP('brep_4',#135);
#118=MANIFOLD_SOLID_BREP('brep_5',#136);
#119=MANIFOLD_SOLID_BREP('brep_6',#137);
#120=MANIFOLD_SOLID_BREP('brep_7',#138);
#121=MANIFOLD_SOLID_BREP('brep_8',#139);
#122=MANIFOLD_SOLID_BREP('brep_9',#140);
#123=MANIFOLD_SOLID_BREP('brep_10',#141);
#124=MANIFOLD_SOLID_BREP('brep_11',#142);
#125=MANIFOLD_SOLID_BREP('brep_12',#143);
#126=MANIFOLD_SOLID_BREP('brep_13',#144);
#127=MANIFOLD_SOLID_BREP('brep_14',#145);
#128=MANIFOLD_SOLID_BREP('brep_15',#146);
#129=MANIFOLD_SOLID_BREP('brep_16',#147);
#130=MANIFOLD_SOLID_BREP('brep_17',#148);
#131=ADVANCED_BREP_SHAPE_REPRESENTATION('brep_rep_0',(#114,#115,#116,#117,
#118,#119,#120,#121,#122,#123,#124,#125,#126,#127,#128,#129,#130,#1774),
#1695);
#132=CLOSED_SHELL('',(#149,#150,#151,#152,#153,#154,#155,#156,#157,#158));
#133=CLOSED_SHELL('',(#162,#163,#164,#165,#166,#167));
#134=CLOSED_SHELL('',(#168,#169,#170,#171,#172,#173));
#135=CLOSED_SHELL('',(#176,#177,#178,#179,#180,#181));
#136=CLOSED_SHELL('',(#182,#183,#184,#185,#186,#187));
#137=CLOSED_SHELL('',(#190,#191,#192,#193,#194,#195));
#138=CLOSED_SHELL('',(#196,#197,#198,#199,#200,#201));
#139=CLOSED_SHELL('',(#204,#205,#206,#207,#208,#209));
#140=CLOSED_SHELL('',(#210,#211,#212,#213,#214,#215));
#141=CLOSED_SHELL('',(#218,#219,#220,#221,#222,#223));
#142=CLOSED_SHELL('',(#224,#225,#226,#227,#228,#229));
#143=CLOSED_SHELL('',(#232,#233,#234,#235,#236,#237));
#144=CLOSED_SHELL('',(#238,#239,#240,#241,#242,#243));
#145=CLOSED_SHELL('',(#246,#247,#248,#249,#250,#251));
#146=CLOSED_SHELL('',(#252,#253,#254,#255,#256,#257));
#147=CLOSED_SHELL('',(#260,#261,#262,#263,#264,#265));
#148=CLOSED_SHELL('',(#266,#267,#268,#269,#270,#271));
#149=ADVANCED_FACE('',(#272),#1535,.T.);
#150=ADVANCED_FACE('',(#273),#1536,.T.);
#151=ADVANCED_FACE('',(#274),#1537,.T.);
#152=ADVANCED_FACE('',(#275),#1538,.T.);
#153=ADVANCED_FACE('',(#276),#1539,.T.);
#154=ADVANCED_FACE('',(#277),#1540,.T.);
#155=ADVANCED_FACE('',(#278),#1541,.T.);
#156=ADVANCED_FACE('',(#279),#1542,.T.);
#157=ADVANCED_FACE('',(#280),#1543,.T.);
#158=ADVANCED_FACE('',(#281),#1544,.T.);
#159=ADVANCED_FACE('',(#282),#1545,.T.);
#160=ADVANCED_FACE('',(#283),#29,.T.);
#161=ADVANCED_FACE('',(#284),#30,.T.);
#162=ADVANCED_FACE('',(#285),#1546,.T.);
#163=ADVANCED_FACE('',(#286),#31,.T.);
#164=ADVANCED_FACE('',(#287),#1547,.T.);
#165=ADVANCED_FACE('',(#288),#1548,.T.);
#166=ADVANCED_FACE('',(#289),#1549,.T.);
#167=ADVANCED_FACE('',(#290),#32,.T.);
#168=ADVANCED_FACE('',(#291),#1550,.T.);
#169=ADVANCED_FACE('',(#292),#33,.T.);
#170=ADVANCED_FACE('',(#293),#1551,.T.);
#171=ADVANCED_FACE('',(#294),#1552,.T.);
#172=ADVANCED_FACE('',(#295),#1553,.T.);
#173=ADVANCED_FACE('',(#296),#34,.T.);
#174=ADVANCED_FACE('',(#297),#35,.T.);
#175=ADVANCED_FACE('',(#298),#36,.T.);
#176=ADVANCED_FACE('',(#299),#1554,.T.);
#177=ADVANCED_FACE('',(#300),#37,.T.);
#178=ADVANCED_FACE('',(#301),#1555,.T.);
#179=ADVANCED_FACE('',(#302),#1556,.T.);
#180=ADVANCED_FACE('',(#303),#1557,.T.);
#181=ADVANCED_FACE('',(#304),#38,.T.);
#182=ADVANCED_FACE('',(#305),#1558,.T.);
#183=ADVANCED_FACE('',(#306),#39,.T.);
#184=ADVANCED_FACE('',(#307),#1559,.T.);
#185=ADVANCED_FACE('',(#308),#1560,.T.);
#186=ADVANCED_FACE('',(#309),#1561,.T.);
#187=ADVANCED_FACE('',(#310),#40,.T.);
#188=ADVANCED_FACE('',(#311),#41,.T.);
#189=ADVANCED_FACE('',(#312),#42,.T.);
#190=ADVANCED_FACE('',(#313),#1562,.T.);
#191=ADVANCED_FACE('',(#314),#43,.T.);
#192=ADVANCED_FACE('',(#315),#1563,.T.);
#193=ADVANCED_FACE('',(#316),#1564,.T.);
#194=ADVANCED_FACE('',(#317),#1565,.T.);
#195=ADVANCED_FACE('',(#318),#44,.T.);
#196=ADVANCED_FACE('',(#319),#1566,.T.);
#197=ADVANCED_FACE('',(#320),#45,.T.);
#198=ADVANCED_FACE('',(#321),#1567,.T.);
#199=ADVANCED_FACE('',(#322),#1568,.T.);
#200=ADVANCED_FACE('',(#323),#1569,.T.);
#201=ADVANCED_FACE('',(#324),#46,.T.);
#202=ADVANCED_FACE('',(#325),#47,.T.);
#203=ADVANCED_FACE('',(#326),#48,.T.);
#204=ADVANCED_FACE('',(#327),#1570,.T.);
#205=ADVANCED_FACE('',(#328),#49,.T.);
#206=ADVANCED_FACE('',(#329),#1571,.T.);
#207=ADVANCED_FACE('',(#330),#1572,.T.);
#208=ADVANCED_FACE('',(#331),#1573,.T.);
#209=ADVANCED_FACE('',(#332),#50,.T.);
#210=ADVANCED_FACE('',(#333),#1574,.T.);
#211=ADVANCED_FACE('',(#334),#51,.T.);
#212=ADVANCED_FACE('',(#335),#1575,.T.);
#213=ADVANCED_FACE('',(#336),#1576,.T.);
#214=ADVANCED_FACE('',(#337),#1577,.T.);
#215=ADVANCED_FACE('',(#338),#52,.T.);
#216=ADVANCED_FACE('',(#339),#53,.T.);
#217=ADVANCED_FACE('',(#340),#54,.T.);
#218=ADVANCED_FACE('',(#341),#1578,.T.);
#219=ADVANCED_FACE('',(#342),#55,.T.);
#220=ADVANCED_FACE('',(#343),#1579,.T.);
#221=ADVANCED_FACE('',(#344),#1580,.T.);
#222=ADVANCED_FACE('',(#345),#1581,.T.);
#223=ADVANCED_FACE('',(#346),#56,.T.);
#224=ADVANCED_FACE('',(#347),#1582,.T.);
#225=ADVANCED_FACE('',(#348),#57,.T.);
#226=ADVANCED_FACE('',(#349),#1583,.T.);
#227=ADVANCED_FACE('',(#350),#1584,.T.);
#228=ADVANCED_FACE('',(#351),#1585,.T.);
#229=ADVANCED_FACE('',(#352),#58,.T.);
#230=ADVANCED_FACE('',(#353),#59,.T.);
#231=ADVANCED_FACE('',(#354),#60,.T.);
#232=ADVANCED_FACE('',(#355),#1586,.T.);
#233=ADVANCED_FACE('',(#356),#61,.T.);
#234=ADVANCED_FACE('',(#357),#1587,.T.);
#235=ADVANCED_FACE('',(#358),#1588,.T.);
#236=ADVANCED_FACE('',(#359),#1589,.T.);
#237=ADVANCED_FACE('',(#360),#62,.T.);
#238=ADVANCED_FACE('',(#361),#1590,.T.);
#239=ADVANCED_FACE('',(#362),#63,.T.);
#240=ADVANCED_FACE('',(#363),#1591,.T.);
#241=ADVANCED_FACE('',(#364),#1592,.T.);
#242=ADVANCED_FACE('',(#365),#1593,.T.);
#243=ADVANCED_FACE('',(#366),#64,.T.);
#244=ADVANCED_FACE('',(#367),#65,.T.);
#245=ADVANCED_FACE('',(#368),#66,.T.);
#246=ADVANCED_FACE('',(#369),#1594,.T.);
#247=ADVANCED_FACE('',(#370),#67,.T.);
#248=ADVANCED_FACE('',(#371),#1595,.T.);
#249=ADVANCED_FACE('',(#372),#1596,.T.);
#250=ADVANCED_FACE('',(#373),#1597,.T.);
#251=ADVANCED_FACE('',(#374),#68,.T.);
#252=ADVANCED_FACE('',(#375),#1598,.T.);
#253=ADVANCED_FACE('',(#376),#69,.T.);
#254=ADVANCED_FACE('',(#377),#1599,.T.);
#255=ADVANCED_FACE('',(#378),#1600,.T.);
#256=ADVANCED_FACE('',(#379),#1601,.T.);
#257=ADVANCED_FACE('',(#380),#70,.T.);
#258=ADVANCED_FACE('',(#381),#71,.T.);
#259=ADVANCED_FACE('',(#382),#72,.T.);
#260=ADVANCED_FACE('',(#383),#1602,.T.);
#261=ADVANCED_FACE('',(#384),#73,.T.);
#262=ADVANCED_FACE('',(#385),#1603,.T.);
#263=ADVANCED_FACE('',(#386),#1604,.T.);
#264=ADVANCED_FACE('',(#387),#1605,.T.);
#265=ADVANCED_FACE('',(#388),#74,.T.);
#266=ADVANCED_FACE('',(#389),#1606,.T.);
#267=ADVANCED_FACE('',(#390),#75,.T.);
#268=ADVANCED_FACE('',(#391),#1607,.T.);
#269=ADVANCED_FACE('',(#392),#1608,.T.);
#270=ADVANCED_FACE('',(#393),#1609,.T.);
#271=ADVANCED_FACE('',(#394),#76,.T.);
#272=FACE_OUTER_BOUND('',#395,.T.);
#273=FACE_OUTER_BOUND('',#396,.T.);
#274=FACE_OUTER_BOUND('',#397,.T.);
#275=FACE_OUTER_BOUND('',#398,.T.);
#276=FACE_OUTER_BOUND('',#399,.T.);
#277=FACE_OUTER_BOUND('',#400,.T.);
#278=FACE_OUTER_BOUND('',#401,.T.);
#279=FACE_OUTER_BOUND('',#402,.T.);
#280=FACE_OUTER_BOUND('',#403,.T.);
#281=FACE_OUTER_BOUND('',#404,.T.);
#282=FACE_OUTER_BOUND('',#405,.T.);
#283=FACE_OUTER_BOUND('',#406,.T.);
#284=FACE_OUTER_BOUND('',#407,.T.);
#285=FACE_OUTER_BOUND('',#408,.T.);
#286=FACE_OUTER_BOUND('',#409,.T.);
#287=FACE_OUTER_BOUND('',#410,.T.);
#288=FACE_OUTER_BOUND('',#411,.T.);
#289=FACE_OUTER_BOUND('',#412,.T.);
#290=FACE_OUTER_BOUND('',#413,.T.);
#291=FACE_OUTER_BOUND('',#414,.T.);
#292=FACE_OUTER_BOUND('',#415,.T.);
#293=FACE_OUTER_BOUND('',#416,.T.);
#294=FACE_OUTER_BOUND('',#417,.T.);
#295=FACE_OUTER_BOUND('',#418,.T.);
#296=FACE_OUTER_BOUND('',#419,.T.);
#297=FACE_OUTER_BOUND('',#420,.T.);
#298=FACE_OUTER_BOUND('',#421,.T.);
#299=FACE_OUTER_BOUND('',#422,.T.);
#300=FACE_OUTER_BOUND('',#423,.T.);
#301=FACE_OUTER_BOUND('',#424,.T.);
#302=FACE_OUTER_BOUND('',#425,.T.);
#303=FACE_OUTER_BOUND('',#426,.T.);
#304=FACE_OUTER_BOUND('',#427,.T.);
#305=FACE_OUTER_BOUND('',#428,.T.);
#306=FACE_OUTER_BOUND('',#429,.T.);
#307=FACE_OUTER_BOUND('',#430,.T.);
#308=FACE_OUTER_BOUND('',#431,.T.);
#309=FACE_OUTER_BOUND('',#432,.T.);
#310=FACE_OUTER_BOUND('',#433,.T.);
#311=FACE_OUTER_BOUND('',#434,.T.);
#312=FACE_OUTER_BOUND('',#435,.T.);
#313=FACE_OUTER_BOUND('',#436,.T.);
#314=FACE_OUTER_BOUND('',#437,.T.);
#315=FACE_OUTER_BOUND('',#438,.T.);
#316=FACE_OUTER_BOUND('',#439,.T.);
#317=FACE_OUTER_BOUND('',#440,.T.);
#318=FACE_OUTER_BOUND('',#441,.T.);
#319=FACE_OUTER_BOUND('',#442,.T.);
#320=FACE_OUTER_BOUND('',#443,.T.);
#321=FACE_OUTER_BOUND('',#444,.T.);
#322=FACE_OUTER_BOUND('',#445,.T.);
#323=FACE_OUTER_BOUND('',#446,.T.);
#324=FACE_OUTER_BOUND('',#447,.T.);
#325=FACE_OUTER_BOUND('',#448,.T.);
#326=FACE_OUTER_BOUND('',#449,.T.);
#327=FACE_OUTER_BOUND('',#450,.T.);
#328=FACE_OUTER_BOUND('',#451,.T.);
#329=FACE_OUTER_BOUND('',#452,.T.);
#330=FACE_OUTER_BOUND('',#453,.T.);
#331=FACE_OUTER_BOUND('',#454,.T.);
#332=FACE_OUTER_BOUND('',#455,.T.);
#333=FACE_OUTER_BOUND('',#456,.T.);
#334=FACE_OUTER_BOUND('',#457,.T.);
#335=FACE_OUTER_BOUND('',#458,.T.);
#336=FACE_OUTER_BOUND('',#459,.T.);
#337=FACE_OUTER_BOUND('',#460,.T.);
#338=FACE_OUTER_BOUND('',#461,.T.);
#339=FACE_OUTER_BOUND('',#462,.T.);
#340=FACE_OUTER_BOUND('',#463,.T.);
#341=FACE_OUTER_BOUND('',#464,.T.);
#342=FACE_OUTER_BOUND('',#465,.T.);
#343=FACE_OUTER_BOUND('',#466,.T.);
#344=FACE_OUTER_BOUND('',#467,.T.);
#345=FACE_OUTER_BOUND('',#468,.T.);
#346=FACE_OUTER_BOUND('',#469,.T.);
#347=FACE_OUTER_BOUND('',#470,.T.);
#348=FACE_OUTER_BOUND('',#471,.T.);
#349=FACE_OUTER_BOUND('',#472,.T.);
#350=FACE_OUTER_BOUND('',#473,.T.);
#351=FACE_OUTER_BOUND('',#474,.T.);
#352=FACE_OUTER_BOUND('',#475,.T.);
#353=FACE_OUTER_BOUND('',#476,.T.);
#354=FACE_OUTER_BOUND('',#477,.T.);
#355=FACE_OUTER_BOUND('',#478,.T.);
#356=FACE_OUTER_BOUND('',#479,.T.);
#357=FACE_OUTER_BOUND('',#480,.T.);
#358=FACE_OUTER_BOUND('',#481,.T.);
#359=FACE_OUTER_BOUND('',#482,.T.);
#360=FACE_OUTER_BOUND('',#483,.T.);
#361=FACE_OUTER_BOUND('',#484,.T.);
#362=FACE_OUTER_BOUND('',#485,.T.);
#363=FACE_OUTER_BOUND('',#486,.T.);
#364=FACE_OUTER_BOUND('',#487,.T.);
#365=FACE_OUTER_BOUND('',#488,.T.);
#366=FACE_OUTER_BOUND('',#489,.T.);
#367=FACE_OUTER_BOUND('',#490,.T.);
#368=FACE_OUTER_BOUND('',#491,.T.);
#369=FACE_OUTER_BOUND('',#492,.T.);
#370=FACE_OUTER_BOUND('',#493,.T.);
#371=FACE_OUTER_BOUND('',#494,.T.);
#372=FACE_OUTER_BOUND('',#495,.T.);
#373=FACE_OUTER_BOUND('',#496,.T.);
#374=FACE_OUTER_BOUND('',#497,.T.);
#375=FACE_OUTER_BOUND('',#498,.T.);
#376=FACE_OUTER_BOUND('',#499,.T.);
#377=FACE_OUTER_BOUND('',#500,.T.);
#378=FACE_OUTER_BOUND('',#501,.T.);
#379=FACE_OUTER_BOUND('',#502,.T.);
#380=FACE_OUTER_BOUND('',#503,.T.);
#381=FACE_OUTER_BOUND('',#504,.T.);
#382=FACE_OUTER_BOUND('',#505,.T.);
#383=FACE_OUTER_BOUND('',#506,.T.);
#384=FACE_OUTER_BOUND('',#507,.T.);
#385=FACE_OUTER_BOUND('',#508,.T.);
#386=FACE_OUTER_BOUND('',#509,.T.);
#387=FACE_OUTER_BOUND('',#510,.T.);
#388=FACE_OUTER_BOUND('',#511,.T.);
#389=FACE_OUTER_BOUND('',#512,.T.);
#390=FACE_OUTER_BOUND('',#513,.T.);
#391=FACE_OUTER_BOUND('',#514,.T.);
#392=FACE_OUTER_BOUND('',#515,.T.);
#393=FACE_OUTER_BOUND('',#516,.T.);
#394=FACE_OUTER_BOUND('',#517,.T.);
#395=EDGE_LOOP('',(#518,#519,#520,#521,#522,#523,#524,#525));
#396=EDGE_LOOP('',(#526,#527,#528,#529));
#397=EDGE_LOOP('',(#530,#531,#532,#533));
#398=EDGE_LOOP('',(#534,#535,#536,#537));
#399=EDGE_LOOP('',(#538,#539,#540,#541));
#400=EDGE_LOOP('',(#542,#543,#544,#545));
#401=EDGE_LOOP('',(#546,#547,#548,#549));
#402=EDGE_LOOP('',(#550,#551,#552,#553));
#403=EDGE_LOOP('',(#554,#555,#556,#557));
#404=EDGE_LOOP('',(#558,#559,#560,#561,#562,#563,#564,#565));
#405=EDGE_LOOP('',(#566,#567,#568,#569,#570,#571,#572,#573));
#406=EDGE_LOOP('',(#574,#575,#576));
#407=EDGE_LOOP('',(#577,#578,#579));
#408=EDGE_LOOP('',(#580,#581,#582));
#409=EDGE_LOOP('',(#583,#584,#585));
#410=EDGE_LOOP('',(#586,#587,#588));
#411=EDGE_LOOP('',(#589,#590,#591));
#412=EDGE_LOOP('',(#592,#593,#594));
#413=EDGE_LOOP('',(#595,#596,#597));
#414=EDGE_LOOP('',(#598,#599,#600));
#415=EDGE_LOOP('',(#601,#602,#603));
#416=EDGE_LOOP('',(#604,#605,#606));
#417=EDGE_LOOP('',(#607,#608,#609));
#418=EDGE_LOOP('',(#610,#611,#612));
#419=EDGE_LOOP('',(#613,#614,#615));
#420=EDGE_LOOP('',(#616,#617,#618));
#421=EDGE_LOOP('',(#619,#620,#621));
#422=EDGE_LOOP('',(#622,#623,#624));
#423=EDGE_LOOP('',(#625,#626,#627));
#424=EDGE_LOOP('',(#628,#629,#630));
#425=EDGE_LOOP('',(#631,#632,#633));
#426=EDGE_LOOP('',(#634,#635,#636));
#427=EDGE_LOOP('',(#637,#638,#639));
#428=EDGE_LOOP('',(#640,#641,#642));
#429=EDGE_LOOP('',(#643,#644,#645));
#430=EDGE_LOOP('',(#646,#647,#648));
#431=EDGE_LOOP('',(#649,#650,#651));
#432=EDGE_LOOP('',(#652,#653,#654));
#433=EDGE_LOOP('',(#655,#656,#657));
#434=EDGE_LOOP('',(#658,#659,#660));
#435=EDGE_LOOP('',(#661,#662,#663));
#436=EDGE_LOOP('',(#664,#665,#666));
#437=EDGE_LOOP('',(#667,#668,#669));
#438=EDGE_LOOP('',(#670,#671,#672));
#439=EDGE_LOOP('',(#673,#674,#675));
#440=EDGE_LOOP('',(#676,#677,#678));
#441=EDGE_LOOP('',(#679,#680,#681));
#442=EDGE_LOOP('',(#682,#683,#684));
#443=EDGE_LOOP('',(#685,#686,#687));
#444=EDGE_LOOP('',(#688,#689,#690));
#445=EDGE_LOOP('',(#691,#692,#693));
#446=EDGE_LOOP('',(#694,#695,#696));
#447=EDGE_LOOP('',(#697,#698,#699));
#448=EDGE_LOOP('',(#700,#701,#702));
#449=EDGE_LOOP('',(#703,#704,#705));
#450=EDGE_LOOP('',(#706,#707,#708));
#451=EDGE_LOOP('',(#709,#710,#711));
#452=EDGE_LOOP('',(#712,#713,#714));
#453=EDGE_LOOP('',(#715,#716,#717));
#454=EDGE_LOOP('',(#718,#719,#720));
#455=EDGE_LOOP('',(#721,#722,#723));
#456=EDGE_LOOP('',(#724,#725,#726));
#457=EDGE_LOOP('',(#727,#728,#729));
#458=EDGE_LOOP('',(#730,#731,#732));
#459=EDGE_LOOP('',(#733,#734,#735));
#460=EDGE_LOOP('',(#736,#737,#738));
#461=EDGE_LOOP('',(#739,#740,#741));
#462=EDGE_LOOP('',(#742,#743,#744));
#463=EDGE_LOOP('',(#745,#746,#747));
#464=EDGE_LOOP('',(#748,#749,#750));
#465=EDGE_LOOP('',(#751,#752,#753));
#466=EDGE_LOOP('',(#754,#755,#756));
#467=EDGE_LOOP('',(#757,#758,#759));
#468=EDGE_LOOP('',(#760,#761,#762));
#469=EDGE_LOOP('',(#763,#764,#765));
#470=EDGE_LOOP('',(#766,#767,#768));
#471=EDGE_LOOP('',(#769,#770,#771));
#472=EDGE_LOOP('',(#772,#773,#774));
#473=EDGE_LOOP('',(#775,#776,#777));
#474=EDGE_LOOP('',(#778,#779,#780));
#475=EDGE_LOOP('',(#781,#782,#783));
#476=EDGE_LOOP('',(#784,#785,#786));
#477=EDGE_LOOP('',(#787,#788,#789));
#478=EDGE_LOOP('',(#790,#791,#792));
#479=EDGE_LOOP('',(#793,#794,#795));
#480=EDGE_LOOP('',(#796,#797,#798));
#481=EDGE_LOOP('',(#799,#800,#801));
#482=EDGE_LOOP('',(#802,#803,#804));
#483=EDGE_LOOP('',(#805,#806,#807));
#484=EDGE_LOOP('',(#808,#809,#810));
#485=EDGE_LOOP('',(#811,#812,#813));
#486=EDGE_LOOP('',(#814,#815,#816));
#487=EDGE_LOOP('',(#817,#818,#819));
#488=EDGE_LOOP('',(#820,#821,#822));
#489=EDGE_LOOP('',(#823,#824,#825));
#490=EDGE_LOOP('',(#826,#827,#828));
#491=EDGE_LOOP('',(#829,#830,#831));
#492=EDGE_LOOP('',(#832,#833,#834));
#493=EDGE_LOOP('',(#835,#836,#837));
#494=EDGE_LOOP('',(#838,#839,#840));
#495=EDGE_LOOP('',(#841,#842,#843));
#496=EDGE_LOOP('',(#844,#845,#846));
#497=EDGE_LOOP('',(#847,#848,#849));
#498=EDGE_LOOP('',(#850,#851,#852));
#499=EDGE_LOOP('',(#853,#854,#855));
#500=EDGE_LOOP('',(#856,#857,#858));
#501=EDGE_LOOP('',(#859,#860,#861));
#502=EDGE_LOOP('',(#862,#863,#864));
#503=EDGE_LOOP('',(#865,#866,#867));
#504=EDGE_LOOP('',(#868,#869,#870));
#505=EDGE_LOOP('',(#871,#872,#873));
#506=EDGE_LOOP('',(#874,#875,#876));
#507=EDGE_LOOP('',(#877,#878,#879));
#508=EDGE_LOOP('',(#880,#881,#882));
#509=EDGE_LOOP('',(#883,#884,#885));
#510=EDGE_LOOP('',(#886,#887,#888));
#511=EDGE_LOOP('',(#889,#890,#891));
#512=EDGE_LOOP('',(#892,#893,#894));
#513=EDGE_LOOP('',(#895,#896,#897));
#514=EDGE_LOOP('',(#898,#899,#900));
#515=EDGE_LOOP('',(#901,#902,#903));
#516=EDGE_LOOP('',(#904,#905,#906));
#517=EDGE_LOOP('',(#907,#908,#909));
#518=ORIENTED_EDGE('',*,*,#910,.T.);
#519=ORIENTED_EDGE('',*,*,#911,.T.);
#520=ORIENTED_EDGE('',*,*,#912,.T.);
#521=ORIENTED_EDGE('',*,*,#913,.T.);
#522=ORIENTED_EDGE('',*,*,#914,.T.);
#523=ORIENTED_EDGE('',*,*,#915,.T.);
#524=ORIENTED_EDGE('',*,*,#916,.T.);
#525=ORIENTED_EDGE('',*,*,#917,.T.);
#526=ORIENTED_EDGE('',*,*,#910,.F.);
#527=ORIENTED_EDGE('',*,*,#918,.T.);
#528=ORIENTED_EDGE('',*,*,#919,.T.);
#529=ORIENTED_EDGE('',*,*,#920,.T.);
#530=ORIENTED_EDGE('',*,*,#911,.F.);
#531=ORIENTED_EDGE('',*,*,#920,.F.);
#532=ORIENTED_EDGE('',*,*,#921,.T.);
#533=ORIENTED_EDGE('',*,*,#922,.T.);
#534=ORIENTED_EDGE('',*,*,#912,.F.);
#535=ORIENTED_EDGE('',*,*,#922,.F.);
#536=ORIENTED_EDGE('',*,*,#923,.T.);
#537=ORIENTED_EDGE('',*,*,#924,.T.);
#538=ORIENTED_EDGE('',*,*,#913,.F.);
#539=ORIENTED_EDGE('',*,*,#924,.F.);
#540=ORIENTED_EDGE('',*,*,#925,.T.);
#541=ORIENTED_EDGE('',*,*,#926,.T.);
#542=ORIENTED_EDGE('',*,*,#914,.F.);
#543=ORIENTED_EDGE('',*,*,#926,.F.);
#544=ORIENTED_EDGE('',*,*,#927,.T.);
#545=ORIENTED_EDGE('',*,*,#928,.T.);
#546=ORIENTED_EDGE('',*,*,#915,.F.);
#547=ORIENTED_EDGE('',*,*,#928,.F.);
#548=ORIENTED_EDGE('',*,*,#929,.T.);
#549=ORIENTED_EDGE('',*,*,#930,.T.);
#550=ORIENTED_EDGE('',*,*,#916,.F.);
#551=ORIENTED_EDGE('',*,*,#930,.F.);
#552=ORIENTED_EDGE('',*,*,#931,.T.);
#553=ORIENTED_EDGE('',*,*,#932,.T.);
#554=ORIENTED_EDGE('',*,*,#917,.F.);
#555=ORIENTED_EDGE('',*,*,#932,.F.);
#556=ORIENTED_EDGE('',*,*,#933,.T.);
#557=ORIENTED_EDGE('',*,*,#918,.F.);
#558=ORIENTED_EDGE('',*,*,#933,.F.);
#559=ORIENTED_EDGE('',*,*,#931,.F.);
#560=ORIENTED_EDGE('',*,*,#929,.F.);
#561=ORIENTED_EDGE('',*,*,#927,.F.);
#562=ORIENTED_EDGE('',*,*,#925,.F.);
#563=ORIENTED_EDGE('',*,*,#923,.F.);
#564=ORIENTED_EDGE('',*,*,#921,.F.);
#565=ORIENTED_EDGE('',*,*,#919,.F.);
#566=ORIENTED_EDGE('',*,*,#934,.T.);
#567=ORIENTED_EDGE('',*,*,#935,.T.);
#568=ORIENTED_EDGE('',*,*,#936,.T.);
#569=ORIENTED_EDGE('',*,*,#937,.T.);
#570=ORIENTED_EDGE('',*,*,#938,.T.);
#571=ORIENTED_EDGE('',*,*,#939,.T.);
#572=ORIENTED_EDGE('',*,*,#940,.T.);
#573=ORIENTED_EDGE('',*,*,#941,.T.);
#574=ORIENTED_EDGE('',*,*,#942,.T.);
#575=ORIENTED_EDGE('',*,*,#943,.T.);
#576=ORIENTED_EDGE('',*,*,#944,.T.);
#577=ORIENTED_EDGE('',*,*,#945,.T.);
#578=ORIENTED_EDGE('',*,*,#946,.T.);
#579=ORIENTED_EDGE('',*,*,#947,.T.);
#580=ORIENTED_EDGE('',*,*,#951,.T.);
#581=ORIENTED_EDGE('',*,*,#950,.F.);
#582=ORIENTED_EDGE('',*,*,#952,.T.);
#583=ORIENTED_EDGE('',*,*,#950,.T.);
#584=ORIENTED_EDGE('',*,*,#955,.T.);
#585=ORIENTED_EDGE('',*,*,#949,.F.);
#586=ORIENTED_EDGE('',*,*,#948,.F.);
#587=ORIENTED_EDGE('',*,*,#955,.F.);
#588=ORIENTED_EDGE('',*,*,#951,.F.);
#589=ORIENTED_EDGE('',*,*,#953,.T.);
#590=ORIENTED_EDGE('',*,*,#952,.F.);
#591=ORIENTED_EDGE('',*,*,#954,.T.);
#592=ORIENTED_EDGE('',*,*,#956,.T.);
#593=ORIENTED_EDGE('',*,*,#948,.T.);
#594=ORIENTED_EDGE('',*,*,#953,.F.);
#595=ORIENTED_EDGE('',*,*,#949,.T.);
#596=ORIENTED_EDGE('',*,*,#956,.F.);
#597=ORIENTED_EDGE('',*,*,#954,.F.);
#598=ORIENTED_EDGE('',*,*,#960,.T.);
#599=ORIENTED_EDGE('',*,*,#959,.F.);
#600=ORIENTED_EDGE('',*,*,#961,.T.);
#601=ORIENTED_EDGE('',*,*,#959,.T.);
#602=ORIENTED_EDGE('',*,*,#964,.T.);
#603=ORIENTED_EDGE('',*,*,#958,.F.);
#604=ORIENTED_EDGE('',*,*,#957,.F.);
#605=ORIENTED_EDGE('',*,*,#964,.F.);
#606=ORIENTED_EDGE('',*,*,#960,.F.);
#607=ORIENTED_EDGE('',*,*,#962,.T.);
#608=ORIENTED_EDGE('',*,*,#961,.F.);
#609=ORIENTED_EDGE('',*,*,#963,.T.);
#610=ORIENTED_EDGE('',*,*,#965,.T.);
#611=ORIENTED_EDGE('',*,*,#957,.T.);
#612=ORIENTED_EDGE('',*,*,#962,.F.);
#613=ORIENTED_EDGE('',*,*,#958,.T.);
#614=ORIENTED_EDGE('',*,*,#965,.F.);
#615=ORIENTED_EDGE('',*,*,#963,.F.);
#616=ORIENTED_EDGE('',*,*,#966,.T.);
#617=ORIENTED_EDGE('',*,*,#967,.T.);
#618=ORIENTED_EDGE('',*,*,#968,.T.);
#619=ORIENTED_EDGE('',*,*,#969,.T.);
#620=ORIENTED_EDGE('',*,*,#970,.T.);
#621=ORIENTED_EDGE('',*,*,#971,.T.);
#622=ORIENTED_EDGE('',*,*,#975,.T.);
#623=ORIENTED_EDGE('',*,*,#974,.F.);
#624=ORIENTED_EDGE('',*,*,#976,.T.);
#625=ORIENTED_EDGE('',*,*,#974,.T.);
#626=ORIENTED_EDGE('',*,*,#979,.T.);
#627=ORIENTED_EDGE('',*,*,#973,.F.);
#628=ORIENTED_EDGE('',*,*,#972,.F.);
#629=ORIENTED_EDGE('',*,*,#979,.F.);
#630=ORIENTED_EDGE('',*,*,#975,.F.);
#631=ORIENTED_EDGE('',*,*,#977,.T.);
#632=ORIENTED_EDGE('',*,*,#976,.F.);
#633=ORIENTED_EDGE('',*,*,#978,.T.);
#634=ORIENTED_EDGE('',*,*,#980,.T.);
#635=ORIENTED_EDGE('',*,*,#972,.T.);
#636=ORIENTED_EDGE('',*,*,#977,.F.);
#637=ORIENTED_EDGE('',*,*,#973,.T.);
#638=ORIENTED_EDGE('',*,*,#980,.F.);
#639=ORIENTED_EDGE('',*,*,#978,.F.);
#640=ORIENTED_EDGE('',*,*,#984,.T.);
#641=ORIENTED_EDGE('',*,*,#983,.F.);
#642=ORIENTED_EDGE('',*,*,#985,.T.);
#643=ORIENTED_EDGE('',*,*,#983,.T.);
#644=ORIENTED_EDGE('',*,*,#988,.T.);
#645=ORIENTED_EDGE('',*,*,#982,.F.);
#646=ORIENTED_EDGE('',*,*,#981,.F.);
#647=ORIENTED_EDGE('',*,*,#988,.F.);
#648=ORIENTED_EDGE('',*,*,#984,.F.);
#649=ORIENTED_EDGE('',*,*,#986,.T.);
#650=ORIENTED_EDGE('',*,*,#985,.F.);
#651=ORIENTED_EDGE('',*,*,#987,.T.);
#652=ORIENTED_EDGE('',*,*,#989,.T.);
#653=ORIENTED_EDGE('',*,*,#981,.T.);
#654=ORIENTED_EDGE('',*,*,#986,.F.);
#655=ORIENTED_EDGE('',*,*,#982,.T.);
#656=ORIENTED_EDGE('',*,*,#989,.F.);
#657=ORIENTED_EDGE('',*,*,#987,.F.);
#658=ORIENTED_EDGE('',*,*,#990,.T.);
#659=ORIENTED_EDGE('',*,*,#991,.T.);
#660=ORIENTED_EDGE('',*,*,#992,.T.);
#661=ORIENTED_EDGE('',*,*,#993,.T.);
#662=ORIENTED_EDGE('',*,*,#994,.T.);
#663=ORIENTED_EDGE('',*,*,#995,.T.);
#664=ORIENTED_EDGE('',*,*,#999,.T.);
#665=ORIENTED_EDGE('',*,*,#998,.F.);
#666=ORIENTED_EDGE('',*,*,#1000,.T.);
#667=ORIENTED_EDGE('',*,*,#998,.T.);
#668=ORIENTED_EDGE('',*,*,#1003,.T.);
#669=ORIENTED_EDGE('',*,*,#997,.F.);
#670=ORIENTED_EDGE('',*,*,#996,.F.);
#671=ORIENTED_EDGE('',*,*,#1003,.F.);
#672=ORIENTED_EDGE('',*,*,#999,.F.);
#673=ORIENTED_EDGE('',*,*,#1001,.T.);
#674=ORIENTED_EDGE('',*,*,#1000,.F.);
#675=ORIENTED_EDGE('',*,*,#1002,.T.);
#676=ORIENTED_EDGE('',*,*,#1004,.T.);
#677=ORIENTED_EDGE('',*,*,#996,.T.);
#678=ORIENTED_EDGE('',*,*,#1001,.F.);
#679=ORIENTED_EDGE('',*,*,#997,.T.);
#680=ORIENTED_EDGE('',*,*,#1004,.F.);
#681=ORIENTED_EDGE('',*,*,#1002,.F.);
#682=ORIENTED_EDGE('',*,*,#1008,.T.);
#683=ORIENTED_EDGE('',*,*,#1007,.F.);
#684=ORIENTED_EDGE('',*,*,#1009,.T.);
#685=ORIENTED_EDGE('',*,*,#1007,.T.);
#686=ORIENTED_EDGE('',*,*,#1012,.T.);
#687=ORIENTED_EDGE('',*,*,#1006,.F.);
#688=ORIENTED_EDGE('',*,*,#1005,.F.);
#689=ORIENTED_EDGE('',*,*,#1012,.F.);
#690=ORIENTED_EDGE('',*,*,#1008,.F.);
#691=ORIENTED_EDGE('',*,*,#1010,.T.);
#692=ORIENTED_EDGE('',*,*,#1009,.F.);
#693=ORIENTED_EDGE('',*,*,#1011,.T.);
#694=ORIENTED_EDGE('',*,*,#1013,.T.);
#695=ORIENTED_EDGE('',*,*,#1005,.T.);
#696=ORIENTED_EDGE('',*,*,#1010,.F.);
#697=ORIENTED_EDGE('',*,*,#1006,.T.);
#698=ORIENTED_EDGE('',*,*,#1013,.F.);
#699=ORIENTED_EDGE('',*,*,#1011,.F.);
#700=ORIENTED_EDGE('',*,*,#1014,.T.);
#701=ORIENTED_EDGE('',*,*,#1015,.T.);
#702=ORIENTED_EDGE('',*,*,#1016,.T.);
#703=ORIENTED_EDGE('',*,*,#1017,.T.);
#704=ORIENTED_EDGE('',*,*,#1018,.T.);
#705=ORIENTED_EDGE('',*,*,#1019,.T.);
#706=ORIENTED_EDGE('',*,*,#1023,.T.);
#707=ORIENTED_EDGE('',*,*,#1022,.F.);
#708=ORIENTED_EDGE('',*,*,#1024,.T.);
#709=ORIENTED_EDGE('',*,*,#1022,.T.);
#710=ORIENTED_EDGE('',*,*,#1027,.T.);
#711=ORIENTED_EDGE('',*,*,#1021,.F.);
#712=ORIENTED_EDGE('',*,*,#1020,.F.);
#713=ORIENTED_EDGE('',*,*,#1027,.F.);
#714=ORIENTED_EDGE('',*,*,#1023,.F.);
#715=ORIENTED_EDGE('',*,*,#1025,.T.);
#716=ORIENTED_EDGE('',*,*,#1024,.F.);
#717=ORIENTED_EDGE('',*,*,#1026,.T.);
#718=ORIENTED_EDGE('',*,*,#1028,.T.);
#719=ORIENTED_EDGE('',*,*,#1020,.T.);
#720=ORIENTED_EDGE('',*,*,#1025,.F.);
#721=ORIENTED_EDGE('',*,*,#1021,.T.);
#722=ORIENTED_EDGE('',*,*,#1028,.F.);
#723=ORIENTED_EDGE('',*,*,#1026,.F.);
#724=ORIENTED_EDGE('',*,*,#1032,.T.);
#725=ORIENTED_EDGE('',*,*,#1031,.F.);
#726=ORIENTED_EDGE('',*,*,#1033,.T.);
#727=ORIENTED_EDGE('',*,*,#1031,.T.);
#728=ORIENTED_EDGE('',*,*,#1036,.T.);
#729=ORIENTED_EDGE('',*,*,#1030,.F.);
#730=ORIENTED_EDGE('',*,*,#1029,.F.);
#731=ORIENTED_EDGE('',*,*,#1036,.F.);
#732=ORIENTED_EDGE('',*,*,#1032,.F.);
#733=ORIENTED_EDGE('',*,*,#1034,.T.);
#734=ORIENTED_EDGE('',*,*,#1033,.F.);
#735=ORIENTED_EDGE('',*,*,#1035,.T.);
#736=ORIENTED_EDGE('',*,*,#1037,.T.);
#737=ORIENTED_EDGE('',*,*,#1029,.T.);
#738=ORIENTED_EDGE('',*,*,#1034,.F.);
#739=ORIENTED_EDGE('',*,*,#1030,.T.);
#740=ORIENTED_EDGE('',*,*,#1037,.F.);
#741=ORIENTED_EDGE('',*,*,#1035,.F.);
#742=ORIENTED_EDGE('',*,*,#1038,.T.);
#743=ORIENTED_EDGE('',*,*,#1039,.T.);
#744=ORIENTED_EDGE('',*,*,#1040,.T.);
#745=ORIENTED_EDGE('',*,*,#1041,.T.);
#746=ORIENTED_EDGE('',*,*,#1042,.T.);
#747=ORIENTED_EDGE('',*,*,#1043,.T.);
#748=ORIENTED_EDGE('',*,*,#1047,.T.);
#749=ORIENTED_EDGE('',*,*,#1046,.F.);
#750=ORIENTED_EDGE('',*,*,#1048,.T.);
#751=ORIENTED_EDGE('',*,*,#1046,.T.);
#752=ORIENTED_EDGE('',*,*,#1051,.T.);
#753=ORIENTED_EDGE('',*,*,#1045,.F.);
#754=ORIENTED_EDGE('',*,*,#1044,.F.);
#755=ORIENTED_EDGE('',*,*,#1051,.F.);
#756=ORIENTED_EDGE('',*,*,#1047,.F.);
#757=ORIENTED_EDGE('',*,*,#1049,.T.);
#758=ORIENTED_EDGE('',*,*,#1048,.F.);
#759=ORIENTED_EDGE('',*,*,#1050,.T.);
#760=ORIENTED_EDGE('',*,*,#1052,.T.);
#761=ORIENTED_EDGE('',*,*,#1044,.T.);
#762=ORIENTED_EDGE('',*,*,#1049,.F.);
#763=ORIENTED_EDGE('',*,*,#1045,.T.);
#764=ORIENTED_EDGE('',*,*,#1052,.F.);
#765=ORIENTED_EDGE('',*,*,#1050,.F.);
#766=ORIENTED_EDGE('',*,*,#1056,.T.);
#767=ORIENTED_EDGE('',*,*,#1055,.F.);
#768=ORIENTED_EDGE('',*,*,#1057,.T.);
#769=ORIENTED_EDGE('',*,*,#1055,.T.);
#770=ORIENTED_EDGE('',*,*,#1060,.T.);
#771=ORIENTED_EDGE('',*,*,#1054,.F.);
#772=ORIENTED_EDGE('',*,*,#1053,.F.);
#773=ORIENTED_EDGE('',*,*,#1060,.F.);
#774=ORIENTED_EDGE('',*,*,#1056,.F.);
#775=ORIENTED_EDGE('',*,*,#1058,.T.);
#776=ORIENTED_EDGE('',*,*,#1057,.F.);
#777=ORIENTED_EDGE('',*,*,#1059,.T.);
#778=ORIENTED_EDGE('',*,*,#1061,.T.);
#779=ORIENTED_EDGE('',*,*,#1053,.T.);
#780=ORIENTED_EDGE('',*,*,#1058,.F.);
#781=ORIENTED_EDGE('',*,*,#1054,.T.);
#782=ORIENTED_EDGE('',*,*,#1061,.F.);
#783=ORIENTED_EDGE('',*,*,#1059,.F.);
#784=ORIENTED_EDGE('',*,*,#1062,.T.);
#785=ORIENTED_EDGE('',*,*,#1063,.T.);
#786=ORIENTED_EDGE('',*,*,#1064,.T.);
#787=ORIENTED_EDGE('',*,*,#1065,.T.);
#788=ORIENTED_EDGE('',*,*,#1066,.T.);
#789=ORIENTED_EDGE('',*,*,#1067,.T.);
#790=ORIENTED_EDGE('',*,*,#1071,.T.);
#791=ORIENTED_EDGE('',*,*,#1070,.F.);
#792=ORIENTED_EDGE('',*,*,#1072,.T.);
#793=ORIENTED_EDGE('',*,*,#1070,.T.);
#794=ORIENTED_EDGE('',*,*,#1075,.T.);
#795=ORIENTED_EDGE('',*,*,#1069,.F.);
#796=ORIENTED_EDGE('',*,*,#1068,.F.);
#797=ORIENTED_EDGE('',*,*,#1075,.F.);
#798=ORIENTED_EDGE('',*,*,#1071,.F.);
#799=ORIENTED_EDGE('',*,*,#1073,.T.);
#800=ORIENTED_EDGE('',*,*,#1072,.F.);
#801=ORIENTED_EDGE('',*,*,#1074,.T.);
#802=ORIENTED_EDGE('',*,*,#1076,.T.);
#803=ORIENTED_EDGE('',*,*,#1068,.T.);
#804=ORIENTED_EDGE('',*,*,#1073,.F.);
#805=ORIENTED_EDGE('',*,*,#1069,.T.);
#806=ORIENTED_EDGE('',*,*,#1076,.F.);
#807=ORIENTED_EDGE('',*,*,#1074,.F.);
#808=ORIENTED_EDGE('',*,*,#1080,.T.);
#809=ORIENTED_EDGE('',*,*,#1079,.F.);
#810=ORIENTED_EDGE('',*,*,#1081,.T.);
#811=ORIENTED_EDGE('',*,*,#1079,.T.);
#812=ORIENTED_EDGE('',*,*,#1084,.T.);
#813=ORIENTED_EDGE('',*,*,#1078,.F.);
#814=ORIENTED_EDGE('',*,*,#1077,.F.);
#815=ORIENTED_EDGE('',*,*,#1084,.F.);
#816=ORIENTED_EDGE('',*,*,#1080,.F.);
#817=ORIENTED_EDGE('',*,*,#1082,.T.);
#818=ORIENTED_EDGE('',*,*,#1081,.F.);
#819=ORIENTED_EDGE('',*,*,#1083,.T.);
#820=ORIENTED_EDGE('',*,*,#1085,.T.);
#821=ORIENTED_EDGE('',*,*,#1077,.T.);
#822=ORIENTED_EDGE('',*,*,#1082,.F.);
#823=ORIENTED_EDGE('',*,*,#1078,.T.);
#824=ORIENTED_EDGE('',*,*,#1085,.F.);
#825=ORIENTED_EDGE('',*,*,#1083,.F.);
#826=ORIENTED_EDGE('',*,*,#1086,.T.);
#827=ORIENTED_EDGE('',*,*,#1087,.T.);
#828=ORIENTED_EDGE('',*,*,#1088,.T.);
#829=ORIENTED_EDGE('',*,*,#1089,.T.);
#830=ORIENTED_EDGE('',*,*,#1090,.T.);
#831=ORIENTED_EDGE('',*,*,#1091,.T.);
#832=ORIENTED_EDGE('',*,*,#1095,.T.);
#833=ORIENTED_EDGE('',*,*,#1094,.F.);
#834=ORIENTED_EDGE('',*,*,#1096,.T.);
#835=ORIENTED_EDGE('',*,*,#1094,.T.);
#836=ORIENTED_EDGE('',*,*,#1099,.T.);
#837=ORIENTED_EDGE('',*,*,#1093,.F.);
#838=ORIENTED_EDGE('',*,*,#1092,.F.);
#839=ORIENTED_EDGE('',*,*,#1099,.F.);
#840=ORIENTED_EDGE('',*,*,#1095,.F.);
#841=ORIENTED_EDGE('',*,*,#1097,.T.);
#842=ORIENTED_EDGE('',*,*,#1096,.F.);
#843=ORIENTED_EDGE('',*,*,#1098,.T.);
#844=ORIENTED_EDGE('',*,*,#1100,.T.);
#845=ORIENTED_EDGE('',*,*,#1092,.T.);
#846=ORIENTED_EDGE('',*,*,#1097,.F.);
#847=ORIENTED_EDGE('',*,*,#1093,.T.);
#848=ORIENTED_EDGE('',*,*,#1100,.F.);
#849=ORIENTED_EDGE('',*,*,#1098,.F.);
#850=ORIENTED_EDGE('',*,*,#1104,.T.);
#851=ORIENTED_EDGE('',*,*,#1103,.F.);
#852=ORIENTED_EDGE('',*,*,#1105,.T.);
#853=ORIENTED_EDGE('',*,*,#1103,.T.);
#854=ORIENTED_EDGE('',*,*,#1108,.T.);
#855=ORIENTED_EDGE('',*,*,#1102,.F.);
#856=ORIENTED_EDGE('',*,*,#1101,.F.);
#857=ORIENTED_EDGE('',*,*,#1108,.F.);
#858=ORIENTED_EDGE('',*,*,#1104,.F.);
#859=ORIENTED_EDGE('',*,*,#1106,.T.);
#860=ORIENTED_EDGE('',*,*,#1105,.F.);
#861=ORIENTED_EDGE('',*,*,#1107,.T.);
#862=ORIENTED_EDGE('',*,*,#1109,.T.);
#863=ORIENTED_EDGE('',*,*,#1101,.T.);
#864=ORIENTED_EDGE('',*,*,#1106,.F.);
#865=ORIENTED_EDGE('',*,*,#1102,.T.);
#866=ORIENTED_EDGE('',*,*,#1109,.F.);
#867=ORIENTED_EDGE('',*,*,#1107,.F.);
#868=ORIENTED_EDGE('',*,*,#1110,.T.);
#869=ORIENTED_EDGE('',*,*,#1111,.T.);
#870=ORIENTED_EDGE('',*,*,#1112,.T.);
#871=ORIENTED_EDGE('',*,*,#1113,.T.);
#872=ORIENTED_EDGE('',*,*,#1114,.T.);
#873=ORIENTED_EDGE('',*,*,#1115,.T.);
#874=ORIENTED_EDGE('',*,*,#1119,.T.);
#875=ORIENTED_EDGE('',*,*,#1118,.F.);
#876=ORIENTED_EDGE('',*,*,#1120,.T.);
#877=ORIENTED_EDGE('',*,*,#1118,.T.);
#878=ORIENTED_EDGE('',*,*,#1123,.T.);
#879=ORIENTED_EDGE('',*,*,#1117,.F.);
#880=ORIENTED_EDGE('',*,*,#1116,.F.);
#881=ORIENTED_EDGE('',*,*,#1123,.F.);
#882=ORIENTED_EDGE('',*,*,#1119,.F.);
#883=ORIENTED_EDGE('',*,*,#1121,.T.);
#884=ORIENTED_EDGE('',*,*,#1120,.F.);
#885=ORIENTED_EDGE('',*,*,#1122,.T.);
#886=ORIENTED_EDGE('',*,*,#1124,.T.);
#887=ORIENTED_EDGE('',*,*,#1116,.T.);
#888=ORIENTED_EDGE('',*,*,#1121,.F.);
#889=ORIENTED_EDGE('',*,*,#1117,.T.);
#890=ORIENTED_EDGE('',*,*,#1124,.F.);
#891=ORIENTED_EDGE('',*,*,#1122,.F.);
#892=ORIENTED_EDGE('',*,*,#1128,.T.);
#893=ORIENTED_EDGE('',*,*,#1127,.F.);
#894=ORIENTED_EDGE('',*,*,#1129,.T.);
#895=ORIENTED_EDGE('',*,*,#1127,.T.);
#896=ORIENTED_EDGE('',*,*,#1132,.T.);
#897=ORIENTED_EDGE('',*,*,#1126,.F.);
#898=ORIENTED_EDGE('',*,*,#1125,.F.);
#899=ORIENTED_EDGE('',*,*,#1132,.F.);
#900=ORIENTED_EDGE('',*,*,#1128,.F.);
#901=ORIENTED_EDGE('',*,*,#1130,.T.);
#902=ORIENTED_EDGE('',*,*,#1129,.F.);
#903=ORIENTED_EDGE('',*,*,#1131,.T.);
#904=ORIENTED_EDGE('',*,*,#1133,.T.);
#905=ORIENTED_EDGE('',*,*,#1125,.T.);
#906=ORIENTED_EDGE('',*,*,#1130,.F.);
#907=ORIENTED_EDGE('',*,*,#1126,.T.);
#908=ORIENTED_EDGE('',*,*,#1133,.F.);
#909=ORIENTED_EDGE('',*,*,#1131,.F.);
#910=EDGE_CURVE('',#1383,#1384,#1134,.T.);
#911=EDGE_CURVE('',#1384,#1385,#1135,.T.);
#912=EDGE_CURVE('',#1385,#1386,#1136,.T.);
#913=EDGE_CURVE('',#1386,#1387,#1137,.T.);
#914=EDGE_CURVE('',#1387,#1388,#1138,.T.);
#915=EDGE_CURVE('',#1388,#1389,#1139,.T.);
#916=EDGE_CURVE('',#1389,#1390,#1140,.T.);
#917=EDGE_CURVE('',#1390,#1383,#1141,.T.);
#918=EDGE_CURVE('',#1383,#1391,#1142,.T.);
#919=EDGE_CURVE('',#1391,#1392,#1143,.T.);
#920=EDGE_CURVE('',#1392,#1384,#1144,.T.);
#921=EDGE_CURVE('',#1392,#1393,#1145,.T.);
#922=EDGE_CURVE('',#1393,#1385,#1146,.T.);
#923=EDGE_CURVE('',#1393,#1394,#1147,.T.);
#924=EDGE_CURVE('',#1394,#1386,#1148,.T.);
#925=EDGE_CURVE('',#1394,#1395,#1149,.T.);
#926=EDGE_CURVE('',#1395,#1387,#1150,.T.);
#927=EDGE_CURVE('',#1395,#1396,#1151,.T.);
#928=EDGE_CURVE('',#1396,#1388,#1152,.T.);
#929=EDGE_CURVE('',#1396,#1397,#1153,.T.);
#930=EDGE_CURVE('',#1397,#1389,#1154,.T.);
#931=EDGE_CURVE('',#1397,#1398,#1155,.T.);
#932=EDGE_CURVE('',#1398,#1390,#1156,.T.);
#933=EDGE_CURVE('',#1398,#1391,#1157,.T.);
#934=EDGE_CURVE('',#1399,#1400,#1158,.T.);
#935=EDGE_CURVE('',#1400,#1401,#1159,.T.);
#936=EDGE_CURVE('',#1401,#1402,#1160,.T.);
#937=EDGE_CURVE('',#1402,#1403,#1161,.T.);
#938=EDGE_CURVE('',#1403,#1404,#1162,.T.);
#939=EDGE_CURVE('',#1404,#1405,#1163,.T.);
#940=EDGE_CURVE('',#1405,#1406,#1164,.T.);
#941=EDGE_CURVE('',#1406,#1399,#1165,.T.);
#942=EDGE_CURVE('',#1407,#1408,#1166,.T.);
#943=EDGE_CURVE('',#1408,#1409,#1167,.T.);
#944=EDGE_CURVE('',#1409,#1407,#1168,.T.);
#945=EDGE_CURVE('',#1410,#1411,#1172,.T.);
#946=EDGE_CURVE('',#1411,#1412,#1173,.T.);
#947=EDGE_CURVE('',#1412,#1410,#1174,.T.);
#948=EDGE_CURVE('',#1415,#1414,#1175,.T.);
#949=EDGE_CURVE('',#1413,#1415,#1176,.T.);
#950=EDGE_CURVE('',#1413,#1416,#1177,.T.);
#951=EDGE_CURVE('',#1414,#1416,#1178,.T.);
#952=EDGE_CURVE('',#1413,#1414,#1179,.T.);
#953=EDGE_CURVE('',#1417,#1414,#1180,.T.);
#954=EDGE_CURVE('',#1413,#1417,#1181,.T.);
#955=EDGE_CURVE('',#1416,#1415,#1182,.T.);
#956=EDGE_CURVE('',#1417,#1415,#1183,.T.);
#957=EDGE_CURVE('',#1420,#1419,#1184,.T.);
#958=EDGE_CURVE('',#1418,#1420,#1185,.T.);
#959=EDGE_CURVE('',#1418,#1421,#1186,.T.);
#960=EDGE_CURVE('',#1419,#1421,#1187,.T.);
#961=EDGE_CURVE('',#1418,#1419,#1188,.T.);
#962=EDGE_CURVE('',#1422,#1419,#1189,.T.);
#963=EDGE_CURVE('',#1418,#1422,#1190,.T.);
#964=EDGE_CURVE('',#1421,#1420,#1191,.T.);
#965=EDGE_CURVE('',#1422,#1420,#1192,.T.);
#966=EDGE_CURVE('',#1423,#1424,#1193,.T.);
#967=EDGE_CURVE('',#1424,#1425,#1194,.T.);
#968=EDGE_CURVE('',#1425,#1423,#1195,.T.);
#969=EDGE_CURVE('',#1426,#1427,#1199,.T.);
#970=EDGE_CURVE('',#1427,#1428,#1200,.T.);
#971=EDGE_CURVE('',#1428,#1426,#1201,.T.);
#972=EDGE_CURVE('',#1431,#1430,#1202,.T.);
#973=EDGE_CURVE('',#1429,#1431,#1203,.T.);
#974=EDGE_CURVE('',#1429,#1432,#1204,.T.);
#975=EDGE_CURVE('',#1430,#1432,#1205,.T.);
#976=EDGE_CURVE('',#1429,#1430,#1206,.T.);
#977=EDGE_CURVE('',#1433,#1430,#1207,.T.);
#978=EDGE_CURVE('',#1429,#1433,#1208,.T.);
#979=EDGE_CURVE('',#1432,#1431,#1209,.T.);
#980=EDGE_CURVE('',#1433,#1431,#1210,.T.);
#981=EDGE_CURVE('',#1436,#1435,#1211,.T.);
#982=EDGE_CURVE('',#1434,#1436,#1212,.T.);
#983=EDGE_CURVE('',#1434,#1437,#1213,.T.);
#984=EDGE_CURVE('',#1435,#1437,#1214,.T.);
#985=EDGE_CURVE('',#1434,#1435,#1215,.T.);
#986=EDGE_CURVE('',#1438,#1435,#1216,.T.);
#987=EDGE_CURVE('',#1434,#1438,#1217,.T.);
#988=EDGE_CURVE('',#1437,#1436,#1218,.T.);
#989=EDGE_CURVE('',#1438,#1436,#1219,.T.);
#990=EDGE_CURVE('',#1439,#1440,#1220,.T.);
#991=EDGE_CURVE('',#1440,#1441,#1221,.T.);
#992=EDGE_CURVE('',#1441,#1439,#1222,.T.);
#993=EDGE_CURVE('',#1442,#1443,#1226,.T.);
#994=EDGE_CURVE('',#1443,#1444,#1227,.T.);
#995=EDGE_CURVE('',#1444,#1442,#1228,.T.);
#996=EDGE_CURVE('',#1447,#1446,#1229,.T.);
#997=EDGE_CURVE('',#1445,#1447,#1230,.T.);
#998=EDGE_CURVE('',#1445,#1448,#1231,.T.);
#999=EDGE_CURVE('',#1446,#1448,#1232,.T.);
#1000=EDGE_CURVE('',#1445,#1446,#1233,.T.);
#1001=EDGE_CURVE('',#1449,#1446,#1234,.T.);
#1002=EDGE_CURVE('',#1445,#1449,#1235,.T.);
#1003=EDGE_CURVE('',#1448,#1447,#1236,.T.);
#1004=EDGE_CURVE('',#1449,#1447,#1237,.T.);
#1005=EDGE_CURVE('',#1452,#1451,#1238,.T.);
#1006=EDGE_CURVE('',#1450,#1452,#1239,.T.);
#1007=EDGE_CURVE('',#1450,#1453,#1240,.T.);
#1008=EDGE_CURVE('',#1451,#1453,#1241,.T.);
#1009=EDGE_CURVE('',#1450,#1451,#1242,.T.);
#1010=EDGE_CURVE('',#1454,#1451,#1243,.T.);
#1011=EDGE_CURVE('',#1450,#1454,#1244,.T.);
#1012=EDGE_CURVE('',#1453,#1452,#1245,.T.);
#1013=EDGE_CURVE('',#1454,#1452,#1246,.T.);
#1014=EDGE_CURVE('',#1455,#1456,#1247,.T.);
#1015=EDGE_CURVE('',#1456,#1457,#1248,.T.);
#1016=EDGE_CURVE('',#1457,#1455,#1249,.T.);
#1017=EDGE_CURVE('',#1458,#1459,#1253,.T.);
#1018=EDGE_CURVE('',#1459,#1460,#1254,.T.);
#1019=EDGE_CURVE('',#1460,#1458,#1255,.T.);
#1020=EDGE_CURVE('',#1463,#1462,#1256,.T.);
#1021=EDGE_CURVE('',#1461,#1463,#1257,.T.);
#1022=EDGE_CURVE('',#1461,#1464,#1258,.T.);
#1023=EDGE_CURVE('',#1462,#1464,#1259,.T.);
#1024=EDGE_CURVE('',#1461,#1462,#1260,.T.);
#1025=EDGE_CURVE('',#1465,#1462,#1261,.T.);
#1026=EDGE_CURVE('',#1461,#1465,#1262,.T.);
#1027=EDGE_CURVE('',#1464,#1463,#1263,.T.);
#1028=EDGE_CURVE('',#1465,#1463,#1264,.T.);
#1029=EDGE_CURVE('',#1468,#1467,#1265,.T.);
#1030=EDGE_CURVE('',#1466,#1468,#1266,.T.);
#1031=EDGE_CURVE('',#1466,#1469,#1267,.T.);
#1032=EDGE_CURVE('',#1467,#1469,#1268,.T.);
#1033=EDGE_CURVE('',#1466,#1467,#1269,.T.);
#1034=EDGE_CURVE('',#1470,#1467,#1270,.T.);
#1035=EDGE_CURVE('',#1466,#1470,#1271,.T.);
#1036=EDGE_CURVE('',#1469,#1468,#1272,.T.);
#1037=EDGE_CURVE('',#1470,#1468,#1273,.T.);
#1038=EDGE_CURVE('',#1471,#1472,#1274,.T.);
#1039=EDGE_CURVE('',#1472,#1473,#1275,.T.);
#1040=EDGE_CURVE('',#1473,#1471,#1276,.T.);
#1041=EDGE_CURVE('',#1474,#1475,#1280,.T.);
#1042=EDGE_CURVE('',#1475,#1476,#1281,.T.);
#1043=EDGE_CURVE('',#1476,#1474,#1282,.T.);
#1044=EDGE_CURVE('',#1479,#1478,#1283,.T.);
#1045=EDGE_CURVE('',#1477,#1479,#1284,.T.);
#1046=EDGE_CURVE('',#1477,#1480,#1285,.T.);
#1047=EDGE_CURVE('',#1478,#1480,#1286,.T.);
#1048=EDGE_CURVE('',#1477,#1478,#1287,.T.);
#1049=EDGE_CURVE('',#1481,#1478,#1288,.T.);
#1050=EDGE_CURVE('',#1477,#1481,#1289,.T.);
#1051=EDGE_CURVE('',#1480,#1479,#1290,.T.);
#1052=EDGE_CURVE('',#1481,#1479,#1291,.T.);
#1053=EDGE_CURVE('',#1484,#1483,#1292,.T.);
#1054=EDGE_CURVE('',#1482,#1484,#1293,.T.);
#1055=EDGE_CURVE('',#1482,#1485,#1294,.T.);
#1056=EDGE_CURVE('',#1483,#1485,#1295,.T.);
#1057=EDGE_CURVE('',#1482,#1483,#1296,.T.);
#1058=EDGE_CURVE('',#1486,#1483,#1297,.T.);
#1059=EDGE_CURVE('',#1482,#1486,#1298,.T.);
#1060=EDGE_CURVE('',#1485,#1484,#1299,.T.);
#1061=EDGE_CURVE('',#1486,#1484,#1300,.T.);
#1062=EDGE_CURVE('',#1487,#1488,#1301,.T.);
#1063=EDGE_CURVE('',#1488,#1489,#1302,.T.);
#1064=EDGE_CURVE('',#1489,#1487,#1303,.T.);
#1065=EDGE_CURVE('',#1490,#1491,#1307,.T.);
#1066=EDGE_CURVE('',#1491,#1492,#1308,.T.);
#1067=EDGE_CURVE('',#1492,#1490,#1309,.T.);
#1068=EDGE_CURVE('',#1495,#1494,#1310,.T.);
#1069=EDGE_CURVE('',#1493,#1495,#1311,.T.);
#1070=EDGE_CURVE('',#1493,#1496,#1312,.T.);
#1071=EDGE_CURVE('',#1494,#1496,#1313,.T.);
#1072=EDGE_CURVE('',#1493,#1494,#1314,.T.);
#1073=EDGE_CURVE('',#1497,#1494,#1315,.T.);
#1074=EDGE_CURVE('',#1493,#1497,#1316,.T.);
#1075=EDGE_CURVE('',#1496,#1495,#1317,.T.);
#1076=EDGE_CURVE('',#1497,#1495,#1318,.T.);
#1077=EDGE_CURVE('',#1500,#1499,#1319,.T.);
#1078=EDGE_CURVE('',#1498,#1500,#1320,.T.);
#1079=EDGE_CURVE('',#1498,#1501,#1321,.T.);
#1080=EDGE_CURVE('',#1499,#1501,#1322,.T.);
#1081=EDGE_CURVE('',#1498,#1499,#1323,.T.);
#1082=EDGE_CURVE('',#1502,#1499,#1324,.T.);
#1083=EDGE_CURVE('',#1498,#1502,#1325,.T.);
#1084=EDGE_CURVE('',#1501,#1500,#1326,.T.);
#1085=EDGE_CURVE('',#1502,#1500,#1327,.T.);
#1086=EDGE_CURVE('',#1503,#1504,#1328,.T.);
#1087=EDGE_CURVE('',#1504,#1505,#1329,.T.);
#1088=EDGE_CURVE('',#1505,#1503,#1330,.T.);
#1089=EDGE_CURVE('',#1506,#1507,#1334,.T.);
#1090=EDGE_CURVE('',#1507,#1508,#1335,.T.);
#1091=EDGE_CURVE('',#1508,#1506,#1336,.T.);
#1092=EDGE_CURVE('',#1511,#1510,#1337,.T.);
#1093=EDGE_CURVE('',#1509,#1511,#1338,.T.);
#1094=EDGE_CURVE('',#1509,#1512,#1339,.T.);
#1095=EDGE_CURVE('',#1510,#1512,#1340,.T.);
#1096=EDGE_CURVE('',#1509,#1510,#1341,.T.);
#1097=EDGE_CURVE('',#1513,#1510,#1342,.T.);
#1098=EDGE_CURVE('',#1509,#1513,#1343,.T.);
#1099=EDGE_CURVE('',#1512,#1511,#1344,.T.);
#1100=EDGE_CURVE('',#1513,#1511,#1345,.T.);
#1101=EDGE_CURVE('',#1516,#1515,#1346,.T.);
#1102=EDGE_CURVE('',#1514,#1516,#1347,.T.);
#1103=EDGE_CURVE('',#1514,#1517,#1348,.T.);
#1104=EDGE_CURVE('',#1515,#1517,#1349,.T.);
#1105=EDGE_CURVE('',#1514,#1515,#1350,.T.);
#1106=EDGE_CURVE('',#1518,#1515,#1351,.T.);
#1107=EDGE_CURVE('',#1514,#1518,#1352,.T.);
#1108=EDGE_CURVE('',#1517,#1516,#1353,.T.);
#1109=EDGE_CURVE('',#1518,#1516,#1354,.T.);
#1110=EDGE_CURVE('',#1519,#1520,#1355,.T.);
#1111=EDGE_CURVE('',#1520,#1521,#1356,.T.);
#1112=EDGE_CURVE('',#1521,#1519,#1357,.T.);
#1113=EDGE_CURVE('',#1522,#1523,#1362,.T.);
#1114=EDGE_CURVE('',#1523,#1524,#1363,.T.);
#1115=EDGE_CURVE('',#1524,#1522,#1364,.T.);
#1116=EDGE_CURVE('',#1527,#1526,#1365,.T.);
#1117=EDGE_CURVE('',#1525,#1527,#1366,.T.);
#1118=EDGE_CURVE('',#1525,#1528,#1367,.T.);
#1119=EDGE_CURVE('',#1526,#1528,#1368,.T.);
#1120=EDGE_CURVE('',#1525,#1526,#1369,.T.);
#1121=EDGE_CURVE('',#1529,#1526,#1370,.T.);
#1122=EDGE_CURVE('',#1525,#1529,#1371,.T.);
#1123=EDGE_CURVE('',#1528,#1527,#1372,.T.);
#1124=EDGE_CURVE('',#1529,#1527,#1373,.T.);
#1125=EDGE_CURVE('',#1532,#1531,#1374,.T.);
#1126=EDGE_CURVE('',#1530,#1532,#1375,.T.);
#1127=EDGE_CURVE('',#1530,#1533,#1376,.T.);
#1128=EDGE_CURVE('',#1531,#1533,#1377,.T.);
#1129=EDGE_CURVE('',#1530,#1531,#1378,.T.);
#1130=EDGE_CURVE('',#1534,#1531,#1379,.T.);
#1131=EDGE_CURVE('',#1530,#1534,#1380,.T.);
#1132=EDGE_CURVE('',#1533,#1532,#1381,.T.);
#1133=EDGE_CURVE('',#1534,#1532,#1382,.T.);
#1134=B_SPLINE_CURVE_WITH_KNOTS('',1,(#1894,#1895),.UNSPECIFIED.,.F.,.F.,
(2,2),(0.,4.00000000000001),.UNSPECIFIED.);
#1135=B_SPLINE_CURVE_WITH_KNOTS('',1,(#1896,#1897),.UNSPECIFIED.,.F.,.F.,
(2,2),(0.,3.99999999999998),.UNSPECIFIED.);
#1136=B_SPLINE_CURVE_WITH_KNOTS('',1,(#1898,#1899),.UNSPECIFIED.,.F.,.F.,
(2,2),(0.,3.99999999999998),.UNSPECIFIED.);
#1137=B_SPLINE_CURVE_WITH_KNOTS('',1,(#1900,#1901),.UNSPECIFIED.,.F.,.F.,
(2,2),(0.,3.99999999999998),.UNSPECIFIED.);
#1138=B_SPLINE_CURVE_WITH_KNOTS('',1,(#1902,#1903),.UNSPECIFIED.,.F.,.F.,
(2,2),(0.,3.99999999999998),.UNSPECIFIED.);
#1139=B_SPLINE_CURVE_WITH_KNOTS('',1,(#1904,#1905),.UNSPECIFIED.,.F.,.F.,
(2,2),(0.,3.99999999999998),.UNSPECIFIED.);
#1140=B_SPLINE_CURVE_WITH_KNOTS('',1,(#1906,#1907),.UNSPECIFIED.,.F.,.F.,
(2,2),(0.,3.99999999999998),.UNSPECIFIED.);
#1141=B_SPLINE_CURVE_WITH_KNOTS('',1,(#1908,#1909),.UNSPECIFIED.,.F.,.F.,
(2,2),(0.,3.99999999999999),.UNSPECIFIED.);
#1142=B_SPLINE_CURVE_WITH_KNOTS('',1,(#1910,#1911),.UNSPECIFIED.,.F.,.F.,
(2,2),(0.,1.),.UNSPECIFIED.);
#1143=B_SPLINE_CURVE_WITH_KNOTS('',1,(#1912,#1913),.UNSPECIFIED.,.F.,.F.,
(2,2),(0.,4.00000000000001),.UNSPECIFIED.);
#1144=B_SPLINE_CURVE_WITH_KNOTS('',1,(#1914,#1915),.UNSPECIFIED.,.F.,.F.,
(2,2),(-1.,0.),.UNSPECIFIED.);
#1145=B_SPLINE_CURVE_WITH_KNOTS('',1,(#1916,#1917),.UNSPECIFIED.,.F.,.F.,
(2,2),(0.,3.99999999999998),.UNSPECIFIED.);
#1146=B_SPLINE_CURVE_WITH_KNOTS('',1,(#1918,#1919),.UNSPECIFIED.,.F.,.F.,
(2,2),(-1.,0.),.UNSPECIFIED.);
#1147=B_SPLINE_CURVE_WITH_KNOTS('',1,(#1920,#1921),.UNSPECIFIED.,.F.,.F.,
(2,2),(0.,3.99999999999998),.UNSPECIFIED.);
#1148=B_SPLINE_CURVE_WITH_KNOTS('',1,(#1922,#1923),.UNSPECIFIED.,.F.,.F.,
(2,2),(-1.,0.),.UNSPECIFIED.);
#1149=B_SPLINE_CURVE_WITH_KNOTS('',1,(#1924,#1925),.UNSPECIFIED.,.F.,.F.,
(2,2),(0.,3.99999999999998),.UNSPECIFIED.);
#1150=B_SPLINE_CURVE_WITH_KNOTS('',1,(#1926,#1927),.UNSPECIFIED.,.F.,.F.,
(2,2),(-1.,0.),.UNSPECIFIED.);
#1151=B_SPLINE_CURVE_WITH_KNOTS('',1,(#1928,#1929),.UNSPECIFIED.,.F.,.F.,
(2,2),(0.,3.99999999999998),.UNSPECIFIED.);
#1152=B_SPLINE_CURVE_WITH_KNOTS('',1,(#1930,#1931),.UNSPECIFIED.,.F.,.F.,
(2,2),(-1.,0.),.UNSPECIFIED.);
#1153=B_SPLINE_CURVE_WITH_KNOTS('',1,(#1932,#1933),.UNSPECIFIED.,.F.,.F.,
(2,2),(0.,3.99999999999998),.UNSPECIFIED.);
#1154=B_SPLINE_CURVE_WITH_KNOTS('',1,(#1934,#1935),.UNSPECIFIED.,.F.,.F.,
(2,2),(-1.,0.),.UNSPECIFIED.);
#1155=B_SPLINE_CURVE_WITH_KNOTS('',1,(#1936,#1937),.UNSPECIFIED.,.F.,.F.,
(2,2),(0.,3.99999999999998),.UNSPECIFIED.);
#1156=B_SPLINE_CURVE_WITH_KNOTS('',1,(#1938,#1939),.UNSPECIFIED.,.F.,.F.,
(2,2),(-1.,0.),.UNSPECIFIED.);
#1157=B_SPLINE_CURVE_WITH_KNOTS('',1,(#1940,#1941),.UNSPECIFIED.,.F.,.F.,
(2,2),(0.,3.99999999999999),.UNSPECIFIED.);
#1158=B_SPLINE_CURVE_WITH_KNOTS('',1,(#1951,#1952),.UNSPECIFIED.,.F.,.F.,
(2,2),(0.,4.00000000000001),.UNSPECIFIED.);
#1159=B_SPLINE_CURVE_WITH_KNOTS('',1,(#1953,#1954),.UNSPECIFIED.,.F.,.F.,
(2,2),(0.,3.99999999999998),.UNSPECIFIED.);
#1160=B_SPLINE_CURVE_WITH_KNOTS('',1,(#1955,#1956),.UNSPECIFIED.,.F.,.F.,
(2,2),(0.,3.99999999999998),.UNSPECIFIED.);
#1161=B_SPLINE_CURVE_WITH_KNOTS('',1,(#1957,#1958),.UNSPECIFIED.,.F.,.F.,
(2,2),(0.,3.99999999999998),.UNSPECIFIED.);
#1162=B_SPLINE_CURVE_WITH_KNOTS('',1,(#1959,#1960),.UNSPECIFIED.,.F.,.F.,
(2,2),(0.,3.99999999999998),.UNSPECIFIED.);
#1163=B_SPLINE_CURVE_WITH_KNOTS('',1,(#1961,#1962),.UNSPECIFIED.,.F.,.F.,
(2,2),(0.,3.99999999999998),.UNSPECIFIED.);
#1164=B_SPLINE_CURVE_WITH_KNOTS('',1,(#1963,#1964),.UNSPECIFIED.,.F.,.F.,
(2,2),(0.,3.99999999999998),.UNSPECIFIED.);
#1165=B_SPLINE_CURVE_WITH_KNOTS('',1,(#1965,#1966),.UNSPECIFIED.,.F.,.F.,
(2,2),(0.,3.99999999999999),.UNSPECIFIED.);
#1166=B_SPLINE_CURVE_WITH_KNOTS('',1,(#1990,#1991),.UNSPECIFIED.,.F.,.F.,
(2,2),(0.,7.4899979964083),.UNSPECIFIED.);
#1167=B_SPLINE_CURVE_WITH_KNOTS('',1,(#1992,#1993),.UNSPECIFIED.,.F.,.F.,
(2,2),(0.,4.),.UNSPECIFIED.);
#1168=B_SPLINE_CURVE_WITH_KNOTS('',1,(#1994,#1995),.UNSPECIFIED.,.F.,.F.,
(2,2),(0.,9.43737026978595),.UNSPECIFIED.);
#1169=B_SPLINE_CURVE_WITH_KNOTS('',1,(#1996,#1997),.UNSPECIFIED.,.F.,.F.,
(2,2),(0.,7.47182125739218),.UNSPECIFIED.);
#1170=B_SPLINE_CURVE_WITH_KNOTS('',1,(#1998,#1999),.UNSPECIFIED.,.F.,.F.,
(2,2),(0.,7.),.UNSPECIFIED.);
#1171=B_SPLINE_CURVE_WITH_KNOTS('',1,(#2000,#2001),.UNSPECIFIED.,.F.,.F.,
(2,2),(5.3851648071345,9.3851648071345),.UNSPECIFIED.);
#1172=B_SPLINE_CURVE_WITH_KNOTS('',1,(#2010,#2011),.UNSPECIFIED.,.F.,.F.,
(2,2),(0.,4.),.UNSPECIFIED.);
#1173=B_SPLINE_CURVE_WITH_KNOTS('',1,(#2012,#2013),.UNSPECIFIED.,.F.,.F.,
(2,2),(0.,9.43737026978595),.UNSPECIFIED.);
#1174=B_SPLINE_CURVE_WITH_KNOTS('',1,(#2014,#2015),.UNSPECIFIED.,.F.,.F.,
(2,2),(0.,7.4899979964083),.UNSPECIFIED.);
#1175=B_SPLINE_CURVE_WITH_KNOTS('',1,(#2033,#2034),.UNSPECIFIED.,.F.,.F.,
(2,2),(0.,9.43737026978594),.UNSPECIFIED.);
#1176=B_SPLINE_CURVE_WITH_KNOTS('',1,(#2035,#2036),.UNSPECIFIED.,.F.,.F.,
(2,2),(-7.4899979964083,0.),.UNSPECIFIED.);
#1177=B_SPLINE_CURVE_WITH_KNOTS('',3,(#2037,#2038,#2039,#2040),
 .UNSPECIFIED.,.F.,.F.,(4,4),(0.,1.71843200816722),.UNSPECIFIED.);
#1178=B_SPLINE_CURVE_WITH_KNOTS('',3,(#2041,#2042,#2043,#2044),
 .UNSPECIFIED.,.F.,.F.,(4,4),(0.040520781058717,3.31809574743306),
 .UNSPECIFIED.);
#1179=B_SPLINE_CURVE_WITH_KNOTS('',1,(#2045,#2046),.UNSPECIFIED.,.F.,.F.,
(2,2),(2.86894580633133E-13,4.),.UNSPECIFIED.);
#1180=B_SPLINE_CURVE_WITH_KNOTS('',3,(#2047,#2048,#2049,#2050),
 .UNSPECIFIED.,.F.,.F.,(4,4),(0.815023920550186,4.09259888692451),
 .UNSPECIFIED.);
#1181=B_SPLINE_CURVE_WITH_KNOTS('',3,(#2051,#2052,#2053,#2054),
 .UNSPECIFIED.,.F.,.F.,(4,4),(0.,1.71843200816722),.UNSPECIFIED.);
#1182=B_SPLINE_CURVE_WITH_KNOTS('',3,(#2055,#2056,#2057,#2058),
 .UNSPECIFIED.,.F.,.F.,(4,4),(1.56173160733234,8.17073311989992),
 .UNSPECIFIED.);
#1183=B_SPLINE_CURVE_WITH_KNOTS('',3,(#2059,#2060,#2061,#2062),
 .UNSPECIFIED.,.F.,.F.,(4,4),(1.56173160733213,8.17073311989929),
 .UNSPECIFIED.);
#1184=B_SPLINE_CURVE_WITH_KNOTS('',1,(#2080,#2081),.UNSPECIFIED.,.F.,.F.,
(2,2),(0.,9.43737026978594),.UNSPECIFIED.);
#1185=B_SPLINE_CURVE_WITH_KNOTS('',1,(#2082,#2083),.UNSPECIFIED.,.F.,.F.,
(2,2),(-7.4899979964083,0.),.UNSPECIFIED.);
#1186=B_SPLINE_CURVE_WITH_KNOTS('',3,(#2084,#2085,#2086,#2087),
 .UNSPECIFIED.,.F.,.F.,(4,4),(0.,1.71843200816722),.UNSPECIFIED.);
#1187=B_SPLINE_CURVE_WITH_KNOTS('',3,(#2088,#2089,#2090,#2091),
 .UNSPECIFIED.,.F.,.F.,(4,4),(0.040520781058717,3.31809574743306),
 .UNSPECIFIED.);
#1188=B_SPLINE_CURVE_WITH_KNOTS('',1,(#2092,#2093),.UNSPECIFIED.,.F.,.F.,
(2,2),(2.86894580633133E-13,4.),.UNSPECIFIED.);
#1189=B_SPLINE_CURVE_WITH_KNOTS('',3,(#2094,#2095,#2096,#2097),
 .UNSPECIFIED.,.F.,.F.,(4,4),(0.815023920550186,4.09259888692451),
 .UNSPECIFIED.);
#1190=B_SPLINE_CURVE_WITH_KNOTS('',3,(#2098,#2099,#2100,#2101),
 .UNSPECIFIED.,.F.,.F.,(4,4),(0.,1.71843200816722),.UNSPECIFIED.);
#1191=B_SPLINE_CURVE_WITH_KNOTS('',3,(#2102,#2103,#2104,#2105),
 .UNSPECIFIED.,.F.,.F.,(4,4),(1.56173160733234,8.17073311989992),
 .UNSPECIFIED.);
#1192=B_SPLINE_CURVE_WITH_KNOTS('',3,(#2106,#2107,#2108,#2109),
 .UNSPECIFIED.,.F.,.F.,(4,4),(1.56173160733213,8.17073311989929),
 .UNSPECIFIED.);
#1193=B_SPLINE_CURVE_WITH_KNOTS('',1,(#2117,#2118),.UNSPECIFIED.,.F.,.F.,
(2,2),(0.,7.4899979964083),.UNSPECIFIED.);
#1194=B_SPLINE_CURVE_WITH_KNOTS('',1,(#2119,#2120),.UNSPECIFIED.,.F.,.F.,
(2,2),(0.,4.),.UNSPECIFIED.);
#1195=B_SPLINE_CURVE_WITH_KNOTS('',1,(#2121,#2122),.UNSPECIFIED.,.F.,.F.,
(2,2),(0.,9.43737026978595),.UNSPECIFIED.);
#1196=B_SPLINE_CURVE_WITH_KNOTS('',1,(#2123,#2124),.UNSPECIFIED.,.F.,.F.,
(2,2),(0.,7.47182125739218),.UNSPECIFIED.);
#1197=B_SPLINE_CURVE_WITH_KNOTS('',1,(#2125,#2126),.UNSPECIFIED.,.F.,.F.,
(2,2),(0.,7.),.UNSPECIFIED.);
#1198=B_SPLINE_CURVE_WITH_KNOTS('',1,(#2127,#2128),.UNSPECIFIED.,.F.,.F.,
(2,2),(5.3851648071345,9.3851648071345),.UNSPECIFIED.);
#1199=B_SPLINE_CURVE_WITH_KNOTS('',1,(#2137,#2138),.UNSPECIFIED.,.F.,.F.,
(2,2),(0.,4.),.UNSPECIFIED.);
#1200=B_SPLINE_CURVE_WITH_KNOTS('',1,(#2139,#2140),.UNSPECIFIED.,.F.,.F.,
(2,2),(0.,9.43737026978595),.UNSPECIFIED.);
#1201=B_SPLINE_CURVE_WITH_KNOTS('',1,(#2141,#2142),.UNSPECIFIED.,.F.,.F.,
(2,2),(0.,7.4899979964083),.UNSPECIFIED.);
#1202=B_SPLINE_CURVE_WITH_KNOTS('',1,(#2160,#2161),.UNSPECIFIED.,.F.,.F.,
(2,2),(0.,9.43737026978594),.UNSPECIFIED.);
#1203=B_SPLINE_CURVE_WITH_KNOTS('',1,(#2162,#2163),.UNSPECIFIED.,.F.,.F.,
(2,2),(-7.4899979964083,0.),.UNSPECIFIED.);
#1204=B_SPLINE_CURVE_WITH_KNOTS('',3,(#2164,#2165,#2166,#2167),
 .UNSPECIFIED.,.F.,.F.,(4,4),(0.,1.71843200816722),.UNSPECIFIED.);
#1205=B_SPLINE_CURVE_WITH_KNOTS('',3,(#2168,#2169,#2170,#2171),
 .UNSPECIFIED.,.F.,.F.,(4,4),(0.040520781058717,3.31809574743306),
 .UNSPECIFIED.);
#1206=B_SPLINE_CURVE_WITH_KNOTS('',1,(#2172,#2173),.UNSPECIFIED.,.F.,.F.,
(2,2),(2.86894580633133E-13,4.),.UNSPECIFIED.);
#1207=B_SPLINE_CURVE_WITH_KNOTS('',3,(#2174,#2175,#2176,#2177),
 .UNSPECIFIED.,.F.,.F.,(4,4),(0.815023920550186,4.09259888692451),
 .UNSPECIFIED.);
#1208=B_SPLINE_CURVE_WITH_KNOTS('',3,(#2178,#2179,#2180,#2181),
 .UNSPECIFIED.,.F.,.F.,(4,4),(0.,1.71843200816722),.UNSPECIFIED.);
#1209=B_SPLINE_CURVE_WITH_KNOTS('',3,(#2182,#2183,#2184,#2185),
 .UNSPECIFIED.,.F.,.F.,(4,4),(1.56173160733234,8.17073311989992),
 .UNSPECIFIED.);
#1210=B_SPLINE_CURVE_WITH_KNOTS('',3,(#2186,#2187,#2188,#2189),
 .UNSPECIFIED.,.F.,.F.,(4,4),(1.56173160733213,8.17073311989929),
 .UNSPECIFIED.);
#1211=B_SPLINE_CURVE_WITH_KNOTS('',1,(#2207,#2208),.UNSPECIFIED.,.F.,.F.,
(2,2),(0.,9.43737026978594),.UNSPECIFIED.);
#1212=B_SPLINE_CURVE_WITH_KNOTS('',1,(#2209,#2210),.UNSPECIFIED.,.F.,.F.,
(2,2),(-7.4899979964083,0.),.UNSPECIFIED.);
#1213=B_SPLINE_CURVE_WITH_KNOTS('',3,(#2211,#2212,#2213,#2214),
 .UNSPECIFIED.,.F.,.F.,(4,4),(0.,1.71843200816722),.UNSPECIFIED.);
#1214=B_SPLINE_CURVE_WITH_KNOTS('',3,(#2215,#2216,#2217,#2218),
 .UNSPECIFIED.,.F.,.F.,(4,4),(0.040520781058717,3.31809574743306),
 .UNSPECIFIED.);
#1215=B_SPLINE_CURVE_WITH_KNOTS('',1,(#2219,#2220),.UNSPECIFIED.,.F.,.F.,
(2,2),(2.86894580633133E-13,4.),.UNSPECIFIED.);
#1216=B_SPLINE_CURVE_WITH_KNOTS('',3,(#2221,#2222,#2223,#2224),
 .UNSPECIFIED.,.F.,.F.,(4,4),(0.815023920550186,4.09259888692451),
 .UNSPECIFIED.);
#1217=B_SPLINE_CURVE_WITH_KNOTS('',3,(#2225,#2226,#2227,#2228),
 .UNSPECIFIED.,.F.,.F.,(4,4),(0.,1.71843200816722),.UNSPECIFIED.);
#1218=B_SPLINE_CURVE_WITH_KNOTS('',3,(#2229,#2230,#2231,#2232),
 .UNSPECIFIED.,.F.,.F.,(4,4),(1.56173160733234,8.17073311989992),
 .UNSPECIFIED.);
#1219=B_SPLINE_CURVE_WITH_KNOTS('',3,(#2233,#2234,#2235,#2236),
 .UNSPECIFIED.,.F.,.F.,(4,4),(1.56173160733213,8.17073311989929),
 .UNSPECIFIED.);
#1220=B_SPLINE_CURVE_WITH_KNOTS('',1,(#2244,#2245),.UNSPECIFIED.,.F.,.F.,
(2,2),(0.,7.4899979964083),.UNSPECIFIED.);
#1221=B_SPLINE_CURVE_WITH_KNOTS('',1,(#2246,#2247),.UNSPECIFIED.,.F.,.F.,
(2,2),(0.,4.),.UNSPECIFIED.);
#1222=B_SPLINE_CURVE_WITH_KNOTS('',1,(#2248,#2249),.UNSPECIFIED.,.F.,.F.,
(2,2),(0.,9.43737026978595),.UNSPECIFIED.);
#1223=B_SPLINE_CURVE_WITH_KNOTS('',1,(#2250,#2251),.UNSPECIFIED.,.F.,.F.,
(2,2),(0.,7.47182125739218),.UNSPECIFIED.);
#1224=B_SPLINE_CURVE_WITH_KNOTS('',1,(#2252,#2253),.UNSPECIFIED.,.F.,.F.,
(2,2),(0.,7.),.UNSPECIFIED.);
#1225=B_SPLINE_CURVE_WITH_KNOTS('',1,(#2254,#2255),.UNSPECIFIED.,.F.,.F.,
(2,2),(5.3851648071345,9.3851648071345),.UNSPECIFIED.);
#1226=B_SPLINE_CURVE_WITH_KNOTS('',1,(#2264,#2265),.UNSPECIFIED.,.F.,.F.,
(2,2),(0.,4.),.UNSPECIFIED.);
#1227=B_SPLINE_CURVE_WITH_KNOTS('',1,(#2266,#2267),.UNSPECIFIED.,.F.,.F.,
(2,2),(0.,9.43737026978595),.UNSPECIFIED.);
#1228=B_SPLINE_CURVE_WITH_KNOTS('',1,(#2268,#2269),.UNSPECIFIED.,.F.,.F.,
(2,2),(0.,7.4899979964083),.UNSPECIFIED.);
#1229=B_SPLINE_CURVE_WITH_KNOTS('',1,(#2287,#2288),.UNSPECIFIED.,.F.,.F.,
(2,2),(0.,9.43737026978594),.UNSPECIFIED.);
#1230=B_SPLINE_CURVE_WITH_KNOTS('',1,(#2289,#2290),.UNSPECIFIED.,.F.,.F.,
(2,2),(-7.4899979964083,0.),.UNSPECIFIED.);
#1231=B_SPLINE_CURVE_WITH_KNOTS('',3,(#2291,#2292,#2293,#2294),
 .UNSPECIFIED.,.F.,.F.,(4,4),(0.,1.71843200816722),.UNSPECIFIED.);
#1232=B_SPLINE_CURVE_WITH_KNOTS('',3,(#2295,#2296,#2297,#2298),
 .UNSPECIFIED.,.F.,.F.,(4,4),(0.040520781058717,3.31809574743306),
 .UNSPECIFIED.);
#1233=B_SPLINE_CURVE_WITH_KNOTS('',1,(#2299,#2300),.UNSPECIFIED.,.F.,.F.,
(2,2),(2.86894580633133E-13,4.),.UNSPECIFIED.);
#1234=B_SPLINE_CURVE_WITH_KNOTS('',3,(#2301,#2302,#2303,#2304),
 .UNSPECIFIED.,.F.,.F.,(4,4),(0.815023920550186,4.09259888692451),
 .UNSPECIFIED.);
#1235=B_SPLINE_CURVE_WITH_KNOTS('',3,(#2305,#2306,#2307,#2308),
 .UNSPECIFIED.,.F.,.F.,(4,4),(0.,1.71843200816722),.UNSPECIFIED.);
#1236=B_SPLINE_CURVE_WITH_KNOTS('',3,(#2309,#2310,#2311,#2312),
 .UNSPECIFIED.,.F.,.F.,(4,4),(1.56173160733234,8.17073311989992),
 .UNSPECIFIED.);
#1237=B_SPLINE_CURVE_WITH_KNOTS('',3,(#2313,#2314,#2315,#2316),
 .UNSPECIFIED.,.F.,.F.,(4,4),(1.56173160733213,8.17073311989929),
 .UNSPECIFIED.);
#1238=B_SPLINE_CURVE_WITH_KNOTS('',1,(#2334,#2335),.UNSPECIFIED.,.F.,.F.,
(2,2),(0.,9.43737026978594),.UNSPECIFIED.);
#1239=B_SPLINE_CURVE_WITH_KNOTS('',1,(#2336,#2337),.UNSPECIFIED.,.F.,.F.,
(2,2),(-7.4899979964083,0.),.UNSPECIFIED.);
#1240=B_SPLINE_CURVE_WITH_KNOTS('',3,(#2338,#2339,#2340,#2341),
 .UNSPECIFIED.,.F.,.F.,(4,4),(0.,1.71843200816722),.UNSPECIFIED.);
#1241=B_SPLINE_CURVE_WITH_KNOTS('',3,(#2342,#2343,#2344,#2345),
 .UNSPECIFIED.,.F.,.F.,(4,4),(0.040520781058717,3.31809574743306),
 .UNSPECIFIED.);
#1242=B_SPLINE_CURVE_WITH_KNOTS('',1,(#2346,#2347),.UNSPECIFIED.,.F.,.F.,
(2,2),(2.86894580633133E-13,4.),.UNSPECIFIED.);
#1243=B_SPLINE_CURVE_WITH_KNOTS('',3,(#2348,#2349,#2350,#2351),
 .UNSPECIFIED.,.F.,.F.,(4,4),(0.815023920550186,4.09259888692451),
 .UNSPECIFIED.);
#1244=B_SPLINE_CURVE_WITH_KNOTS('',3,(#2352,#2353,#2354,#2355),
 .UNSPECIFIED.,.F.,.F.,(4,4),(0.,1.71843200816722),.UNSPECIFIED.);
#1245=B_SPLINE_CURVE_WITH_KNOTS('',3,(#2356,#2357,#2358,#2359),
 .UNSPECIFIED.,.F.,.F.,(4,4),(1.56173160733234,8.17073311989992),
 .UNSPECIFIED.);
#1246=B_SPLINE_CURVE_WITH_KNOTS('',3,(#2360,#2361,#2362,#2363),
 .UNSPECIFIED.,.F.,.F.,(4,4),(1.56173160733213,8.17073311989929),
 .UNSPECIFIED.);
#1247=B_SPLINE_CURVE_WITH_KNOTS('',1,(#2371,#2372),.UNSPECIFIED.,.F.,.F.,
(2,2),(0.,7.4899979964083),.UNSPECIFIED.);
#1248=B_SPLINE_CURVE_WITH_KNOTS('',1,(#2373,#2374),.UNSPECIFIED.,.F.,.F.,
(2,2),(0.,4.),.UNSPECIFIED.);
#1249=B_SPLINE_CURVE_WITH_KNOTS('',1,(#2375,#2376),.UNSPECIFIED.,.F.,.F.,
(2,2),(0.,9.43737026978595),.UNSPECIFIED.);
#1250=B_SPLINE_CURVE_WITH_KNOTS('',1,(#2377,#2378),.UNSPECIFIED.,.F.,.F.,
(2,2),(0.,7.47182125739218),.UNSPECIFIED.);
#1251=B_SPLINE_CURVE_WITH_KNOTS('',1,(#2379,#2380),.UNSPECIFIED.,.F.,.F.,
(2,2),(0.,7.),.UNSPECIFIED.);
#1252=B_SPLINE_CURVE_WITH_KNOTS('',1,(#2381,#2382),.UNSPECIFIED.,.F.,.F.,
(2,2),(5.3851648071345,9.3851648071345),.UNSPECIFIED.);
#1253=B_SPLINE_CURVE_WITH_KNOTS('',1,(#2391,#2392),.UNSPECIFIED.,.F.,.F.,
(2,2),(0.,4.),.UNSPECIFIED.);
#1254=B_SPLINE_CURVE_WITH_KNOTS('',1,(#2393,#2394),.UNSPECIFIED.,.F.,.F.,
(2,2),(0.,9.43737026978595),.UNSPECIFIED.);
#1255=B_SPLINE_CURVE_WITH_KNOTS('',1,(#2395,#2396),.UNSPECIFIED.,.F.,.F.,
(2,2),(0.,7.4899979964083),.UNSPECIFIED.);
#1256=B_SPLINE_CURVE_WITH_KNOTS('',1,(#2414,#2415),.UNSPECIFIED.,.F.,.F.,
(2,2),(0.,9.43737026978594),.UNSPECIFIED.);
#1257=B_SPLINE_CURVE_WITH_KNOTS('',1,(#2416,#2417),.UNSPECIFIED.,.F.,.F.,
(2,2),(-7.4899979964083,0.),.UNSPECIFIED.);
#1258=B_SPLINE_CURVE_WITH_KNOTS('',3,(#2418,#2419,#2420,#2421),
 .UNSPECIFIED.,.F.,.F.,(4,4),(0.,1.71843200816722),.UNSPECIFIED.);
#1259=B_SPLINE_CURVE_WITH_KNOTS('',3,(#2422,#2423,#2424,#2425),
 .UNSPECIFIED.,.F.,.F.,(4,4),(0.040520781058717,3.31809574743306),
 .UNSPECIFIED.);
#1260=B_SPLINE_CURVE_WITH_KNOTS('',1,(#2426,#2427),.UNSPECIFIED.,.F.,.F.,
(2,2),(2.86894580633133E-13,4.),.UNSPECIFIED.);
#1261=B_SPLINE_CURVE_WITH_KNOTS('',3,(#2428,#2429,#2430,#2431),
 .UNSPECIFIED.,.F.,.F.,(4,4),(0.815023920550186,4.09259888692451),
 .UNSPECIFIED.);
#1262=B_SPLINE_CURVE_WITH_KNOTS('',3,(#2432,#2433,#2434,#2435),
 .UNSPECIFIED.,.F.,.F.,(4,4),(0.,1.71843200816722),.UNSPECIFIED.);
#1263=B_SPLINE_CURVE_WITH_KNOTS('',3,(#2436,#2437,#2438,#2439),
 .UNSPECIFIED.,.F.,.F.,(4,4),(1.56173160733234,8.17073311989992),
 .UNSPECIFIED.);
#1264=B_SPLINE_CURVE_WITH_KNOTS('',3,(#2440,#2441,#2442,#2443),
 .UNSPECIFIED.,.F.,.F.,(4,4),(1.56173160733213,8.17073311989929),
 .UNSPECIFIED.);
#1265=B_SPLINE_CURVE_WITH_KNOTS('',1,(#2461,#2462),.UNSPECIFIED.,.F.,.F.,
(2,2),(0.,9.43737026978594),.UNSPECIFIED.);
#1266=B_SPLINE_CURVE_WITH_KNOTS('',1,(#2463,#2464),.UNSPECIFIED.,.F.,.F.,
(2,2),(-7.4899979964083,0.),.UNSPECIFIED.);
#1267=B_SPLINE_CURVE_WITH_KNOTS('',3,(#2465,#2466,#2467,#2468),
 .UNSPECIFIED.,.F.,.F.,(4,4),(0.,1.71843200816722),.UNSPECIFIED.);
#1268=B_SPLINE_CURVE_WITH_KNOTS('',3,(#2469,#2470,#2471,#2472),
 .UNSPECIFIED.,.F.,.F.,(4,4),(0.040520781058717,3.31809574743306),
 .UNSPECIFIED.);
#1269=B_SPLINE_CURVE_WITH_KNOTS('',1,(#2473,#2474),.UNSPECIFIED.,.F.,.F.,
(2,2),(2.86894580633133E-13,4.),.UNSPECIFIED.);
#1270=B_SPLINE_CURVE_WITH_KNOTS('',3,(#2475,#2476,#2477,#2478),
 .UNSPECIFIED.,.F.,.F.,(4,4),(0.815023920550186,4.09259888692451),
 .UNSPECIFIED.);
#1271=B_SPLINE_CURVE_WITH_KNOTS('',3,(#2479,#2480,#2481,#2482),
 .UNSPECIFIED.,.F.,.F.,(4,4),(0.,1.71843200816722),.UNSPECIFIED.);
#1272=B_SPLINE_CURVE_WITH_KNOTS('',3,(#2483,#2484,#2485,#2486),
 .UNSPECIFIED.,.F.,.F.,(4,4),(1.56173160733234,8.17073311989992),
 .UNSPECIFIED.);
#1273=B_SPLINE_CURVE_WITH_KNOTS('',3,(#2487,#2488,#2489,#2490),
 .UNSPECIFIED.,.F.,.F.,(4,4),(1.56173160733213,8.17073311989929),
 .UNSPECIFIED.);
#1274=B_SPLINE_CURVE_WITH_KNOTS('',1,(#2498,#2499),.UNSPECIFIED.,.F.,.F.,
(2,2),(0.,7.4899979964083),.UNSPECIFIED.);
#1275=B_SPLINE_CURVE_WITH_KNOTS('',1,(#2500,#2501),.UNSPECIFIED.,.F.,.F.,
(2,2),(0.,4.),.UNSPECIFIED.);
#1276=B_SPLINE_CURVE_WITH_KNOTS('',1,(#2502,#2503),.UNSPECIFIED.,.F.,.F.,
(2,2),(0.,9.43737026978595),.UNSPECIFIED.);
#1277=B_SPLINE_CURVE_WITH_KNOTS('',1,(#2504,#2505),.UNSPECIFIED.,.F.,.F.,
(2,2),(0.,7.47182125739218),.UNSPECIFIED.);
#1278=B_SPLINE_CURVE_WITH_KNOTS('',1,(#2506,#2507),.UNSPECIFIED.,.F.,.F.,
(2,2),(0.,7.),.UNSPECIFIED.);
#1279=B_SPLINE_CURVE_WITH_KNOTS('',1,(#2508,#2509),.UNSPECIFIED.,.F.,.F.,
(2,2),(5.3851648071345,9.3851648071345),.UNSPECIFIED.);
#1280=B_SPLINE_CURVE_WITH_KNOTS('',1,(#2518,#2519),.UNSPECIFIED.,.F.,.F.,
(2,2),(0.,4.),.UNSPECIFIED.);
#1281=B_SPLINE_CURVE_WITH_KNOTS('',1,(#2520,#2521),.UNSPECIFIED.,.F.,.F.,
(2,2),(0.,9.43737026978595),.UNSPECIFIED.);
#1282=B_SPLINE_CURVE_WITH_KNOTS('',1,(#2522,#2523),.UNSPECIFIED.,.F.,.F.,
(2,2),(0.,7.4899979964083),.UNSPECIFIED.);
#1283=B_SPLINE_CURVE_WITH_KNOTS('',1,(#2541,#2542),.UNSPECIFIED.,.F.,.F.,
(2,2),(0.,9.43737026978594),.UNSPECIFIED.);
#1284=B_SPLINE_CURVE_WITH_KNOTS('',1,(#2543,#2544),.UNSPECIFIED.,.F.,.F.,
(2,2),(-7.4899979964083,0.),.UNSPECIFIED.);
#1285=B_SPLINE_CURVE_WITH_KNOTS('',3,(#2545,#2546,#2547,#2548),
 .UNSPECIFIED.,.F.,.F.,(4,4),(0.,1.71843200816722),.UNSPECIFIED.);
#1286=B_SPLINE_CURVE_WITH_KNOTS('',3,(#2549,#2550,#2551,#2552),
 .UNSPECIFIED.,.F.,.F.,(4,4),(0.040520781058717,3.31809574743306),
 .UNSPECIFIED.);
#1287=B_SPLINE_CURVE_WITH_KNOTS('',1,(#2553,#2554),.UNSPECIFIED.,.F.,.F.,
(2,2),(2.86894580633133E-13,4.),.UNSPECIFIED.);
#1288=B_SPLINE_CURVE_WITH_KNOTS('',3,(#2555,#2556,#2557,#2558),
 .UNSPECIFIED.,.F.,.F.,(4,4),(0.815023920550186,4.09259888692451),
 .UNSPECIFIED.);
#1289=B_SPLINE_CURVE_WITH_KNOTS('',3,(#2559,#2560,#2561,#2562),
 .UNSPECIFIED.,.F.,.F.,(4,4),(0.,1.71843200816722),.UNSPECIFIED.);
#1290=B_SPLINE_CURVE_WITH_KNOTS('',3,(#2563,#2564,#2565,#2566),
 .UNSPECIFIED.,.F.,.F.,(4,4),(1.56173160733234,8.17073311989992),
 .UNSPECIFIED.);
#1291=B_SPLINE_CURVE_WITH_KNOTS('',3,(#2567,#2568,#2569,#2570),
 .UNSPECIFIED.,.F.,.F.,(4,4),(1.56173160733213,8.17073311989929),
 .UNSPECIFIED.);
#1292=B_SPLINE_CURVE_WITH_KNOTS('',1,(#2588,#2589),.UNSPECIFIED.,.F.,.F.,
(2,2),(0.,9.43737026978594),.UNSPECIFIED.);
#1293=B_SPLINE_CURVE_WITH_KNOTS('',1,(#2590,#2591),.UNSPECIFIED.,.F.,.F.,
(2,2),(-7.4899979964083,0.),.UNSPECIFIED.);
#1294=B_SPLINE_CURVE_WITH_KNOTS('',3,(#2592,#2593,#2594,#2595),
 .UNSPECIFIED.,.F.,.F.,(4,4),(0.,1.71843200816722),.UNSPECIFIED.);
#1295=B_SPLINE_CURVE_WITH_KNOTS('',3,(#2596,#2597,#2598,#2599),
 .UNSPECIFIED.,.F.,.F.,(4,4),(0.040520781058717,3.31809574743306),
 .UNSPECIFIED.);
#1296=B_SPLINE_CURVE_WITH_KNOTS('',1,(#2600,#2601),.UNSPECIFIED.,.F.,.F.,
(2,2),(2.86894580633133E-13,4.),.UNSPECIFIED.);
#1297=B_SPLINE_CURVE_WITH_KNOTS('',3,(#2602,#2603,#2604,#2605),
 .UNSPECIFIED.,.F.,.F.,(4,4),(0.815023920550186,4.09259888692451),
 .UNSPECIFIED.);
#1298=B_SPLINE_CURVE_WITH_KNOTS('',3,(#2606,#2607,#2608,#2609),
 .UNSPECIFIED.,.F.,.F.,(4,4),(0.,1.71843200816722),.UNSPECIFIED.);
#1299=B_SPLINE_CURVE_WITH_KNOTS('',3,(#2610,#2611,#2612,#2613),
 .UNSPECIFIED.,.F.,.F.,(4,4),(1.56173160733234,8.17073311989992),
 .UNSPECIFIED.);
#1300=B_SPLINE_CURVE_WITH_KNOTS('',3,(#2614,#2615,#2616,#2617),
 .UNSPECIFIED.,.F.,.F.,(4,4),(1.56173160733213,8.17073311989929),
 .UNSPECIFIED.);
#1301=B_SPLINE_CURVE_WITH_KNOTS('',1,(#2625,#2626),.UNSPECIFIED.,.F.,.F.,
(2,2),(0.,7.4899979964083),.UNSPECIFIED.);
#1302=B_SPLINE_CURVE_WITH_KNOTS('',1,(#2627,#2628),.UNSPECIFIED.,.F.,.F.,
(2,2),(0.,4.),.UNSPECIFIED.);
#1303=B_SPLINE_CURVE_WITH_KNOTS('',1,(#2629,#2630),.UNSPECIFIED.,.F.,.F.,
(2,2),(0.,9.43737026978595),.UNSPECIFIED.);
#1304=B_SPLINE_CURVE_WITH_KNOTS('',1,(#2631,#2632),.UNSPECIFIED.,.F.,.F.,
(2,2),(0.,7.47182125739218),.UNSPECIFIED.);
#1305=B_SPLINE_CURVE_WITH_KNOTS('',1,(#2633,#2634),.UNSPECIFIED.,.F.,.F.,
(2,2),(0.,7.),.UNSPECIFIED.);
#1306=B_SPLINE_CURVE_WITH_KNOTS('',1,(#2635,#2636),.UNSPECIFIED.,.F.,.F.,
(2,2),(5.3851648071345,9.3851648071345),.UNSPECIFIED.);
#1307=B_SPLINE_CURVE_WITH_KNOTS('',1,(#2645,#2646),.UNSPECIFIED.,.F.,.F.,
(2,2),(0.,4.),.UNSPECIFIED.);
#1308=B_SPLINE_CURVE_WITH_KNOTS('',1,(#2647,#2648),.UNSPECIFIED.,.F.,.F.,
(2,2),(0.,9.43737026978595),.UNSPECIFIED.);
#1309=B_SPLINE_CURVE_WITH_KNOTS('',1,(#2649,#2650),.UNSPECIFIED.,.F.,.F.,
(2,2),(0.,7.4899979964083),.UNSPECIFIED.);
#1310=B_SPLINE_CURVE_WITH_KNOTS('',1,(#2668,#2669),.UNSPECIFIED.,.F.,.F.,
(2,2),(0.,9.43737026978594),.UNSPECIFIED.);
#1311=B_SPLINE_CURVE_WITH_KNOTS('',1,(#2670,#2671),.UNSPECIFIED.,.F.,.F.,
(2,2),(-7.4899979964083,0.),.UNSPECIFIED.);
#1312=B_SPLINE_CURVE_WITH_KNOTS('',3,(#2672,#2673,#2674,#2675),
 .UNSPECIFIED.,.F.,.F.,(4,4),(0.,1.71843200816722),.UNSPECIFIED.);
#1313=B_SPLINE_CURVE_WITH_KNOTS('',3,(#2676,#2677,#2678,#2679),
 .UNSPECIFIED.,.F.,.F.,(4,4),(0.040520781058717,3.31809574743306),
 .UNSPECIFIED.);
#1314=B_SPLINE_CURVE_WITH_KNOTS('',1,(#2680,#2681),.UNSPECIFIED.,.F.,.F.,
(2,2),(2.86894580633133E-13,4.),.UNSPECIFIED.);
#1315=B_SPLINE_CURVE_WITH_KNOTS('',3,(#2682,#2683,#2684,#2685),
 .UNSPECIFIED.,.F.,.F.,(4,4),(0.815023920550186,4.09259888692451),
 .UNSPECIFIED.);
#1316=B_SPLINE_CURVE_WITH_KNOTS('',3,(#2686,#2687,#2688,#2689),
 .UNSPECIFIED.,.F.,.F.,(4,4),(0.,1.71843200816722),.UNSPECIFIED.);
#1317=B_SPLINE_CURVE_WITH_KNOTS('',3,(#2690,#2691,#2692,#2693),
 .UNSPECIFIED.,.F.,.F.,(4,4),(1.56173160733234,8.17073311989992),
 .UNSPECIFIED.);
#1318=B_SPLINE_CURVE_WITH_KNOTS('',3,(#2694,#2695,#2696,#2697),
 .UNSPECIFIED.,.F.,.F.,(4,4),(1.56173160733213,8.17073311989929),
 .UNSPECIFIED.);
#1319=B_SPLINE_CURVE_WITH_KNOTS('',1,(#2715,#2716),.UNSPECIFIED.,.F.,.F.,
(2,2),(0.,9.43737026978594),.UNSPECIFIED.);
#1320=B_SPLINE_CURVE_WITH_KNOTS('',1,(#2717,#2718),.UNSPECIFIED.,.F.,.F.,
(2,2),(-7.4899979964083,0.),.UNSPECIFIED.);
#1321=B_SPLINE_CURVE_WITH_KNOTS('',3,(#2719,#2720,#2721,#2722),
 .UNSPECIFIED.,.F.,.F.,(4,4),(0.,1.71843200816722),.UNSPECIFIED.);
#1322=B_SPLINE_CURVE_WITH_KNOTS('',3,(#2723,#2724,#2725,#2726),
 .UNSPECIFIED.,.F.,.F.,(4,4),(0.040520781058717,3.31809574743306),
 .UNSPECIFIED.);
#1323=B_SPLINE_CURVE_WITH_KNOTS('',1,(#2727,#2728),.UNSPECIFIED.,.F.,.F.,
(2,2),(2.86894580633133E-13,4.),.UNSPECIFIED.);
#1324=B_SPLINE_CURVE_WITH_KNOTS('',3,(#2729,#2730,#2731,#2732),
 .UNSPECIFIED.,.F.,.F.,(4,4),(0.815023920550186,4.09259888692451),
 .UNSPECIFIED.);
#1325=B_SPLINE_CURVE_WITH_KNOTS('',3,(#2733,#2734,#2735,#2736),
 .UNSPECIFIED.,.F.,.F.,(4,4),(0.,1.71843200816722),.UNSPECIFIED.);
#1326=B_SPLINE_CURVE_WITH_KNOTS('',3,(#2737,#2738,#2739,#2740),
 .UNSPECIFIED.,.F.,.F.,(4,4),(1.56173160733234,8.17073311989992),
 .UNSPECIFIED.);
#1327=B_SPLINE_CURVE_WITH_KNOTS('',3,(#2741,#2742,#2743,#2744),
 .UNSPECIFIED.,.F.,.F.,(4,4),(1.56173160733213,8.17073311989929),
 .UNSPECIFIED.);
#1328=B_SPLINE_CURVE_WITH_KNOTS('',1,(#2752,#2753),.UNSPECIFIED.,.F.,.F.,
(2,2),(0.,7.4899979964083),.UNSPECIFIED.);
#1329=B_SPLINE_CURVE_WITH_KNOTS('',1,(#2754,#2755),.UNSPECIFIED.,.F.,.F.,
(2,2),(0.,4.),.UNSPECIFIED.);
#1330=B_SPLINE_CURVE_WITH_KNOTS('',1,(#2756,#2757),.UNSPECIFIED.,.F.,.F.,
(2,2),(0.,9.43737026978595),.UNSPECIFIED.);
#1331=B_SPLINE_CURVE_WITH_KNOTS('',1,(#2758,#2759),.UNSPECIFIED.,.F.,.F.,
(2,2),(0.,7.47182125739218),.UNSPECIFIED.);
#1332=B_SPLINE_CURVE_WITH_KNOTS('',1,(#2760,#2761),.UNSPECIFIED.,.F.,.F.,
(2,2),(0.,7.),.UNSPECIFIED.);
#1333=B_SPLINE_CURVE_WITH_KNOTS('',1,(#2762,#2763),.UNSPECIFIED.,.F.,.F.,
(2,2),(5.3851648071345,9.3851648071345),.UNSPECIFIED.);
#1334=B_SPLINE_CURVE_WITH_KNOTS('',1,(#2772,#2773),.UNSPECIFIED.,.F.,.F.,
(2,2),(0.,4.),.UNSPECIFIED.);
#1335=B_SPLINE_CURVE_WITH_KNOTS('',1,(#2774,#2775),.UNSPECIFIED.,.F.,.F.,
(2,2),(0.,9.43737026978595),.UNSPECIFIED.);
#1336=B_SPLINE_CURVE_WITH_KNOTS('',1,(#2776,#2777),.UNSPECIFIED.,.F.,.F.,
(2,2),(0.,7.4899979964083),.UNSPECIFIED.);
#1337=B_SPLINE_CURVE_WITH_KNOTS('',1,(#2795,#2796),.UNSPECIFIED.,.F.,.F.,
(2,2),(0.,9.43737026978594),.UNSPECIFIED.);
#1338=B_SPLINE_CURVE_WITH_KNOTS('',1,(#2797,#2798),.UNSPECIFIED.,.F.,.F.,
(2,2),(-7.4899979964083,0.),.UNSPECIFIED.);
#1339=B_SPLINE_CURVE_WITH_KNOTS('',3,(#2799,#2800,#2801,#2802),
 .UNSPECIFIED.,.F.,.F.,(4,4),(0.,1.71843200816722),.UNSPECIFIED.);
#1340=B_SPLINE_CURVE_WITH_KNOTS('',3,(#2803,#2804,#2805,#2806),
 .UNSPECIFIED.,.F.,.F.,(4,4),(0.040520781058717,3.31809574743306),
 .UNSPECIFIED.);
#1341=B_SPLINE_CURVE_WITH_KNOTS('',1,(#2807,#2808),.UNSPECIFIED.,.F.,.F.,
(2,2),(2.86894580633133E-13,4.),.UNSPECIFIED.);
#1342=B_SPLINE_CURVE_WITH_KNOTS('',3,(#2809,#2810,#2811,#2812),
 .UNSPECIFIED.,.F.,.F.,(4,4),(0.815023920550186,4.09259888692451),
 .UNSPECIFIED.);
#1343=B_SPLINE_CURVE_WITH_KNOTS('',3,(#2813,#2814,#2815,#2816),
 .UNSPECIFIED.,.F.,.F.,(4,4),(0.,1.71843200816722),.UNSPECIFIED.);
#1344=B_SPLINE_CURVE_WITH_KNOTS('',3,(#2817,#2818,#2819,#2820),
 .UNSPECIFIED.,.F.,.F.,(4,4),(1.56173160733234,8.17073311989992),
 .UNSPECIFIED.);
#1345=B_SPLINE_CURVE_WITH_KNOTS('',3,(#2821,#2822,#2823,#2824),
 .UNSPECIFIED.,.F.,.F.,(4,4),(1.56173160733213,8.17073311989929),
 .UNSPECIFIED.);
#1346=B_SPLINE_CURVE_WITH_KNOTS('',1,(#2842,#2843),.UNSPECIFIED.,.F.,.F.,
(2,2),(0.,9.43737026978594),.UNSPECIFIED.);
#1347=B_SPLINE_CURVE_WITH_KNOTS('',1,(#2844,#2845),.UNSPECIFIED.,.F.,.F.,
(2,2),(-7.4899979964083,0.),.UNSPECIFIED.);
#1348=B_SPLINE_CURVE_WITH_KNOTS('',3,(#2846,#2847,#2848,#2849),
 .UNSPECIFIED.,.F.,.F.,(4,4),(0.,1.71843200816722),.UNSPECIFIED.);
#1349=B_SPLINE_CURVE_WITH_KNOTS('',3,(#2850,#2851,#2852,#2853),
 .UNSPECIFIED.,.F.,.F.,(4,4),(0.040520781058717,3.31809574743306),
 .UNSPECIFIED.);
#1350=B_SPLINE_CURVE_WITH_KNOTS('',1,(#2854,#2855),.UNSPECIFIED.,.F.,.F.,
(2,2),(2.86894580633133E-13,4.),.UNSPECIFIED.);
#1351=B_SPLINE_CURVE_WITH_KNOTS('',3,(#2856,#2857,#2858,#2859),
 .UNSPECIFIED.,.F.,.F.,(4,4),(0.815023920550186,4.09259888692451),
 .UNSPECIFIED.);
#1352=B_SPLINE_CURVE_WITH_KNOTS('',3,(#2860,#2861,#2862,#2863),
 .UNSPECIFIED.,.F.,.F.,(4,4),(0.,1.71843200816722),.UNSPECIFIED.);
#1353=B_SPLINE_CURVE_WITH_KNOTS('',3,(#2864,#2865,#2866,#2867),
 .UNSPECIFIED.,.F.,.F.,(4,4),(1.56173160733234,8.17073311989992),
 .UNSPECIFIED.);
#1354=B_SPLINE_CURVE_WITH_KNOTS('',3,(#2868,#2869,#2870,#2871),
 .UNSPECIFIED.,.F.,.F.,(4,4),(1.56173160733213,8.17073311989929),
 .UNSPECIFIED.);
#1355=B_SPLINE_CURVE_WITH_KNOTS('',1,(#2879,#2880),.UNSPECIFIED.,.F.,.F.,
(2,2),(0.,7.4899979964083),.UNSPECIFIED.);
#1356=B_SPLINE_CURVE_WITH_KNOTS('',1,(#2881,#2882),.UNSPECIFIED.,.F.,.F.,
(2,2),(0.,4.),.UNSPECIFIED.);
#1357=B_SPLINE_CURVE_WITH_KNOTS('',1,(#2883,#2884),.UNSPECIFIED.,.F.,.F.,
(2,2),(0.,9.43737026978595),.UNSPECIFIED.);
#1358=B_SPLINE_CURVE_WITH_KNOTS('',1,(#2885,#2886),.UNSPECIFIED.,.F.,.F.,
(2,2),(0.,7.47182125739218),.UNSPECIFIED.);
#1359=B_SPLINE_CURVE_WITH_KNOTS('',1,(#2887,#2888),.UNSPECIFIED.,.F.,.F.,
(2,2),(0.,7.),.UNSPECIFIED.);
#1360=B_SPLINE_CURVE_WITH_KNOTS('',1,(#2889,#2890),.UNSPECIFIED.,.F.,.F.,
(2,2),(0.,7.),.UNSPECIFIED.);
#1361=B_SPLINE_CURVE_WITH_KNOTS('',1,(#2891,#2892),.UNSPECIFIED.,.F.,.F.,
(2,2),(5.3851648071345,9.3851648071345),.UNSPECIFIED.);
#1362=B_SPLINE_CURVE_WITH_KNOTS('',1,(#2901,#2902),.UNSPECIFIED.,.F.,.F.,
(2,2),(0.,4.),.UNSPECIFIED.);
#1363=B_SPLINE_CURVE_WITH_KNOTS('',1,(#2903,#2904),.UNSPECIFIED.,.F.,.F.,
(2,2),(0.,9.43737026978595),.UNSPECIFIED.);
#1364=B_SPLINE_CURVE_WITH_KNOTS('',1,(#2905,#2906),.UNSPECIFIED.,.F.,.F.,
(2,2),(0.,7.4899979964083),.UNSPECIFIED.);
#1365=B_SPLINE_CURVE_WITH_KNOTS('',1,(#2924,#2925),.UNSPECIFIED.,.F.,.F.,
(2,2),(0.,9.43737026978594),.UNSPECIFIED.);
#1366=B_SPLINE_CURVE_WITH_KNOTS('',1,(#2926,#2927),.UNSPECIFIED.,.F.,.F.,
(2,2),(-7.4899979964083,0.),.UNSPECIFIED.);
#1367=B_SPLINE_CURVE_WITH_KNOTS('',3,(#2928,#2929,#2930,#2931),
 .UNSPECIFIED.,.F.,.F.,(4,4),(0.,1.71843200816722),.UNSPECIFIED.);
#1368=B_SPLINE_CURVE_WITH_KNOTS('',3,(#2932,#2933,#2934,#2935),
 .UNSPECIFIED.,.F.,.F.,(4,4),(0.040520781058717,3.31809574743306),
 .UNSPECIFIED.);
#1369=B_SPLINE_CURVE_WITH_KNOTS('',1,(#2936,#2937),.UNSPECIFIED.,.F.,.F.,
(2,2),(2.86894580633133E-13,4.),.UNSPECIFIED.);
#1370=B_SPLINE_CURVE_WITH_KNOTS('',3,(#2938,#2939,#2940,#2941),
 .UNSPECIFIED.,.F.,.F.,(4,4),(0.815023920550186,4.09259888692451),
 .UNSPECIFIED.);
#1371=B_SPLINE_CURVE_WITH_KNOTS('',3,(#2942,#2943,#2944,#2945),
 .UNSPECIFIED.,.F.,.F.,(4,4),(0.,1.71843200816722),.UNSPECIFIED.);
#1372=B_SPLINE_CURVE_WITH_KNOTS('',3,(#2946,#2947,#2948,#2949),
 .UNSPECIFIED.,.F.,.F.,(4,4),(1.56173160733234,8.17073311989992),
 .UNSPECIFIED.);
#1373=B_SPLINE_CURVE_WITH_KNOTS('',3,(#2950,#2951,#2952,#2953),
 .UNSPECIFIED.,.F.,.F.,(4,4),(1.56173160733213,8.17073311989929),
 .UNSPECIFIED.);
#1374=B_SPLINE_CURVE_WITH_KNOTS('',1,(#2971,#2972),.UNSPECIFIED.,.F.,.F.,
(2,2),(0.,9.43737026978594),.UNSPECIFIED.);
#1375=B_SPLINE_CURVE_WITH_KNOTS('',1,(#2973,#2974),.UNSPECIFIED.,.F.,.F.,
(2,2),(-7.4899979964083,0.),.UNSPECIFIED.);
#1376=B_SPLINE_CURVE_WITH_KNOTS('',3,(#2975,#2976,#2977,#2978),
 .UNSPECIFIED.,.F.,.F.,(4,4),(0.,1.71843200816722),.UNSPECIFIED.);
#1377=B_SPLINE_CURVE_WITH_KNOTS('',3,(#2979,#2980,#2981,#2982),
 .UNSPECIFIED.,.F.,.F.,(4,4),(0.040520781058717,3.31809574743306),
 .UNSPECIFIED.);
#1378=B_SPLINE_CURVE_WITH_KNOTS('',1,(#2983,#2984),.UNSPECIFIED.,.F.,.F.,
(2,2),(2.86894580633133E-13,4.),.UNSPECIFIED.);
#1379=B_SPLINE_CURVE_WITH_KNOTS('',3,(#2985,#2986,#2987,#2988),
 .UNSPECIFIED.,.F.,.F.,(4,4),(0.815023920550186,4.09259888692451),
 .UNSPECIFIED.);
#1380=B_SPLINE_CURVE_WITH_KNOTS('',3,(#2989,#2990,#2991,#2992),
 .UNSPECIFIED.,.F.,.F.,(4,4),(0.,1.71843200816722),.UNSPECIFIED.);
#1381=B_SPLINE_CURVE_WITH_KNOTS('',3,(#2993,#2994,#2995,#2996),
 .UNSPECIFIED.,.F.,.F.,(4,4),(1.56173160733234,8.17073311989992),
 .UNSPECIFIED.);
#1382=B_SPLINE_CURVE_WITH_KNOTS('',3,(#2997,#2998,#2999,#3000),
 .UNSPECIFIED.,.F.,.F.,(4,4),(1.56173160733213,8.17073311989929),
 .UNSPECIFIED.);
#1383=VERTEX_POINT('',#1878);
#1384=VERTEX_POINT('',#1879);
#1385=VERTEX_POINT('',#1880);
#1386=VERTEX_POINT('',#1881);
#1387=VERTEX_POINT('',#1882);
#1388=VERTEX_POINT('',#1883);
#1389=VERTEX_POINT('',#1884);
#1390=VERTEX_POINT('',#1885);
#1391=VERTEX_POINT('',#1886);
#1392=VERTEX_POINT('',#1887);
#1393=VERTEX_POINT('',#1888);
#1394=VERTEX_POINT('',#1889);
#1395=VERTEX_POINT('',#1890);
#1396=VERTEX_POINT('',#1891);
#1397=VERTEX_POINT('',#1892);
#1398=VERTEX_POINT('',#1893);
#1399=VERTEX_POINT('',#1943);
#1400=VERTEX_POINT('',#1944);
#1401=VERTEX_POINT('',#1945);
#1402=VERTEX_POINT('',#1946);
#1403=VERTEX_POINT('',#1947);
#1404=VERTEX_POINT('',#1948);
#1405=VERTEX_POINT('',#1949);
#1406=VERTEX_POINT('',#1950);
#1407=VERTEX_POINT('',#1987);
#1408=VERTEX_POINT('',#1988);
#1409=VERTEX_POINT('',#1989);
#1410=VERTEX_POINT('',#2007);
#1411=VERTEX_POINT('',#2008);
#1412=VERTEX_POINT('',#2009);
#1413=VERTEX_POINT('',#2028);
#1414=VERTEX_POINT('',#2029);
#1415=VERTEX_POINT('',#2030);
#1416=VERTEX_POINT('',#2031);
#1417=VERTEX_POINT('',#2032);
#1418=VERTEX_POINT('',#2075);
#1419=VERTEX_POINT('',#2076);
#1420=VERTEX_POINT('',#2077);
#1421=VERTEX_POINT('',#2078);
#1422=VERTEX_POINT('',#2079);
#1423=VERTEX_POINT('',#2114);
#1424=VERTEX_POINT('',#2115);
#1425=VERTEX_POINT('',#2116);
#1426=VERTEX_POINT('',#2134);
#1427=VERTEX_POINT('',#2135);
#1428=VERTEX_POINT('',#2136);
#1429=VERTEX_POINT('',#2155);
#1430=VERTEX_POINT('',#2156);
#1431=VERTEX_POINT('',#2157);
#1432=VERTEX_POINT('',#2158);
#1433=VERTEX_POINT('',#2159);
#1434=VERTEX_POINT('',#2202);
#1435=VERTEX_POINT('',#2203);
#1436=VERTEX_POINT('',#2204);
#1437=VERTEX_POINT('',#2205);
#1438=VERTEX_POINT('',#2206);
#1439=VERTEX_POINT('',#2241);
#1440=VERTEX_POINT('',#2242);
#1441=VERTEX_POINT('',#2243);
#1442=VERTEX_POINT('',#2261);
#1443=VERTEX_POINT('',#2262);
#1444=VERTEX_POINT('',#2263);
#1445=VERTEX_POINT('',#2282);
#1446=VERTEX_POINT('',#2283);
#1447=VERTEX_POINT('',#2284);
#1448=VERTEX_POINT('',#2285);
#1449=VERTEX_POINT('',#2286);
#1450=VERTEX_POINT('',#2329);
#1451=VERTEX_POINT('',#2330);
#1452=VERTEX_POINT('',#2331);
#1453=VERTEX_POINT('',#2332);
#1454=VERTEX_POINT('',#2333);
#1455=VERTEX_POINT('',#2368);
#1456=VERTEX_POINT('',#2369);
#1457=VERTEX_POINT('',#2370);
#1458=VERTEX_POINT('',#2388);
#1459=VERTEX_POINT('',#2389);
#1460=VERTEX_POINT('',#2390);
#1461=VERTEX_POINT('',#2409);
#1462=VERTEX_POINT('',#2410);
#1463=VERTEX_POINT('',#2411);
#1464=VERTEX_POINT('',#2412);
#1465=VERTEX_POINT('',#2413);
#1466=VERTEX_POINT('',#2456);
#1467=VERTEX_POINT('',#2457);
#1468=VERTEX_POINT('',#2458);
#1469=VERTEX_POINT('',#2459);
#1470=VERTEX_POINT('',#2460);
#1471=VERTEX_POINT('',#2495);
#1472=VERTEX_POINT('',#2496);
#1473=VERTEX_POINT('',#2497);
#1474=VERTEX_POINT('',#2515);
#1475=VERTEX_POINT('',#2516);
#1476=VERTEX_POINT('',#2517);
#1477=VERTEX_POINT('',#2536);
#1478=VERTEX_POINT('',#2537);
#1479=VERTEX_POINT('',#2538);
#1480=VERTEX_POINT('',#2539);
#1481=VERTEX_POINT('',#2540);
#1482=VERTEX_POINT('',#2583);
#1483=VERTEX_POINT('',#2584);
#1484=VERTEX_POINT('',#2585);
#1485=VERTEX_POINT('',#2586);
#1486=VERTEX_POINT('',#2587);
#1487=VERTEX_POINT('',#2622);
#1488=VERTEX_POINT('',#2623);
#1489=VERTEX_POINT('',#2624);
#1490=VERTEX_POINT('',#2642);
#1491=VERTEX_POINT('',#2643);
#1492=VERTEX_POINT('',#2644);
#1493=VERTEX_POINT('',#2663);
#1494=VERTEX_POINT('',#2664);
#1495=VERTEX_POINT('',#2665);
#1496=VERTEX_POINT('',#2666);
#1497=VERTEX_POINT('',#2667);
#1498=VERTEX_POINT('',#2710);
#1499=VERTEX_POINT('',#2711);
#1500=VERTEX_POINT('',#2712);
#1501=VERTEX_POINT('',#2713);
#1502=VERTEX_POINT('',#2714);
#1503=VERTEX_POINT('',#2749);
#1504=VERTEX_POINT('',#2750);
#1505=VERTEX_POINT('',#2751);
#1506=VERTEX_POINT('',#2769);
#1507=VERTEX_POINT('',#2770);
#1508=VERTEX_POINT('',#2771);
#1509=VERTEX_POINT('',#2790);
#1510=VERTEX_POINT('',#2791);
#1511=VERTEX_POINT('',#2792);
#1512=VERTEX_POINT('',#2793);
#1513=VERTEX_POINT('',#2794);
#1514=VERTEX_POINT('',#2837);
#1515=VERTEX_POINT('',#2838);
#1516=VERTEX_POINT('',#2839);
#1517=VERTEX_POINT('',#2840);
#1518=VERTEX_POINT('',#2841);
#1519=VERTEX_POINT('',#2876);
#1520=VERTEX_POINT('',#2877);
#1521=VERTEX_POINT('',#2878);
#1522=VERTEX_POINT('',#2898);
#1523=VERTEX_POINT('',#2899);
#1524=VERTEX_POINT('',#2900);
#1525=VERTEX_POINT('',#2919);
#1526=VERTEX_POINT('',#2920);
#1527=VERTEX_POINT('',#2921);
#1528=VERTEX_POINT('',#2922);
#1529=VERTEX_POINT('',#2923);
#1530=VERTEX_POINT('',#2966);
#1531=VERTEX_POINT('',#2967);
#1532=VERTEX_POINT('',#2968);
#1533=VERTEX_POINT('',#2969);
#1534=VERTEX_POINT('',#2970);
#1535=PLANE('',#1698);
#1536=PLANE('',#1699);
#1537=PLANE('',#1700);
#1538=PLANE('',#1701);
#1539=PLANE('',#1702);
#1540=PLANE('',#1703);
#1541=PLANE('',#1704);
#1542=PLANE('',#1705);
#1543=PLANE('',#1706);
#1544=PLANE('',#1707);
#1545=PLANE('',#1708);
#1546=PLANE('',#1709);
#1547=PLANE('',#1710);
#1548=PLANE('',#1711);
#1549=PLANE('',#1712);
#1550=PLANE('',#1713);
#1551=PLANE('',#1714);
#1552=PLANE('',#1715);
#1553=PLANE('',#1716);
#1554=PLANE('',#1717);
#1555=PLANE('',#1718);
#1556=PLANE('',#1719);
#1557=PLANE('',#1720);
#1558=PLANE('',#1721);
#1559=PLANE('',#1722);
#1560=PLANE('',#1723);
#1561=PLANE('',#1724);
#1562=PLANE('',#1725);
#1563=PLANE('',#1726);
#1564=PLANE('',#1727);
#1565=PLANE('',#1728);
#1566=PLANE('',#1729);
#1567=PLANE('',#1730);
#1568=PLANE('',#1731);
#1569=PLANE('',#1732);
#1570=PLANE('',#1733);
#1571=PLANE('',#1734);
#1572=PLANE('',#1735);
#1573=PLANE('',#1736);
#1574=PLANE('',#1737);
#1575=PLANE('',#1738);
#1576=PLANE('',#1739);
#1577=PLANE('',#1740);
#1578=PLANE('',#1741);
#1579=PLANE('',#1742);
#1580=PLANE('',#1743);
#1581=PLANE('',#1744);
#1582=PLANE('',#1745);
#1583=PLANE('',#1746);
#1584=PLANE('',#1747);
#1585=PLANE('',#1748);
#1586=PLANE('',#1749);
#1587=PLANE('',#1750);
#1588=PLANE('',#1751);
#1589=PLANE('',#1752);
#1590=PLANE('',#1753);
#1591=PLANE('',#1754);
#1592=PLANE('',#1755);
#1593=PLANE('',#1756);
#1594=PLANE('',#1757);
#1595=PLANE('',#1758);
#1596=PLANE('',#1759);
#1597=PLANE('',#1760);
#1598=PLANE('',#1761);
#1599=PLANE('',#1762);
#1600=PLANE('',#1763);
#1601=PLANE('',#1764);
#1602=PLANE('',#1765);
#1603=PLANE('',#1766);
#1604=PLANE('',#1767);
#1605=PLANE('',#1768);
#1606=PLANE('',#1769);
#1607=PLANE('',#1770);
#1608=PLANE('',#1771);
#1609=PLANE('',#1772);
#1610=SHAPE_DEFINITION_REPRESENTATION(#1611,#1696);
#1611=PRODUCT_DEFINITION_SHAPE('Document','',#1613);
#1612=PRODUCT_DEFINITION_CONTEXT('3D Mechanical Parts',#1685,'design');
#1613=PRODUCT_DEFINITION('A','First version',#1655,#1612);
#1614=DATE_TIME_ROLE('classification_date');
#1615=DATE_TIME_ROLE('creation_date');
#1616=APPLIED_DATE_AND_TIME_ASSIGNMENT(#1640,#1614,(#1619));
#1617=APPLIED_DATE_AND_TIME_ASSIGNMENT(#1642,#1615,(#1613));
#1618=SECURITY_CLASSIFICATION_LEVEL('unclassified');
#1619=SECURITY_CLASSIFICATION('A','Security for version',#1618);
#1620=APPLIED_SECURITY_CLASSIFICATION_ASSIGNMENT(#1619,(#1655));
#1621=APPROVAL_ROLE('Version approval');
#1622=APPROVAL_ROLE('Version Security approval');
#1623=APPROVAL_ROLE('Definition approval');
#1624=APPROVAL_PERSON_ORGANIZATION(#1673,#1649,#1621);
#1625=APPROVAL_PERSON_ORGANIZATION(#1674,#1650,#1622);
#1626=APPROVAL_PERSON_ORGANIZATION(#1677,#1651,#1623);
#1627=COORDINATED_UNIVERSAL_TIME_OFFSET(5,0,.BEHIND.);
#1628=LOCAL_TIME(0,0,0.,#1627);
#1629=LOCAL_TIME(0,0,0.,#1627);
#1630=LOCAL_TIME(0,0,0.,#1627);
#1631=LOCAL_TIME(0,0,0.,#1627);
#1632=LOCAL_TIME(0,0,0.,#1627);
#1633=CALENDAR_DATE(1999,1,1);
#1634=CALENDAR_DATE(1999,1,1);
#1635=CALENDAR_DATE(1999,1,1);
#1636=CALENDAR_DATE(1999,1,1);
#1637=CALENDAR_DATE(1999,1,1);
#1638=DATE_AND_TIME(#1633,#1628);
#1639=DATE_AND_TIME(#1634,#1629);
#1640=DATE_AND_TIME(#1635,#1630);
#1641=DATE_AND_TIME(#1636,#1631);
#1642=DATE_AND_TIME(#1637,#1632);
#1643=APPROVAL_DATE_TIME(#1638,#1649);
#1644=APPROVAL_DATE_TIME(#1639,#1650);
#1645=APPROVAL_DATE_TIME(#1641,#1651);
#1646=APPROVAL_STATUS('not_yet_approved');
#1647=APPROVAL_STATUS('not_yet_approved');
#1648=APPROVAL_STATUS('approved');
#1649=APPROVAL(#1646,'Version approval');
#1650=APPROVAL(#1647,'Version Security approval');
#1651=APPROVAL(#1648,'Definition approval');
#1652=APPLIED_APPROVAL_ASSIGNMENT(#1649,(#1655));
#1653=APPLIED_APPROVAL_ASSIGNMENT(#1650,(#1619));
#1654=APPLIED_APPROVAL_ASSIGNMENT(#1651,(#1613));
#1655=PRODUCT_DEFINITION_FORMATION_WITH_SPECIFIED_SOURCE('A',
'First version',#1687,.MADE.);
#1656=PERSON_AND_ORGANIZATION_ROLE('design_owner');
#1657=PERSON_AND_ORGANIZATION_ROLE('creator');
#1658=PERSON_AND_ORGANIZATION_ROLE('design_supplier');
#1659=PERSON_AND_ORGANIZATION_ROLE('classification_officer');
#1660=PERSON_AND_ORGANIZATION_ROLE('creator');
#1661=ORGANIZATION('STI','lab','lab');
#1662=ORGANIZATION('STI','unknown','unknown');
#1663=ORGANIZATION('STI','unknown','unknown');
#1664=ORGANIZATION('STI','unknown','unknown');
#1665=ORGANIZATION('STI','unknown','unknown');
#1666=ORGANIZATION('STI','unknown','unknown');
#1667=ORGANIZATION('STI','unknown','unknown');
#1668=PERSON('1','Box','vc60',$,$,$);
#1669=PERSON('2','last','first',$,$,$);
#1670=PERSON('3','President','Mr.',$,$,$);
#1671=PERSON_AND_ORGANIZATION(#1668,#1661);
#1672=PERSON_AND_ORGANIZATION(#1669,#1662);
#1673=PERSON_AND_ORGANIZATION(#1670,#1663);
#1674=PERSON_AND_ORGANIZATION(#1670,#1664);
#1675=PERSON_AND_ORGANIZATION(#1670,#1665);
#1676=PERSON_AND_ORGANIZATION(#1669,#1666);
#1677=PERSON_AND_ORGANIZATION(#1670,#1667);
#1678=APPLIED_PERSON_AND_ORGANIZATION_ASSIGNMENT(#1671,#1656,(#1687));
#1679=APPLIED_PERSON_AND_ORGANIZATION_ASSIGNMENT(#1672,#1657,(#1655));
#1680=APPLIED_PERSON_AND_ORGANIZATION_ASSIGNMENT(#1672,#1658,(#1655));
#1681=APPLIED_PERSON_AND_ORGANIZATION_ASSIGNMENT(#1675,#1659,(#1619));
#1682=APPLIED_PERSON_AND_ORGANIZATION_ASSIGNMENT(#1676,#1660,(#1613));
#1683=PRODUCT_RELATED_PRODUCT_CATEGORY('detail','detail',(#1687));
#1684=APPLICATION_PROTOCOL_DEFINITION('International Standard',
'config_control_design',1994,#1685);
#1685=APPLICATION_CONTEXT(
'configuration controlled 3d designs of mechanical parts and assemblie
s');
#1686=PRODUCT_CONTEXT('3D Mechanical Parts',#1685,'mechanical');
#1687=PRODUCT('Document','Document','Rhino converted to STEP',(#1686));
#1688=(
LENGTH_UNIT()
NAMED_UNIT(*)
SI_UNIT(.MILLI.,.METRE.)
);
#1689=(
NAMED_UNIT(*)
PLANE_ANGLE_UNIT()
SI_UNIT($,.RADIAN.)
);
#1690=DIMENSIONAL_EXPONENTS(0.,0.,0.,0.,0.,0.,0.);
#1691=PLANE_ANGLE_MEASURE_WITH_UNIT(PLANE_ANGLE_MEASURE(0.01745329252),
#1689);
#1692=(
CONVERSION_BASED_UNIT('DEGREES',#1691)
NAMED_UNIT(#1690)
PLANE_ANGLE_UNIT()
);
#1693=(
NAMED_UNIT(*)
SI_UNIT($,.STERADIAN.)
SOLID_ANGLE_UNIT()
);
#1694=UNCERTAINTY_MEASURE_WITH_UNIT(LENGTH_MEASURE(0.001),#1688,
'DISTANCE_ACCURACY_VALUE',
'Maximum model space distance between geometric entities at asserted c
onnectivities');
#1695=(
GEOMETRIC_REPRESENTATION_CONTEXT(3)
GLOBAL_UNCERTAINTY_ASSIGNED_CONTEXT((#1694))
GLOBAL_UNIT_ASSIGNED_CONTEXT((#1693,#1692,#1688))
REPRESENTATION_CONTEXT('ID1','3D')
);
#1696=SHAPE_REPRESENTATION('Document',(#1697,#1773,#1774,#1775),#1695);
#1697=AXIS2_PLACEMENT_3D('',#1867,#1776,#1777);
#1698=AXIS2_PLACEMENT_3D('',#1868,#1778,$);
#1699=AXIS2_PLACEMENT_3D('',#1869,#1779,$);
#1700=AXIS2_PLACEMENT_3D('',#1870,#1780,$);
#1701=AXIS2_PLACEMENT_3D('',#1871,#1781,$);
#1702=AXIS2_PLACEMENT_3D('',#1872,#1782,$);
#1703=AXIS2_PLACEMENT_3D('',#1873,#1783,$);
#1704=AXIS2_PLACEMENT_3D('',#1874,#1784,$);
#1705=AXIS2_PLACEMENT_3D('',#1875,#1785,$);
#1706=AXIS2_PLACEMENT_3D('',#1876,#1786,$);
#1707=AXIS2_PLACEMENT_3D('',#1877,#1787,$);
#1708=AXIS2_PLACEMENT_3D('',#1942,#1788,$);
#1709=AXIS2_PLACEMENT_3D('',#2016,#1790,$);
#1710=AXIS2_PLACEMENT_3D('',#2021,#1791,$);
#1711=AXIS2_PLACEMENT_3D('',#2022,#1792,$);
#1712=AXIS2_PLACEMENT_3D('',#2023,#1793,$);
#1713=AXIS2_PLACEMENT_3D('',#2063,#1794,$);
#1714=AXIS2_PLACEMENT_3D('',#2068,#1795,$);
#1715=AXIS2_PLACEMENT_3D('',#2069,#1796,$);
#1716=AXIS2_PLACEMENT_3D('',#2070,#1797,$);
#1717=AXIS2_PLACEMENT_3D('',#2143,#1799,$);
#1718=AXIS2_PLACEMENT_3D('',#2148,#1800,$);
#1719=AXIS2_PLACEMENT_3D('',#2149,#1801,$);
#1720=AXIS2_PLACEMENT_3D('',#2150,#1802,$);
#1721=AXIS2_PLACEMENT_3D('',#2190,#1803,$);
#1722=AXIS2_PLACEMENT_3D('',#2195,#1804,$);
#1723=AXIS2_PLACEMENT_3D('',#2196,#1805,$);
#1724=AXIS2_PLACEMENT_3D('',#2197,#1806,$);
#1725=AXIS2_PLACEMENT_3D('',#2270,#1808,$);
#1726=AXIS2_PLACEMENT_3D('',#2275,#1809,$);
#1727=AXIS2_PLACEMENT_3D('',#2276,#1810,$);
#1728=AXIS2_PLACEMENT_3D('',#2277,#1811,$);
#1729=AXIS2_PLACEMENT_3D('',#2317,#1812,$);
#1730=AXIS2_PLACEMENT_3D('',#2322,#1813,$);
#1731=AXIS2_PLACEMENT_3D('',#2323,#1814,$);
#1732=AXIS2_PLACEMENT_3D('',#2324,#1815,$);
#1733=AXIS2_PLACEMENT_3D('',#2397,#1817,$);
#1734=AXIS2_PLACEMENT_3D('',#2402,#1818,$);
#1735=AXIS2_PLACEMENT_3D('',#2403,#1819,$);
#1736=AXIS2_PLACEMENT_3D('',#2404,#1820,$);
#1737=AXIS2_PLACEMENT_3D('',#2444,#1821,$);
#1738=AXIS2_PLACEMENT_3D('',#2449,#1822,$);
#1739=AXIS2_PLACEMENT_3D('',#2450,#1823,$);
#1740=AXIS2_PLACEMENT_3D('',#2451,#1824,$);
#1741=AXIS2_PLACEMENT_3D('',#2524,#1826,$);
#1742=AXIS2_PLACEMENT_3D('',#2529,#1827,$);
#1743=AXIS2_PLACEMENT_3D('',#2530,#1828,$);
#1744=AXIS2_PLACEMENT_3D('',#2531,#1829,$);
#1745=AXIS2_PLACEMENT_3D('',#2571,#1830,$);
#1746=AXIS2_PLACEMENT_3D('',#2576,#1831,$);
#1747=AXIS2_PLACEMENT_3D('',#2577,#1832,$);
#1748=AXIS2_PLACEMENT_3D('',#2578,#1833,$);
#1749=AXIS2_PLACEMENT_3D('',#2651,#1835,$);
#1750=AXIS2_PLACEMENT_3D('',#2656,#1836,$);
#1751=AXIS2_PLACEMENT_3D('',#2657,#1837,$);
#1752=AXIS2_PLACEMENT_3D('',#2658,#1838,$);
#1753=AXIS2_PLACEMENT_3D('',#2698,#1839,$);
#1754=AXIS2_PLACEMENT_3D('',#2703,#1840,$);
#1755=AXIS2_PLACEMENT_3D('',#2704,#1841,$);
#1756=AXIS2_PLACEMENT_3D('',#2705,#1842,$);
#1757=AXIS2_PLACEMENT_3D('',#2778,#1844,$);
#1758=AXIS2_PLACEMENT_3D('',#2783,#1845,$);
#1759=AXIS2_PLACEMENT_3D('',#2784,#1846,$);
#1760=AXIS2_PLACEMENT_3D('',#2785,#1847,$);
#1761=AXIS2_PLACEMENT_3D('',#2825,#1848,$);
#1762=AXIS2_PLACEMENT_3D('',#2830,#1849,$);
#1763=AXIS2_PLACEMENT_3D('',#2831,#1850,$);
#1764=AXIS2_PLACEMENT_3D('',#2832,#1851,$);
#1765=AXIS2_PLACEMENT_3D('',#2907,#1853,$);
#1766=AXIS2_PLACEMENT_3D('',#2912,#1854,$);
#1767=AXIS2_PLACEMENT_3D('',#2913,#1855,$);
#1768=AXIS2_PLACEMENT_3D('',#2914,#1856,$);
#1769=AXIS2_PLACEMENT_3D('',#2954,#1857,$);
#1770=AXIS2_PLACEMENT_3D('',#2959,#1858,$);
#1771=AXIS2_PLACEMENT_3D('',#2960,#1859,$);
#1772=AXIS2_PLACEMENT_3D('',#2961,#1860,$);
#1773=AXIS2_PLACEMENT_3D('',#3001,#1861,#1862);
#1774=AXIS2_PLACEMENT_3D('',#3002,#1863,#1864);
#1775=AXIS2_PLACEMENT_3D('',#3003,#1865,#1866);
#1776=DIRECTION('',(0.,0.,1.));
#1777=DIRECTION('',(1.,0.,0.));
#1778=DIRECTION('',(0.,1.,0.));
#1779=DIRECTION('',(0.26659615609269,1.14928630459903E-14,-0.963808326150279));
#1780=DIRECTION('',(-0.4930034533735,-5.13447746621976E-17,-0.870027352996331));
#1781=DIRECTION('',(-0.963808326150276,-1.14470830463664E-14,-0.266596156092701));
#1782=DIRECTION('',(-0.870027352996332,-1.63047075647985E-14,0.493003453373499));
#1783=DIRECTION('',(-0.2665961560927,-1.14928630459905E-14,0.963808326150276));
#1784=DIRECTION('',(0.493003453373499,-7.21394744817983E-16,0.870027352996332));
#1785=DIRECTION('',(0.963808326150276,1.15654755226747E-14,0.2665961560927));
#1786=DIRECTION('',(0.870027352996338,1.60857700507365E-14,-0.493003453373488));
#1787=DIRECTION('',(0.,-1.,0.));
#1788=DIRECTION('',(0.,1.,0.));
#1789=DIRECTION('',(1.,0.,0.));
#1790=DIRECTION('',(2.34534613952064E-15,-0.13883635889383,0.990315336369736));
#1791=DIRECTION('',(-0.0663414642712676,-0.278844331896807,0.958042091292114));
#1792=DIRECTION('',(-1.4432899320127E-15,0.308693576114849,-0.951161540467983));
#1793=DIRECTION('',(-0.0663414642712647,0.16868560311188,-0.983434785545603));
#1794=DIRECTION('',(0.488228880759046,0.138836358893824,0.861601430733419));
#1795=DIRECTION('',(0.530036948038046,0.2788443318968,0.80081625375834));
#1796=DIRECTION('',(-0.468925924166807,-0.308693576114844,-0.827536557325255));
#1797=DIRECTION('',(-0.427117856887811,-0.168685603111878,-0.88832173430033));
#1798=DIRECTION('',(0.707106781186547,0.,-0.707106781186547));
#1799=DIRECTION('',(0.700258689860079,-0.13883635889383,0.700258689860076));
#1800=DIRECTION('',(0.630527560154737,-0.278844331896807,0.724348558674854));
#1801=DIRECTION('',(-0.672572775268754,0.308693576114849,-0.672572775268753));
#1802=DIRECTION('',(-0.74230390497409,0.16868560311188,-0.648482906453978));
#1803=DIRECTION('',(0.954474166707472,0.138836358893825,0.264014261995793));
#1804=DIRECTION('',(0.941055323754053,0.2788443318968,0.191469883279805));
#1805=DIRECTION('',(-0.916737412216976,-0.308693576114844,-0.25357601051194));
#1806=DIRECTION('',(-0.930156255170394,-0.168685603111878,-0.326120389227921));
#1807=DIRECTION('',(-8.88178419700125E-16,0.,-1.));
#1808=DIRECTION('',(0.990315336369736,-0.13883635889383,-2.41473507855972E-15));
#1809=DIRECTION('',(0.958042091292114,-0.278844331896807,0.0663414642712678));
#1810=DIRECTION('',(-0.951161540467983,0.308693576114849,1.2490009027033E-15));
#1811=DIRECTION('',(-0.983434785545603,0.16868560311188,0.0663414642712647));
#1812=DIRECTION('',(0.861601430733419,0.138836358893824,-0.488228880759046));
#1813=DIRECTION('',(0.800816253758339,0.2788443318968,-0.530036948038046));
#1814=DIRECTION('',(-0.827536557325255,-0.308693576114844,0.468925924166807));
#1815=DIRECTION('',(-0.88832173430033,-0.168685603111878,0.427117856887811));
#1816=DIRECTION('',(-0.707106781186547,0.,-0.707106781186547));
#1817=DIRECTION('',(0.700258689860076,-0.13883635889383,-0.700258689860079));
#1818=DIRECTION('',(0.724348558674854,-0.278844331896807,-0.630527560154737));
#1819=DIRECTION('',(-0.672572775268753,0.308693576114849,0.672572775268754));
#1820=DIRECTION('',(-0.648482906453978,0.16868560311188,0.74230390497409));
#1821=DIRECTION('',(0.264014261995793,0.138836358893824,-0.954474166707472));
#1822=DIRECTION('',(0.191469883279805,0.2788443318968,-0.941055323754053));
#1823=DIRECTION('',(-0.253576010511941,-0.308693576114844,0.916737412216976));
#1824=DIRECTION('',(-0.326120389227922,-0.168685603111878,0.930156255170394));
#1825=DIRECTION('',(-1.,0.,0.));
#1826=DIRECTION('',(-2.08166817117217E-15,-0.13883635889383,-0.990315336369736));
#1827=DIRECTION('',(0.0663414642712677,-0.278844331896807,-0.958042091292114));
#1828=DIRECTION('',(1.0547118733939E-15,0.308693576114849,0.951161540467983));
#1829=DIRECTION('',(0.0663414642712647,0.16868560311188,0.983434785545603));
#1830=DIRECTION('',(-0.488228880759046,0.138836358893824,-0.861601430733419));
#1831=DIRECTION('',(-0.530036948038046,0.2788443318968,-0.80081625375834));
#1832=DIRECTION('',(0.468925924166807,-0.308693576114844,0.827536557325255));
#1833=DIRECTION('',(0.427117856887811,-0.168685603111878,0.88832173430033));
#1834=DIRECTION('',(-0.707106781186547,0.,0.707106781186547));
#1835=DIRECTION('',(-0.700258689860079,-0.13883635889383,-0.700258689860076));
#1836=DIRECTION('',(-0.630527560154737,-0.278844331896807,-0.724348558674854));
#1837=DIRECTION('',(0.672572775268754,0.308693576114849,0.672572775268753));
#1838=DIRECTION('',(0.74230390497409,0.16868560311188,0.648482906453978));
#1839=DIRECTION('',(-0.954474166707472,0.138836358893825,-0.264014261995792));
#1840=DIRECTION('',(-0.941055323754053,0.2788443318968,-0.191469883279805));
#1841=DIRECTION('',(0.916737412216976,-0.308693576114844,0.253576010511941));
#1842=DIRECTION('',(0.930156255170394,-0.168685603111878,0.326120389227921));
#1843=DIRECTION('',(0.,0.,1.));
#1844=DIRECTION('',(-0.990315336369736,-0.13883635889383,2.48412401759879E-15));
#1845=DIRECTION('',(-0.958042091292114,-0.278844331896808,-0.0663414642712685));
#1846=DIRECTION('',(0.951161540467983,0.308693576114849,-3.05311331771918E-16));
#1847=DIRECTION('',(0.983434785545603,0.16868560311188,-0.0663414642712649));
#1848=DIRECTION('',(-0.861601430733419,0.138836358893825,0.488228880759046));
#1849=DIRECTION('',(-0.80081625375834,0.2788443318968,0.530036948038046));
#1850=DIRECTION('',(0.827536557325255,-0.308693576114844,-0.468925924166806));
#1851=DIRECTION('',(0.88832173430033,-0.168685603111877,-0.42711785688781));
#1852=DIRECTION('',(0.707106781186547,0.,0.707106781186547));
#1853=DIRECTION('',(-0.700258689860076,-0.13883635889383,0.700258689860078));
#1854=DIRECTION('',(-0.724348558674854,-0.278844331896807,0.630527560154737));
#1855=DIRECTION('',(0.672572775268753,0.308693576114849,-0.672572775268754));
#1856=DIRECTION('',(0.648482906453977,0.16868560311188,-0.74230390497409));
#1857=DIRECTION('',(-0.264014261995793,0.138836358893824,0.954474166707472));
#1858=DIRECTION('',(-0.191469883279805,0.2788443318968,0.941055323754053));
#1859=DIRECTION('',(0.25357601051194,-0.308693576114844,-0.916737412216976));
#1860=DIRECTION('',(0.326120389227921,-0.168685603111878,-0.930156255170394));
#1861=DIRECTION('',(0.,0.,1.));
#1862=DIRECTION('',(1.,0.,0.));
#1863=DIRECTION('',(0.,0.,1.));
#1864=DIRECTION('',(1.,0.,0.));
#1865=DIRECTION('',(0.,0.,1.));
#1866=DIRECTION('',(1.,0.,0.));
#1867=CARTESIAN_POINT('',(0.,0.,0.));
#1868=CARTESIAN_POINT('',(-6.94026325599933,33.0000000000002,1.39466020806479));
#1869=CARTESIAN_POINT('',(-13.6403765408695,33.,-0.358443452479398));
#1870=CARTESIAN_POINT('',(-17.1204859528548,33.,1.61357036101459));
#1871=CARTESIAN_POINT('',(-18.1868705772256,33.,5.46880366561568));
#1872=CARTESIAN_POINT('',(-16.2148567637316,33.,8.94891307760099));
#1873=CARTESIAN_POINT('',(-12.3596234591305,33.,10.0152977019718));
#1874=CARTESIAN_POINT('',(-8.8795140471452,33.,8.0432838884778));
#1875=CARTESIAN_POINT('',(-7.81312942277441,33.,4.18805058387671));
#1876=CARTESIAN_POINT('',(-9.78514323626836,33.0000000000001,0.707941171891365));
#1877=CARTESIAN_POINT('',(-6.94026325599932,32.0000000000002,1.39466020806479));
#1878=CARTESIAN_POINT('',(-9.78514323626836,33.0000000000002,0.707941171891365));
#1879=CARTESIAN_POINT('',(-13.6403765408695,33.,-0.358443452479398));
#1880=CARTESIAN_POINT('',(-17.1204859528548,33.,1.61357036101459));
#1881=CARTESIAN_POINT('',(-18.1868705772256,33.,5.46880366561568));
#1882=CARTESIAN_POINT('',(-16.2148567637316,33.,8.94891307760099));
#1883=CARTESIAN_POINT('',(-12.3596234591305,33.,10.0152977019718));
#1884=CARTESIAN_POINT('',(-8.8795140471452,33.,8.0432838884778));
#1885=CARTESIAN_POINT('',(-7.81312942277441,33.,4.18805058387671));
#1886=CARTESIAN_POINT('',(-9.78514323626834,32.0000000000002,0.707941171891357));
#1887=CARTESIAN_POINT('',(-13.6403765408695,32.,-0.358443452479406));
#1888=CARTESIAN_POINT('',(-17.1204859528548,32.,1.61357036101459));
#1889=CARTESIAN_POINT('',(-18.1868705772256,32.,5.46880366561567));
#1890=CARTESIAN_POINT('',(-16.2148567637316,32.,8.94891307760098));
#1891=CARTESIAN_POINT('',(-12.3596234591305,32.,10.0152977019718));
#1892=CARTESIAN_POINT('',(-8.87951404714519,32.,8.04328388847779));
#1893=CARTESIAN_POINT('',(-7.81312942277439,32.,4.1880505838767));
#1894=CARTESIAN_POINT('',(-9.78514323626836,33.0000000000002,0.707941171891365));
#1895=CARTESIAN_POINT('',(-13.6403765408695,33.,-0.358443452479398));
#1896=CARTESIAN_POINT('',(-13.6403765408695,33.,-0.358443452479398));
#1897=CARTESIAN_POINT('',(-17.1204859528548,33.,1.61357036101459));
#1898=CARTESIAN_POINT('',(-17.1204859528548,33.,1.61357036101459));
#1899=CARTESIAN_POINT('',(-18.1868705772256,33.,5.46880366561568));
#1900=CARTESIAN_POINT('',(-18.1868705772256,33.,5.46880366561568));
#1901=CARTESIAN_POINT('',(-16.2148567637316,33.,8.94891307760099));
#1902=CARTESIAN_POINT('',(-16.2148567637316,33.,8.94891307760099));
#1903=CARTESIAN_POINT('',(-12.3596234591305,33.,10.0152977019718));
#1904=CARTESIAN_POINT('',(-12.3596234591305,33.,10.0152977019718));
#1905=CARTESIAN_POINT('',(-8.8795140471452,33.,8.0432838884778));
#1906=CARTESIAN_POINT('',(-8.8795140471452,33.,8.0432838884778));
#1907=CARTESIAN_POINT('',(-7.81312942277441,33.,4.18805058387671));
#1908=CARTESIAN_POINT('',(-7.81312942277441,33.,4.18805058387671));
#1909=CARTESIAN_POINT('',(-9.78514323626836,33.0000000000002,0.707941171891365));
#1910=CARTESIAN_POINT('',(-9.78514323626836,33.0000000000002,0.707941171891365));
#1911=CARTESIAN_POINT('',(-9.78514323626834,32.0000000000002,0.707941171891357));
#1912=CARTESIAN_POINT('',(-9.78514323626834,32.0000000000002,0.707941171891357));
#1913=CARTESIAN_POINT('',(-13.6403765408695,32.,-0.358443452479406));
#1914=CARTESIAN_POINT('',(-13.6403765408695,32.,-0.358443452479406));
#1915=CARTESIAN_POINT('',(-13.6403765408695,33.,-0.358443452479398));
#1916=CARTESIAN_POINT('',(-13.6403765408695,32.,-0.358443452479406));
#1917=CARTESIAN_POINT('',(-17.1204859528548,32.,1.61357036101459));
#1918=CARTESIAN_POINT('',(-17.1204859528548,32.,1.61357036101459));
#1919=CARTESIAN_POINT('',(-17.1204859528548,33.,1.61357036101459));
#1920=CARTESIAN_POINT('',(-17.1204859528548,32.,1.61357036101459));
#1921=CARTESIAN_POINT('',(-18.1868705772256,32.,5.46880366561567));
#1922=CARTESIAN_POINT('',(-18.1868705772256,32.,5.46880366561567));
#1923=CARTESIAN_POINT('',(-18.1868705772256,33.,5.46880366561568));
#1924=CARTESIAN_POINT('',(-18.1868705772256,32.,5.46880366561567));
#1925=CARTESIAN_POINT('',(-16.2148567637316,32.,8.94891307760098));
#1926=CARTESIAN_POINT('',(-16.2148567637316,32.,8.94891307760098));
#1927=CARTESIAN_POINT('',(-16.2148567637316,33.,8.94891307760099));
#1928=CARTESIAN_POINT('',(-16.2148567637316,32.,8.94891307760098));
#1929=CARTESIAN_POINT('',(-12.3596234591305,32.,10.0152977019718));
#1930=CARTESIAN_POINT('',(-12.3596234591305,32.,10.0152977019718));
#1931=CARTESIAN_POINT('',(-12.3596234591305,33.,10.0152977019718));
#1932=CARTESIAN_POINT('',(-12.3596234591305,32.,10.0152977019718));
#1933=CARTESIAN_POINT('',(-8.87951404714519,32.,8.04328388847779));
#1934=CARTESIAN_POINT('',(-8.87951404714519,32.,8.04328388847779));
#1935=CARTESIAN_POINT('',(-8.8795140471452,33.,8.0432838884778));
#1936=CARTESIAN_POINT('',(-8.87951404714519,32.,8.04328388847779));
#1937=CARTESIAN_POINT('',(-7.81312942277439,32.,4.1880505838767));
#1938=CARTESIAN_POINT('',(-7.81312942277439,32.,4.1880505838767));
#1939=CARTESIAN_POINT('',(-7.81312942277441,33.,4.18805058387671));
#1940=CARTESIAN_POINT('',(-7.81312942277439,32.,4.1880505838767));
#1941=CARTESIAN_POINT('',(-9.78514323626834,32.0000000000002,0.707941171891357));
#1942=CARTESIAN_POINT('',(-6.94026325599933,33.0000000000002,1.39466020806479));
#1943=CARTESIAN_POINT('',(-9.78514323626836,33.0000000000002,0.707941171891365));
#1944=CARTESIAN_POINT('',(-13.6403765408695,33.,-0.358443452479398));
#1945=CARTESIAN_POINT('',(-17.1204859528548,33.,1.61357036101459));
#1946=CARTESIAN_POINT('',(-18.1868705772256,33.,5.46880366561568));
#1947=CARTESIAN_POINT('',(-16.2148567637316,33.,8.94891307760099));
#1948=CARTESIAN_POINT('',(-12.3596234591305,33.,10.0152977019718));
#1949=CARTESIAN_POINT('',(-8.8795140471452,33.,8.0432838884778));
#1950=CARTESIAN_POINT('',(-7.81312942277441,33.,4.18805058387671));
#1951=CARTESIAN_POINT('',(-9.78514323626836,33.0000000000002,0.707941171891365));
#1952=CARTESIAN_POINT('',(-13.6403765408695,33.,-0.358443452479398));
#1953=CARTESIAN_POINT('',(-13.6403765408695,33.,-0.358443452479398));
#1954=CARTESIAN_POINT('',(-17.1204859528548,33.,1.61357036101459));
#1955=CARTESIAN_POINT('',(-17.1204859528548,33.,1.61357036101459));
#1956=CARTESIAN_POINT('',(-18.1868705772256,33.,5.46880366561568));
#1957=CARTESIAN_POINT('',(-18.1868705772256,33.,5.46880366561568));
#1958=CARTESIAN_POINT('',(-16.2148567637316,33.,8.94891307760099));
#1959=CARTESIAN_POINT('',(-16.2148567637316,33.,8.94891307760099));
#1960=CARTESIAN_POINT('',(-12.3596234591305,33.,10.0152977019718));
#1961=CARTESIAN_POINT('',(-12.3596234591305,33.,10.0152977019718));
#1962=CARTESIAN_POINT('',(-8.8795140471452,33.,8.0432838884778));
#1963=CARTESIAN_POINT('',(-8.8795140471452,33.,8.0432838884778));
#1964=CARTESIAN_POINT('',(-7.81312942277441,33.,4.18805058387671));
#1965=CARTESIAN_POINT('',(-7.81312942277441,33.,4.18805058387671));
#1966=CARTESIAN_POINT('',(-9.78514323626836,33.0000000000002,0.707941171891365));
#1967=CARTESIAN_POINT('',(-9.93975702357256,36.5,8.85006906898477));
#1968=CARTESIAN_POINT('',(-11.9397570235726,36.5,8.85006906898477));
#1969=CARTESIAN_POINT('',(-7.99235114901434,36.5,5.50823885431094));
#1970=CARTESIAN_POINT('',(-9.40656471138744,36.5,6.92245241668404));
#1971=CARTESIAN_POINT('',(-8.97835805576165,36.5,1.76818414831834));
#1972=CARTESIAN_POINT('',(-8.97835805576165,36.5,3.76818414831835));
#1973=CARTESIAN_POINT('',(-12.3201882704355,36.5,-0.179221726239879));
#1974=CARTESIAN_POINT('',(-10.9059747080624,36.5,1.23499183613322));
#1975=CARTESIAN_POINT('',(-16.0602429764281,36.5,0.80678518050744));
#1976=CARTESIAN_POINT('',(-14.0602429764281,36.5,0.806785180507443));
#1977=CARTESIAN_POINT('',(-18.0076488509863,36.5,4.14861539518126));
#1978=CARTESIAN_POINT('',(-16.5934352886132,36.5,2.73440183280817));
#1979=CARTESIAN_POINT('',(-17.021641944239,36.5,7.88867010117386));
#1980=CARTESIAN_POINT('',(-17.021641944239,36.5,5.88867010117386));
#1981=CARTESIAN_POINT('',(-13.6798117295652,36.5,9.83607597573208));
#1982=CARTESIAN_POINT('',(-15.0940252919383,36.5,8.42186241335899));
#1983=CARTESIAN_POINT('',(-15.,40.,9.65685424949238));
#1984=CARTESIAN_POINT('',(-8.87951404714507,33.,8.04328388847766));
#1985=CARTESIAN_POINT('',(-12.3596234591303,33.,10.0152977019718));
#1986=CARTESIAN_POINT('',(-6.23913750627538,26.,8.40172734095706));
#1987=CARTESIAN_POINT('',(-15.,40.,9.65685424949238));
#1988=CARTESIAN_POINT('',(-12.3596234591303,33.,10.0152977019718));
#1989=CARTESIAN_POINT('',(-8.87951404714507,33.,8.04328388847766));
#1990=CARTESIAN_POINT('',(-15.,40.,9.65685424949238));
#1991=CARTESIAN_POINT('',(-12.3596234591303,33.,10.0152977019718));
#1992=CARTESIAN_POINT('',(-12.3596234591303,33.,10.0152977019718));
#1993=CARTESIAN_POINT('',(-8.87951404714507,33.,8.04328388847766));
#1994=CARTESIAN_POINT('',(-8.87951404714507,33.,8.04328388847766));
#1995=CARTESIAN_POINT('',(-15.,40.,9.65685424949238));
#1996=CARTESIAN_POINT('',(-15.,40.,9.65685424949238));
#1997=CARTESIAN_POINT('',(-8.87951404714507,33.,8.04328388847766));
#1998=CARTESIAN_POINT('',(-11.,40.,9.65685424949238));
#1999=CARTESIAN_POINT('',(-8.87951404714507,33.,8.04328388847766));
#2000=CARTESIAN_POINT('',(-12.3596234591303,33.,10.0152977019718));
#2001=CARTESIAN_POINT('',(-8.87951404714507,33.,8.04328388847766));
#2002=CARTESIAN_POINT('',(-15.,40.,9.65685424949238));
#2003=CARTESIAN_POINT('',(-11.,40.,9.65685424949238));
#2004=CARTESIAN_POINT('',(-8.87951404714507,33.,8.04328388847766));
#2005=CARTESIAN_POINT('',(-15.,40.,9.65685424949238));
#2006=CARTESIAN_POINT('',(-12.8795140471451,33.,8.04328388847766));
#2007=CARTESIAN_POINT('',(-11.,40.,9.65685424949238));
#2008=CARTESIAN_POINT('',(-15.,40.,9.65685424949238));
#2009=CARTESIAN_POINT('',(-8.87951404714507,33.,8.04328388847766));
#2010=CARTESIAN_POINT('',(-11.,40.,9.65685424949238));
#2011=CARTESIAN_POINT('',(-15.,40.,9.65685424949238));
#2012=CARTESIAN_POINT('',(-15.,40.,9.65685424949238));
#2013=CARTESIAN_POINT('',(-8.87951404714507,33.,8.04328388847766));
#2014=CARTESIAN_POINT('',(-8.87951404714507,33.,8.04328388847766));
#2015=CARTESIAN_POINT('',(-11.,40.,9.65685424949238));
#2016=CARTESIAN_POINT('',(-15.0844551211351,40.0518686817472,9.66412593220793));
#2017=CARTESIAN_POINT('',(-11.0000000000002,39.9999999999999,9.65685424949238));
#2018=CARTESIAN_POINT('',(-8.87951404714507,33.,8.04328388847766));
#2019=CARTESIAN_POINT('',(-15.,39.9246092645376,9.98391476137779));
#2020=CARTESIAN_POINT('',(-12.8795140471448,32.9246092645377,8.37034440036306));
#2021=CARTESIAN_POINT('',(-8.8414851661808,32.9113567069862,8.02011706901165));
#2022=CARTESIAN_POINT('',(-15.0844551211351,40.049817965471,9.67302236107148));
#2023=CARTESIAN_POINT('',(-8.8414851661808,32.9101600251958,8.02530852067392));
#2024=CARTESIAN_POINT('',(-15.,40.0753907354624,9.32979373760701));
#2025=CARTESIAN_POINT('',(-8.87951404714534,32.9999999999999,8.04328388847765));
#2026=CARTESIAN_POINT('',(-11.0000000000002,39.9999999999999,9.65685424949238));
#2027=CARTESIAN_POINT('',(-4.87951404714557,32.9246092645375,8.37034440036302));
#2028=CARTESIAN_POINT('',(-11.,40.,9.65685424949238));
#2029=CARTESIAN_POINT('',(-15.,40.,9.6568542494924));
#2030=CARTESIAN_POINT('',(-8.87951404714525,32.9999999999999,8.04328388847765));
#2031=CARTESIAN_POINT('',(-12.0263138633113,38.6350564440678,9.46549722770184));
#2032=CARTESIAN_POINT('',(-12.0263138633114,38.6890218018117,9.23138440973391));
#2033=CARTESIAN_POINT('',(-8.87951404714525,32.9999999999999,8.04328388847765));
#2034=CARTESIAN_POINT('',(-15.,40.,9.6568542494924));
#2035=CARTESIAN_POINT('',(-11.,40.,9.65685424949238));
#2036=CARTESIAN_POINT('',(-8.87951404714525,32.9999999999999,8.04328388847765));
#2037=CARTESIAN_POINT('',(-11.,40.,9.65685424949238));
#2038=CARTESIAN_POINT('',(-11.3421046211039,39.5450188146892,9.5930685755622));
#2039=CARTESIAN_POINT('',(-11.6842092422076,39.0900376293785,9.52928290163202));
#2040=CARTESIAN_POINT('',(-12.0263138633113,38.6350564440678,9.46549722770184));
#2041=CARTESIAN_POINT('',(-15.,40.,9.6568542494924));
#2042=CARTESIAN_POINT('',(-14.0087712877704,39.5450188146893,9.59306857556221));
#2043=CARTESIAN_POINT('',(-13.0175425755408,39.0900376293786,9.52928290163203));
#2044=CARTESIAN_POINT('',(-12.0263138633113,38.6350564440678,9.46549722770184));
#2045=CARTESIAN_POINT('',(-11.,40.,9.65685424949238));
#2046=CARTESIAN_POINT('',(-15.,40.,9.6568542494924));
#2047=CARTESIAN_POINT('',(-12.0263138633114,38.6890218018117,9.23138440973391));
#2048=CARTESIAN_POINT('',(-13.0175425755409,39.1260145345412,9.37320768965341));
#2049=CARTESIAN_POINT('',(-14.0087712877704,39.5630072672706,9.5150309695729));
#2050=CARTESIAN_POINT('',(-15.,40.,9.6568542494924));
#2051=CARTESIAN_POINT('',(-11.,40.,9.65685424949238));
#2052=CARTESIAN_POINT('',(-11.3421046211037,39.5630072672705,9.51503096957288));
#2053=CARTESIAN_POINT('',(-11.6842092422076,39.1260145345411,9.37320768965339));
#2054=CARTESIAN_POINT('',(-12.0263138633114,38.6890218018117,9.23138440973391));
#2055=CARTESIAN_POINT('',(-12.0263138633113,38.6350564440678,9.46549722770184));
#2056=CARTESIAN_POINT('',(-10.9773805912559,36.7567042960452,8.9914261146271));
#2057=CARTESIAN_POINT('',(-9.92844731920053,34.8783521480226,8.51735500155237));
#2058=CARTESIAN_POINT('',(-8.87951404714525,32.9999999999999,8.04328388847765));
#2059=CARTESIAN_POINT('',(-12.0263138633114,38.6890218018117,9.23138440973391));
#2060=CARTESIAN_POINT('',(-10.9773805912561,36.7926812012079,8.8353509026485));
#2061=CARTESIAN_POINT('',(-9.92844731920079,34.8963406006039,8.43931739556309));
#2062=CARTESIAN_POINT('',(-8.87951404714525,32.9999999999999,8.04328388847765));
#2063=CARTESIAN_POINT('',(-8.80245081696645,32.9481313182528,8.00797378496787));
#2064=CARTESIAN_POINT('',(-12.3596234591303,33.0000000000002,10.0152977019717));
#2065=CARTESIAN_POINT('',(-15.,40.0000000000002,9.65685424949232));
#2066=CARTESIAN_POINT('',(-8.71827208532363,33.0753907354623,8.32783547990302));
#2067=CARTESIAN_POINT('',(-11.3586486261933,40.0753907354624,7.96939202742361));
#2068=CARTESIAN_POINT('',(-15.0445074886431,40.088643293014,9.65544685251828));
#2069=CARTESIAN_POINT('',(-8.79806484681404,32.9501820345289,8.01571392142315));
#2070=CARTESIAN_POINT('',(-15.0419480850456,40.0898399748044,9.65996355746621));
#2071=CARTESIAN_POINT('',(-9.04075600896686,32.9246092645376,7.7587322970525));
#2072=CARTESIAN_POINT('',(-14.9999999999997,40.0000000000003,9.65685424949217));
#2073=CARTESIAN_POINT('',(-12.3596234591303,33.0000000000002,10.0152977019717));
#2074=CARTESIAN_POINT('',(-18.3188674501632,40.0753907354629,11.9134196544114));
#2075=CARTESIAN_POINT('',(-12.3596234591305,33.0000000000002,10.0152977019718));
#2076=CARTESIAN_POINT('',(-8.87951404714524,32.9999999999999,8.04328388847776));
#2077=CARTESIAN_POINT('',(-14.9999999999998,40.0000000000003,9.65685424949222));
#2078=CARTESIAN_POINT('',(-11.5610419978604,34.3649435559323,9.34283557996855));
#2079=CARTESIAN_POINT('',(-11.6764604255974,34.3109781981883,9.13915102464934));
#2080=CARTESIAN_POINT('',(-14.9999999999998,40.0000000000003,9.65685424949222));
#2081=CARTESIAN_POINT('',(-8.87951404714524,32.9999999999999,8.04328388847776));
#2082=CARTESIAN_POINT('',(-12.3596234591305,33.0000000000002,10.0152977019718));
#2083=CARTESIAN_POINT('',(-14.9999999999998,40.0000000000003,9.65685424949222));
#2084=CARTESIAN_POINT('',(-12.3596234591305,33.0000000000002,10.0152977019718));
#2085=CARTESIAN_POINT('',(-12.093429638707,33.4549811853109,9.79114366130402));
#2086=CARTESIAN_POINT('',(-11.8272358182837,33.9099623706216,9.56698962063629));
#2087=CARTESIAN_POINT('',(-11.5610419978604,34.3649435559323,9.34283557996855));
#2088=CARTESIAN_POINT('',(-8.87951404714524,32.9999999999999,8.04328388847776));
#2089=CARTESIAN_POINT('',(-9.77335669738363,33.4549811853107,8.47646778564137));
#2090=CARTESIAN_POINT('',(-10.667199347622,33.9099623706214,8.90965168280496));
#2091=CARTESIAN_POINT('',(-11.5610419978604,34.3649435559323,9.34283557996855));
#2092=CARTESIAN_POINT('',(-12.3596234591305,33.0000000000002,10.0152977019718));
#2093=CARTESIAN_POINT('',(-8.87951404714524,32.9999999999999,8.04328388847776));
#2094=CARTESIAN_POINT('',(-11.6764604255974,34.3109781981883,9.13915102464934));
#2095=CARTESIAN_POINT('',(-10.7441449661134,33.8739854654589,8.77386197925884));
#2096=CARTESIAN_POINT('',(-9.81182950662935,33.4369927327294,8.4085729338683));
#2097=CARTESIAN_POINT('',(-8.87951404714524,32.9999999999999,8.04328388847776));
#2098=CARTESIAN_POINT('',(-12.3596234591305,33.0000000000002,10.0152977019718));
#2099=CARTESIAN_POINT('',(-12.1319024479529,33.4369927327296,9.72324880953103));
#2100=CARTESIAN_POINT('',(-11.9041814367752,33.873985465459,9.43119991709018));
#2101=CARTESIAN_POINT('',(-11.6764604255974,34.3109781981883,9.13915102464934));
#2102=CARTESIAN_POINT('',(-11.5610419978604,34.3649435559323,9.34283557996855));
#2103=CARTESIAN_POINT('',(-12.7073613319069,36.243295703955,9.4475084698098));
#2104=CARTESIAN_POINT('',(-13.8536806659534,38.1216478519776,9.55218135965103));
#2105=CARTESIAN_POINT('',(-14.9999999999998,40.0000000000003,9.65685424949222));
#2106=CARTESIAN_POINT('',(-11.6764604255974,34.3109781981883,9.13915102464934));
#2107=CARTESIAN_POINT('',(-12.7843069503981,36.2073187987923,9.3117187662636));
#2108=CARTESIAN_POINT('',(-13.8921534751989,38.1036593993962,9.48428650787787));
#2109=CARTESIAN_POINT('',(-14.9999999999998,40.0000000000003,9.65685424949222));
#2110=CARTESIAN_POINT('',(-11.,40.,9.65685424949239));
#2111=CARTESIAN_POINT('',(-7.81312942277441,33.,4.18805058387651));
#2112=CARTESIAN_POINT('',(-8.87951404714507,33.,8.04328388847766));
#2113=CARTESIAN_POINT('',(-5.69264346991948,26.,2.57448022286178));
#2114=CARTESIAN_POINT('',(-11.,40.,9.65685424949239));
#2115=CARTESIAN_POINT('',(-8.87951404714507,33.,8.04328388847766));
#2116=CARTESIAN_POINT('',(-7.81312942277441,33.,4.18805058387651));
#2117=CARTESIAN_POINT('',(-11.,40.,9.65685424949239));
#2118=CARTESIAN_POINT('',(-8.87951404714507,33.,8.04328388847766));
#2119=CARTESIAN_POINT('',(-8.87951404714507,33.,8.04328388847766));
#2120=CARTESIAN_POINT('',(-7.81312942277441,33.,4.18805058387651));
#2121=CARTESIAN_POINT('',(-7.81312942277441,33.,4.18805058387651));
#2122=CARTESIAN_POINT('',(-11.,40.,9.65685424949239));
#2123=CARTESIAN_POINT('',(-11.,40.,9.65685424949239));
#2124=CARTESIAN_POINT('',(-7.81312942277441,33.,4.18805058387651));
#2125=CARTESIAN_POINT('',(-8.17157287525381,40.,6.8284271247462));
#2126=CARTESIAN_POINT('',(-7.81312942277441,33.,4.18805058387651));
#2127=CARTESIAN_POINT('',(-8.87951404714507,33.,8.04328388847766));
#2128=CARTESIAN_POINT('',(-7.81312942277441,33.,4.18805058387651));
#2129=CARTESIAN_POINT('',(-11.,40.,9.65685424949239));
#2130=CARTESIAN_POINT('',(-8.17157287525381,40.,6.8284271247462));
#2131=CARTESIAN_POINT('',(-7.81312942277441,33.,4.18805058387651));
#2132=CARTESIAN_POINT('',(-11.,40.,9.65685424949239));
#2133=CARTESIAN_POINT('',(-10.6415565475206,33.,7.01647770862271));
#2134=CARTESIAN_POINT('',(-8.17157287525381,40.,6.8284271247462));
#2135=CARTESIAN_POINT('',(-11.,40.,9.65685424949239));
#2136=CARTESIAN_POINT('',(-7.81312942277441,33.,4.18805058387651));
#2137=CARTESIAN_POINT('',(-8.17157287525381,40.,6.8284271247462));
#2138=CARTESIAN_POINT('',(-11.,40.,9.65685424949239));
#2139=CARTESIAN_POINT('',(-11.,40.,9.65685424949239));
#2140=CARTESIAN_POINT('',(-7.81312942277441,33.,4.18805058387651));
#2141=CARTESIAN_POINT('',(-7.81312942277441,33.,4.18805058387651));
#2142=CARTESIAN_POINT('',(-8.17157287525381,40.,6.8284271247462));
#2143=CARTESIAN_POINT('',(-11.0545769327018,40.0518686817472,9.72171489451177));
#2144=CARTESIAN_POINT('',(-8.17157287525398,39.9999999999999,6.82842712474636));
#2145=CARTESIAN_POINT('',(-7.81312942277441,33.,4.18805058387651));
#2146=CARTESIAN_POINT('',(-10.7687332941875,39.9246092645376,9.8881209553049));
#2147=CARTESIAN_POINT('',(-10.4102898417079,32.9246092645377,7.24774441443505));
#2148=CARTESIAN_POINT('',(-7.80262035830658,32.9113567069862,4.14477868912281));
#2149=CARTESIAN_POINT('',(-11.048286207524,40.049817965471,9.72800561968952));
#2150=CARTESIAN_POINT('',(-7.79894944763199,32.9101600251958,4.14844959979741));
#2151=CARTESIAN_POINT('',(-11.2312667058125,40.0753907354624,9.42558754367989));
#2152=CARTESIAN_POINT('',(-7.81312942277461,32.9999999999999,4.18805058387671));
#2153=CARTESIAN_POINT('',(-8.17157287525398,39.9999999999999,6.82842712474636));
#2154=CARTESIAN_POINT('',(-4.75343559221609,32.9246092645375,1.59089016494317));
#2155=CARTESIAN_POINT('',(-8.17157287525381,40.,6.8284271247462));
#2156=CARTESIAN_POINT('',(-11.,40.,9.6568542494924));
#2157=CARTESIAN_POINT('',(-7.81312942277454,32.9999999999999,4.18805058387664));
#2158=CARTESIAN_POINT('',(-9.03259621536274,38.6350564440678,7.4188307693836));
#2159=CARTESIAN_POINT('',(-9.19813897651065,38.6890218018117,7.25328800823589));
#2160=CARTESIAN_POINT('',(-7.81312942277454,32.9999999999999,4.18805058387664));
#2161=CARTESIAN_POINT('',(-11.,40.,9.6568542494924));
#2162=CARTESIAN_POINT('',(-8.17157287525381,40.,6.8284271247462));
#2163=CARTESIAN_POINT('',(-7.81312942277454,32.9999999999999,4.18805058387664));
#2164=CARTESIAN_POINT('',(-8.17157287525381,40.,6.8284271247462));
#2165=CARTESIAN_POINT('',(-8.45858065529019,39.5450188146892,7.0252283396254));
#2166=CARTESIAN_POINT('',(-8.74558843532646,39.0900376293785,7.22202955450449));
#2167=CARTESIAN_POINT('',(-9.03259621536274,38.6350564440678,7.4188307693836));
#2168=CARTESIAN_POINT('',(-11.,40.,9.6568542494924));
#2169=CARTESIAN_POINT('',(-10.3441987384542,39.5450188146893,8.91084642278945));
#2170=CARTESIAN_POINT('',(-9.68839747690848,39.0900376293786,8.16483859608654));
#2171=CARTESIAN_POINT('',(-9.03259621536274,38.6350564440678,7.4188307693836));
#2172=CARTESIAN_POINT('',(-8.17157287525381,40.,6.8284271247462));
#2173=CARTESIAN_POINT('',(-11.,40.,9.6568542494924));
#2174=CARTESIAN_POINT('',(-9.19813897651065,38.6890218018117,7.25328800823589));
#2175=CARTESIAN_POINT('',(-9.79875931767371,39.1260145345412,8.05447675532134));
#2176=CARTESIAN_POINT('',(-10.3993796588368,39.5630072672706,8.85566550240685));
#2177=CARTESIAN_POINT('',(-11.,40.,9.6568542494924));
#2178=CARTESIAN_POINT('',(-8.17157287525381,40.,6.8284271247462));
#2179=CARTESIAN_POINT('',(-8.51376157567271,39.5630072672705,6.9700474192427));
#2180=CARTESIAN_POINT('',(-8.85595027609167,39.1260145345411,7.11166771373928));
#2181=CARTESIAN_POINT('',(-9.19813897651065,38.6890218018117,7.25328800823589));
#2182=CARTESIAN_POINT('',(-9.03259621536274,38.6350564440678,7.4188307693836));
#2183=CARTESIAN_POINT('',(-8.62610728449996,36.7567042960452,6.34190404088123));
#2184=CARTESIAN_POINT('',(-8.21961835363723,34.8783521480226,5.26497731237891));
#2185=CARTESIAN_POINT('',(-7.81312942277454,32.9999999999999,4.18805058387664));
#2186=CARTESIAN_POINT('',(-9.19813897651065,38.6890218018117,7.25328800823589));
#2187=CARTESIAN_POINT('',(-8.73646912526533,36.7926812012079,6.23154220011621));
#2188=CARTESIAN_POINT('',(-8.27479927402,34.8963406006039,5.20979639199651));
#2189=CARTESIAN_POINT('',(-7.81312942277454,32.9999999999999,4.18805058387664));
#2190=CARTESIAN_POINT('',(-7.78360550377114,32.9481313182528,4.10859063760091));
#2191=CARTESIAN_POINT('',(-8.87951404714511,33.0000000000002,8.04328388847761));
#2192=CARTESIAN_POINT('',(-11.,40.0000000000002,9.6568542494923));
#2193=CARTESIAN_POINT('',(-7.49790577826435,33.0753907354623,4.27524365915505));
#2194=CARTESIAN_POINT('',(-9.61839173111925,40.0753907354624,5.88881402016974));
#2195=CARTESIAN_POINT('',(-11.0324667269773,40.088643293014,9.6873306165813));
#2196=CARTESIAN_POINT('',(-7.77503105155945,32.9501820345289,4.1109623913389));
#2197=CARTESIAN_POINT('',(-11.0274631626404,40.0898399748044,9.688714637639));
#2198=CARTESIAN_POINT('',(-8.12835306728457,32.9246092645376,4.10085750859837));
#2199=CARTESIAN_POINT('',(-10.9999999999999,40.0000000000003,9.65685424949203));
#2200=CARTESIAN_POINT('',(-8.87951404714511,33.0000000000002,8.04328388847761));
#2201=CARTESIAN_POINT('',(-11.7511609798605,40.0753907354629,13.5992806293713));
#2202=CARTESIAN_POINT('',(-8.87951404714517,33.0000000000002,8.04328388847784));
#2203=CARTESIAN_POINT('',(-7.81312942277446,32.9999999999999,4.18805058387671));
#2204=CARTESIAN_POINT('',(-11.,40.0000000000003,9.65685424949212));
#2205=CARTESIAN_POINT('',(-8.7903342071108,34.3649435559323,7.00309899532422));
#2206=CARTESIAN_POINT('',(-9.01597409032675,34.3109781981883,6.94068541796181));
#2207=CARTESIAN_POINT('',(-11.,40.0000000000003,9.65685424949212));
#2208=CARTESIAN_POINT('',(-7.81312942277446,32.9999999999999,4.18805058387671));
#2209=CARTESIAN_POINT('',(-8.87951404714517,33.0000000000002,8.04328388847784));
#2210=CARTESIAN_POINT('',(-11.,40.0000000000003,9.65685424949212));
#2211=CARTESIAN_POINT('',(-8.87951404714517,33.0000000000002,8.04328388847784));
#2212=CARTESIAN_POINT('',(-8.84978743380036,33.4549811853109,7.69655559075986));
#2213=CARTESIAN_POINT('',(-8.82006082045557,33.9099623706216,7.34982729304204));
#2214=CARTESIAN_POINT('',(-8.7903342071108,34.3649435559323,7.00309899532422));
#2215=CARTESIAN_POINT('',(-7.81312942277446,32.9999999999999,4.18805058387671));
#2216=CARTESIAN_POINT('',(-8.13886435088658,33.4549811853107,5.12640005435923));
#2217=CARTESIAN_POINT('',(-8.46459927899867,33.9099623706214,6.06474952484172));
#2218=CARTESIAN_POINT('',(-8.7903342071108,34.3649435559323,7.00309899532422));
#2219=CARTESIAN_POINT('',(-8.87951404714517,33.0000000000002,8.04328388847784));
#2220=CARTESIAN_POINT('',(-7.81312942277446,32.9999999999999,4.18805058387671));
#2221=CARTESIAN_POINT('',(-9.01597409032675,34.3109781981883,6.94068541796181));
#2222=CARTESIAN_POINT('',(-8.61502586780935,33.8739854654589,6.02314047326685));
#2223=CARTESIAN_POINT('',(-8.21407764529191,33.4369927327294,5.10559552857179));
#2224=CARTESIAN_POINT('',(-7.81312942277446,32.9999999999999,4.18805058387671));
#2225=CARTESIAN_POINT('',(-8.87951404714517,33.0000000000002,8.04328388847784));
#2226=CARTESIAN_POINT('',(-8.92500072820573,33.4369927327296,7.67575106497256));
#2227=CARTESIAN_POINT('',(-8.97048740926625,33.873985465459,7.30821824146719));
#2228=CARTESIAN_POINT('',(-9.01597409032675,34.3109781981883,6.94068541796181));
#2229=CARTESIAN_POINT('',(-8.7903342071108,34.3649435559323,7.00309899532422));
#2230=CARTESIAN_POINT('',(-9.52688947140721,36.243295703955,7.88768408004692));
#2231=CARTESIAN_POINT('',(-10.2634447357036,38.1216478519776,8.77226916476955));
#2232=CARTESIAN_POINT('',(-11.,40.0000000000003,9.65685424949212));
#2233=CARTESIAN_POINT('',(-9.01597409032675,34.3109781981883,6.94068541796181));
#2234=CARTESIAN_POINT('',(-9.67731606021779,36.2073187987923,7.84607502847183));
#2235=CARTESIAN_POINT('',(-10.3386580301088,38.1036593993962,8.75146463898188));
#2236=CARTESIAN_POINT('',(-11.,40.0000000000003,9.65685424949212));
#2237=CARTESIAN_POINT('',(-8.17157287525381,40.,6.8284271247462));
#2238=CARTESIAN_POINT('',(-9.78514323626854,33.,0.707941171891259));
#2239=CARTESIAN_POINT('',(-7.81312942277441,33.,4.18805058387651));
#2240=CARTESIAN_POINT('',(-9.42669978378914,26.,-1.93243536897842));
#2241=CARTESIAN_POINT('',(-8.17157287525381,40.,6.8284271247462));
#2242=CARTESIAN_POINT('',(-7.81312942277441,33.,4.18805058387651));
#2243=CARTESIAN_POINT('',(-9.78514323626854,33.,0.707941171891259));
#2244=CARTESIAN_POINT('',(-8.17157287525381,40.,6.8284271247462));
#2245=CARTESIAN_POINT('',(-7.81312942277441,33.,4.18805058387651));
#2246=CARTESIAN_POINT('',(-7.81312942277441,33.,4.18805058387651));
#2247=CARTESIAN_POINT('',(-9.78514323626854,33.,0.707941171891259));
#2248=CARTESIAN_POINT('',(-9.78514323626854,33.,0.707941171891259));
#2249=CARTESIAN_POINT('',(-8.17157287525381,40.,6.8284271247462));
#2250=CARTESIAN_POINT('',(-8.17157287525381,40.,6.8284271247462));
#2251=CARTESIAN_POINT('',(-9.78514323626854,33.,0.707941171891259));
#2252=CARTESIAN_POINT('',(-8.17157287525382,40.,2.82842712474619));
#2253=CARTESIAN_POINT('',(-9.78514323626854,33.,0.707941171891259));
#2254=CARTESIAN_POINT('',(-7.81312942277441,33.,4.18805058387651));
#2255=CARTESIAN_POINT('',(-9.78514323626854,33.,0.707941171891259));
#2256=CARTESIAN_POINT('',(-8.17157287525381,40.,6.8284271247462));
#2257=CARTESIAN_POINT('',(-8.17157287525382,40.,2.82842712474619));
#2258=CARTESIAN_POINT('',(-9.78514323626854,33.,0.707941171891259));
#2259=CARTESIAN_POINT('',(-8.17157287525381,40.,6.8284271247462));
#2260=CARTESIAN_POINT('',(-9.78514323626854,33.,4.70794117189126));
#2261=CARTESIAN_POINT('',(-8.17157287525382,40.,2.82842712474619));
#2262=CARTESIAN_POINT('',(-8.17157287525381,40.,6.8284271247462));
#2263=CARTESIAN_POINT('',(-9.78514323626854,33.,0.707941171891259));
#2264=CARTESIAN_POINT('',(-8.17157287525382,40.,2.82842712474619));
#2265=CARTESIAN_POINT('',(-8.17157287525381,40.,6.8284271247462));
#2266=CARTESIAN_POINT('',(-8.17157287525381,40.,6.8284271247462));
#2267=CARTESIAN_POINT('',(-9.78514323626854,33.,0.707941171891259));
#2268=CARTESIAN_POINT('',(-9.78514323626854,33.,0.707941171891259));
#2269=CARTESIAN_POINT('',(-8.17157287525382,40.,2.82842712474619));
#2270=CARTESIAN_POINT('',(-8.16430119253827,40.0518686817472,6.91288224588134));
#2271=CARTESIAN_POINT('',(-8.17157287525382,39.9999999999999,2.82842712474643));
#2272=CARTESIAN_POINT('',(-9.78514323626854,33.,0.707941171891259));
#2273=CARTESIAN_POINT('',(-7.84451236336841,39.9246092645376,6.8284271247462));
#2274=CARTESIAN_POINT('',(-9.45808272438314,32.9246092645377,4.70794117189103));
#2275=CARTESIAN_POINT('',(-9.80831005573455,32.9113567069862,0.669912290926998));
#2276=CARTESIAN_POINT('',(-8.15540476367472,40.049817965471,6.91288224588133));
#2277=CARTESIAN_POINT('',(-9.80311860407228,32.9101600251958,0.669912290926998));
#2278=CARTESIAN_POINT('',(-8.49863338713919,40.0753907354624,6.82842712474619));
#2279=CARTESIAN_POINT('',(-9.78514323626855,32.9999999999999,0.707941171891536));
#2280=CARTESIAN_POINT('',(-8.17157287525382,39.9999999999999,2.82842712474643));
#2281=CARTESIAN_POINT('',(-9.45808272438317,32.9246092645375,-3.29205882810823));
#2282=CARTESIAN_POINT('',(-8.17157287525382,40.,2.82842712474619));
#2283=CARTESIAN_POINT('',(-8.1715728752538,40.,6.82842712474619));
#2284=CARTESIAN_POINT('',(-9.78514323626855,32.9999999999999,0.707941171891444));
#2285=CARTESIAN_POINT('',(-8.36292989704436,38.6350564440678,3.85474098805747));
#2286=CARTESIAN_POINT('',(-8.59704271501229,38.6890218018117,3.85474098805761));
#2287=CARTESIAN_POINT('',(-9.78514323626855,32.9999999999999,0.707941171891444));
#2288=CARTESIAN_POINT('',(-8.1715728752538,40.,6.82842712474619));
#2289=CARTESIAN_POINT('',(-8.17157287525382,40.,2.82842712474619));
#2290=CARTESIAN_POINT('',(-9.78514323626855,32.9999999999999,0.707941171891444));
#2291=CARTESIAN_POINT('',(-8.17157287525382,40.,2.82842712474619));
#2292=CARTESIAN_POINT('',(-8.235358549184,39.5450188146892,3.17053174585005));
#2293=CARTESIAN_POINT('',(-8.29914422311418,39.0900376293785,3.51263636695375));
#2294=CARTESIAN_POINT('',(-8.36292989704436,38.6350564440678,3.85474098805747));
#2295=CARTESIAN_POINT('',(-8.1715728752538,40.,6.82842712474619));
#2296=CARTESIAN_POINT('',(-8.23535854918399,39.5450188146893,5.8371984125166));
#2297=CARTESIAN_POINT('',(-8.29914422311417,39.0900376293786,4.84596970028704));
#2298=CARTESIAN_POINT('',(-8.36292989704436,38.6350564440678,3.85474098805747));
#2299=CARTESIAN_POINT('',(-8.17157287525382,40.,2.82842712474619));
#2300=CARTESIAN_POINT('',(-8.1715728752538,40.,6.82842712474619));
#2301=CARTESIAN_POINT('',(-8.59704271501229,38.6890218018117,3.85474098805761));
#2302=CARTESIAN_POINT('',(-8.45521943509279,39.1260145345412,4.84596970028706));
#2303=CARTESIAN_POINT('',(-8.3133961551733,39.5630072672706,5.83719841251662));
#2304=CARTESIAN_POINT('',(-8.1715728752538,40.,6.82842712474619));
#2305=CARTESIAN_POINT('',(-8.17157287525382,40.,2.82842712474619));
#2306=CARTESIAN_POINT('',(-8.31339615517332,39.5630072672705,3.17053174584993));
#2307=CARTESIAN_POINT('',(-8.45521943509281,39.1260145345411,3.51263636695375));
#2308=CARTESIAN_POINT('',(-8.59704271501229,38.6890218018117,3.85474098805761));
#2309=CARTESIAN_POINT('',(-8.36292989704436,38.6350564440678,3.85474098805747));
#2310=CARTESIAN_POINT('',(-8.8370010101191,36.7567042960452,2.80580771600206));
#2311=CARTESIAN_POINT('',(-9.31107212319382,34.8783521480226,1.75687444394672));
#2312=CARTESIAN_POINT('',(-9.78514323626855,32.9999999999999,0.707941171891444));
#2313=CARTESIAN_POINT('',(-8.59704271501229,38.6890218018117,3.85474098805761));
#2314=CARTESIAN_POINT('',(-8.9930762220977,36.7926812012079,2.80580771600231));
#2315=CARTESIAN_POINT('',(-9.3891097291831,34.8963406006039,1.75687444394698));
#2316=CARTESIAN_POINT('',(-9.78514323626855,32.9999999999999,0.707941171891444));
#2317=CARTESIAN_POINT('',(-9.82045333977833,32.9481313182528,0.630877941712646));
#2318=CARTESIAN_POINT('',(-7.81312942277448,33.0000000000002,4.18805058387651));
#2319=CARTESIAN_POINT('',(-8.17157287525388,40.0000000000002,6.82842712474614));
#2320=CARTESIAN_POINT('',(-9.50059164484318,33.0753907354623,0.54669921006982));
#2321=CARTESIAN_POINT('',(-9.85903509732259,40.0753907354624,3.18707575093945));
#2322=CARTESIAN_POINT('',(-8.17298027222792,40.088643293014,6.87293461338931));
#2323=CARTESIAN_POINT('',(-9.81271320332305,32.9501820345289,0.626491971560235));
#2324=CARTESIAN_POINT('',(-8.16846356727999,40.0898399748044,6.87037520979179));
#2325=CARTESIAN_POINT('',(-10.0696948276937,32.9246092645376,0.86918313371305));
#2326=CARTESIAN_POINT('',(-8.17157287525403,40.0000000000003,6.8284271247459));
#2327=CARTESIAN_POINT('',(-7.81312942277448,33.0000000000002,4.18805058387651));
#2328=CARTESIAN_POINT('',(-5.91500747033479,40.0753907354629,10.1472945749094));
#2329=CARTESIAN_POINT('',(-7.81312942277436,33.0000000000002,4.18805058387671));
#2330=CARTESIAN_POINT('',(-9.78514323626844,32.9999999999999,0.707941171891431));
#2331=CARTESIAN_POINT('',(-8.17157287525398,40.0000000000003,6.82842712474598));
#2332=CARTESIAN_POINT('',(-8.48559154477765,34.3649435559323,3.38946912260654));
#2333=CARTESIAN_POINT('',(-8.68927610009686,34.3109781981883,3.50488755034362));
#2334=CARTESIAN_POINT('',(-8.17157287525398,40.0000000000003,6.82842712474598));
#2335=CARTESIAN_POINT('',(-9.78514323626844,32.9999999999999,0.707941171891431));
#2336=CARTESIAN_POINT('',(-7.81312942277436,33.0000000000002,4.18805058387671));
#2337=CARTESIAN_POINT('',(-8.17157287525398,40.0000000000003,6.82842712474598));
#2338=CARTESIAN_POINT('',(-7.81312942277436,33.0000000000002,4.18805058387671));
#2339=CARTESIAN_POINT('',(-8.03728346344218,33.4549811853109,3.92185676345324));
#2340=CARTESIAN_POINT('',(-8.26143750410991,33.9099623706216,3.65566294302989));
#2341=CARTESIAN_POINT('',(-8.48559154477765,34.3649435559323,3.38946912260654));
#2342=CARTESIAN_POINT('',(-9.78514323626844,32.9999999999999,0.707941171891431));
#2343=CARTESIAN_POINT('',(-9.35195933910483,33.4549811853107,1.60178382212982));
#2344=CARTESIAN_POINT('',(-8.91877544194123,33.9099623706214,2.49562647236817));
#2345=CARTESIAN_POINT('',(-8.48559154477765,34.3649435559323,3.38946912260654));
#2346=CARTESIAN_POINT('',(-7.81312942277436,33.0000000000002,4.18805058387671));
#2347=CARTESIAN_POINT('',(-9.78514323626844,32.9999999999999,0.707941171891431));
#2348=CARTESIAN_POINT('',(-8.68927610009686,34.3109781981883,3.50488755034362));
#2349=CARTESIAN_POINT('',(-9.05456514548736,33.8739854654589,2.57257209085962));
#2350=CARTESIAN_POINT('',(-9.4198541908779,33.4369927327294,1.64025663137554));
#2351=CARTESIAN_POINT('',(-9.78514323626844,32.9999999999999,0.707941171891431));
#2352=CARTESIAN_POINT('',(-7.81312942277436,33.0000000000002,4.18805058387671));
#2353=CARTESIAN_POINT('',(-8.10517831521517,33.4369927327296,3.96032957269908));
#2354=CARTESIAN_POINT('',(-8.39722720765602,33.873985465459,3.73260856152136));
#2355=CARTESIAN_POINT('',(-8.68927610009686,34.3109781981883,3.50488755034362));
#2356=CARTESIAN_POINT('',(-8.48559154477765,34.3649435559323,3.38946912260654));
#2357=CARTESIAN_POINT('',(-8.3809186549364,36.243295703955,4.53578845665309));
#2358=CARTESIAN_POINT('',(-8.27624576509517,38.1216478519776,5.68210779069957));
#2359=CARTESIAN_POINT('',(-8.17157287525398,40.0000000000003,6.82842712474598));
#2360=CARTESIAN_POINT('',(-8.68927610009686,34.3109781981883,3.50488755034362));
#2361=CARTESIAN_POINT('',(-8.5167083584826,36.2073187987923,4.61273407514432));
#2362=CARTESIAN_POINT('',(-8.34414061686833,38.1036593993962,5.72058059994505));
#2363=CARTESIAN_POINT('',(-8.17157287525398,40.0000000000003,6.82842712474598));
#2364=CARTESIAN_POINT('',(-8.17157287525381,40.,2.8284271247462));
#2365=CARTESIAN_POINT('',(-13.6403765408697,33.,-0.358443452479396));
#2366=CARTESIAN_POINT('',(-9.78514323626854,33.,0.707941171891262));
#2367=CARTESIAN_POINT('',(-15.2539469018844,26.,-2.47892940533433));
#2368=CARTESIAN_POINT('',(-8.17157287525381,40.,2.8284271247462));
#2369=CARTESIAN_POINT('',(-9.78514323626854,33.,0.707941171891262));
#2370=CARTESIAN_POINT('',(-13.6403765408697,33.,-0.358443452479396));
#2371=CARTESIAN_POINT('',(-8.17157287525381,40.,2.8284271247462));
#2372=CARTESIAN_POINT('',(-9.78514323626854,33.,0.707941171891262));
#2373=CARTESIAN_POINT('',(-9.78514323626854,33.,0.707941171891262));
#2374=CARTESIAN_POINT('',(-13.6403765408697,33.,-0.358443452479396));
#2375=CARTESIAN_POINT('',(-13.6403765408697,33.,-0.358443452479396));
#2376=CARTESIAN_POINT('',(-8.17157287525381,40.,2.8284271247462));
#2377=CARTESIAN_POINT('',(-8.17157287525381,40.,2.8284271247462));
#2378=CARTESIAN_POINT('',(-13.6403765408697,33.,-0.358443452479396));
#2379=CARTESIAN_POINT('',(-11.,40.,5.32907051820075E-15));
#2380=CARTESIAN_POINT('',(-13.6403765408697,33.,-0.358443452479396));
#2381=CARTESIAN_POINT('',(-9.78514323626854,33.,0.707941171891262));
#2382=CARTESIAN_POINT('',(-13.6403765408697,33.,-0.358443452479396));
#2383=CARTESIAN_POINT('',(-8.17157287525381,40.,2.8284271247462));
#2384=CARTESIAN_POINT('',(-11.,40.,5.32907051820075E-15));
#2385=CARTESIAN_POINT('',(-13.6403765408697,33.,-0.358443452479396));
#2386=CARTESIAN_POINT('',(-8.17157287525381,40.,2.8284271247462));
#2387=CARTESIAN_POINT('',(-10.8119494161235,33.,2.4699836722668));
#2388=CARTESIAN_POINT('',(-11.,40.,5.32907051820075E-15));
#2389=CARTESIAN_POINT('',(-8.17157287525381,40.,2.8284271247462));
#2390=CARTESIAN_POINT('',(-13.6403765408697,33.,-0.358443452479396));
#2391=CARTESIAN_POINT('',(-11.,40.,5.32907051820075E-15));
#2392=CARTESIAN_POINT('',(-8.17157287525381,40.,2.8284271247462));
#2393=CARTESIAN_POINT('',(-8.17157287525381,40.,2.8284271247462));
#2394=CARTESIAN_POINT('',(-13.6403765408697,33.,-0.358443452479396));
#2395=CARTESIAN_POINT('',(-13.6403765408697,33.,-0.358443452479396));
#2396=CARTESIAN_POINT('',(-11.,40.,5.32907051820075E-15));
#2397=CARTESIAN_POINT('',(-8.10671223023442,40.0518686817472,2.88300405744799));
#2398=CARTESIAN_POINT('',(-10.9999999999998,39.9999999999999,1.70530256582424E-13));
#2399=CARTESIAN_POINT('',(-13.6403765408697,33.,-0.358443452479396));
#2400=CARTESIAN_POINT('',(-7.9403061694413,39.9246092645376,2.59716041893369));
#2401=CARTESIAN_POINT('',(-10.5806827103111,32.9246092645377,2.23871696645412));
#2402=CARTESIAN_POINT('',(-13.6836484356234,32.9113567069862,-0.368952516947225));
#2403=CARTESIAN_POINT('',(-8.10042150505667,40.049817965471,2.87671333227022));
#2404=CARTESIAN_POINT('',(-13.6799775249488,32.9101600251958,-0.372623427621817));
#2405=CARTESIAN_POINT('',(-8.4028395810663,40.0753907354624,3.05969383055869));
#2406=CARTESIAN_POINT('',(-13.6403765408695,32.9999999999999,-0.358443452479198));
#2407=CARTESIAN_POINT('',(-10.9999999999998,39.9999999999999,1.70530256582424E-13));
#2408=CARTESIAN_POINT('',(-16.237536959803,32.9246092645375,-3.41813728303772));
#2409=CARTESIAN_POINT('',(-11.,40.,5.32907051820075E-15));
#2410=CARTESIAN_POINT('',(-8.1715728752538,40.,2.82842712474618));
#2411=CARTESIAN_POINT('',(-13.6403765408696,32.9999999999999,-0.358443452479262));
#2412=CARTESIAN_POINT('',(-10.4095963553626,38.6350564440678,0.861023340108931));
#2413=CARTESIAN_POINT('',(-10.5751391165103,38.6890218018117,1.02656610125684));
#2414=CARTESIAN_POINT('',(-13.6403765408696,32.9999999999999,-0.358443452479262));
#2415=CARTESIAN_POINT('',(-8.1715728752538,40.,2.82842712474618));
#2416=CARTESIAN_POINT('',(-11.,40.,5.32907051820075E-15));
#2417=CARTESIAN_POINT('',(-13.6403765408696,32.9999999999999,-0.358443452479262));
#2418=CARTESIAN_POINT('',(-11.,40.,5.32907051820075E-15));
#2419=CARTESIAN_POINT('',(-10.8031987851208,39.5450188146892,0.287007780036383));
#2420=CARTESIAN_POINT('',(-10.6063975702417,39.0900376293785,0.574015560072649));
#2421=CARTESIAN_POINT('',(-10.4095963553626,38.6350564440678,0.861023340108931));
#2422=CARTESIAN_POINT('',(-8.1715728752538,40.,2.82842712474618));
#2423=CARTESIAN_POINT('',(-8.91758070195674,39.5450188146893,2.17262586320042));
#2424=CARTESIAN_POINT('',(-9.66358852865966,39.0900376293786,1.51682460165467));
#2425=CARTESIAN_POINT('',(-10.4095963553626,38.6350564440678,0.861023340108931));
#2426=CARTESIAN_POINT('',(-11.,40.,5.32907051820075E-15));
#2427=CARTESIAN_POINT('',(-8.1715728752538,40.,2.82842712474618));
#2428=CARTESIAN_POINT('',(-10.5751391165103,38.6890218018117,1.02656610125684));
#2429=CARTESIAN_POINT('',(-9.77395036942486,39.1260145345412,1.62718644241991));
#2430=CARTESIAN_POINT('',(-8.97276162233934,39.5630072672706,2.22780678358304));
#2431=CARTESIAN_POINT('',(-8.1715728752538,40.,2.82842712474618));
#2432=CARTESIAN_POINT('',(-11.,40.,5.32907051820075E-15));
#2433=CARTESIAN_POINT('',(-10.8583797055035,39.5630072672705,0.342188700418907));
#2434=CARTESIAN_POINT('',(-10.7167594110069,39.1260145345411,0.684377400837867));
#2435=CARTESIAN_POINT('',(-10.5751391165103,38.6890218018117,1.02656610125684));
#2436=CARTESIAN_POINT('',(-10.4095963553626,38.6350564440678,0.861023340108931));
#2437=CARTESIAN_POINT('',(-11.486523083865,36.7567042960452,0.454534409246156));
#2438=CARTESIAN_POINT('',(-12.5634498123673,34.8783521480226,0.0480454783834237));
#2439=CARTESIAN_POINT('',(-13.6403765408696,32.9999999999999,-0.358443452479262));
#2440=CARTESIAN_POINT('',(-10.5751391165103,38.6890218018117,1.02656610125684));
#2441=CARTESIAN_POINT('',(-11.59688492463,36.7926812012079,0.564896250011527));
#2442=CARTESIAN_POINT('',(-12.6186307327497,34.8963406006039,0.103226398766198));
#2443=CARTESIAN_POINT('',(-13.6403765408696,32.9999999999999,-0.358443452479262));
#2444=CARTESIAN_POINT('',(-13.7198364871453,32.9481313182528,-0.387967371482665));
#2445=CARTESIAN_POINT('',(-9.78514323626858,33.0000000000002,0.707941171891306));
#2446=CARTESIAN_POINT('',(-8.17157287525389,40.0000000000002,2.82842712474621));
#2447=CARTESIAN_POINT('',(-13.5531834655911,33.0753907354623,-0.673667096989456));
#2448=CARTESIAN_POINT('',(-11.9396131045765,40.0753907354624,1.44681885586544));
#2449=CARTESIAN_POINT('',(-8.14109650816489,40.088643293014,2.86089385172354));
#2450=CARTESIAN_POINT('',(-13.7174647334073,32.9501820345289,-0.396541823694355));
#2451=CARTESIAN_POINT('',(-8.13971248710719,40.0898399748044,2.85589028738664));
#2452=CARTESIAN_POINT('',(-13.7275696161478,32.9246092645376,-0.0432198079692316));
#2453=CARTESIAN_POINT('',(-8.17157287525417,40.0000000000003,2.82842712474614));
#2454=CARTESIAN_POINT('',(-9.78514323626858,33.0000000000002,0.707941171891306));
#2455=CARTESIAN_POINT('',(-4.22914649537492,40.0753907354629,3.57958810460667));
#2456=CARTESIAN_POINT('',(-9.78514323626836,33.0000000000002,0.707941171891365));
#2457=CARTESIAN_POINT('',(-13.6403765408695,32.9999999999999,-0.358443452479348));
#2458=CARTESIAN_POINT('',(-8.17157287525407,40.0000000000003,2.82842712474616));
#2459=CARTESIAN_POINT('',(-10.825328129422,34.3649435559323,0.618761331856989));
#2460=CARTESIAN_POINT('',(-10.8877417067844,34.3109781981883,0.844401215072942));
#2461=CARTESIAN_POINT('',(-8.17157287525407,40.0000000000003,2.82842712474616));
#2462=CARTESIAN_POINT('',(-13.6403765408695,32.9999999999999,-0.358443452479348));
#2463=CARTESIAN_POINT('',(-9.78514323626836,33.0000000000002,0.707941171891365));
#2464=CARTESIAN_POINT('',(-8.17157287525407,40.0000000000003,2.82842712474616));
#2465=CARTESIAN_POINT('',(-9.78514323626836,33.0000000000002,0.707941171891365));
#2466=CARTESIAN_POINT('',(-10.1318715339863,33.4549811853109,0.67821455854655));
#2467=CARTESIAN_POINT('',(-10.4785998317042,33.9099623706216,0.648487945201767));
#2468=CARTESIAN_POINT('',(-10.825328129422,34.3649435559323,0.618761331856989));
#2469=CARTESIAN_POINT('',(-13.6403765408695,32.9999999999999,-0.358443452479348));
#2470=CARTESIAN_POINT('',(-12.702027070387,33.4549811853107,-0.03270852436723));
#2471=CARTESIAN_POINT('',(-11.7636775999045,33.9099623706214,0.293026403744866));
#2472=CARTESIAN_POINT('',(-10.825328129422,34.3649435559323,0.618761331856989));
#2473=CARTESIAN_POINT('',(-9.78514323626836,33.0000000000002,0.707941171891365));
#2474=CARTESIAN_POINT('',(-13.6403765408695,32.9999999999999,-0.358443452479348));
#2475=CARTESIAN_POINT('',(-10.8877417067844,34.3109781981883,0.844401215072942));
#2476=CARTESIAN_POINT('',(-11.8052866514793,33.8739854654589,0.443452992555539));
#2477=CARTESIAN_POINT('',(-12.7228315961744,33.4369927327294,0.0425047700381054));
#2478=CARTESIAN_POINT('',(-13.6403765408695,32.9999999999999,-0.358443452479348));
#2479=CARTESIAN_POINT('',(-9.78514323626836,33.0000000000002,0.707941171891365));
#2480=CARTESIAN_POINT('',(-10.1526760597736,33.4369927327296,0.753427852951924));
#2481=CARTESIAN_POINT('',(-10.520208883279,33.873985465459,0.798914534012443));
#2482=CARTESIAN_POINT('',(-10.8877417067844,34.3109781981883,0.844401215072942));
#2483=CARTESIAN_POINT('',(-10.825328129422,34.3649435559323,0.618761331856989));
#2484=CARTESIAN_POINT('',(-9.94074304469928,36.243295703955,1.35531659615341));
#2485=CARTESIAN_POINT('',(-9.05615795997664,38.1216478519776,2.09187186044979));
#2486=CARTESIAN_POINT('',(-8.17157287525407,40.0000000000003,2.82842712474616));
#2487=CARTESIAN_POINT('',(-10.8877417067844,34.3109781981883,0.844401215072942));
#2488=CARTESIAN_POINT('',(-9.98235209627436,36.2073187987923,1.50574318496398));
#2489=CARTESIAN_POINT('',(-9.07696248576432,38.1036593993962,2.16708515485503));
#2490=CARTESIAN_POINT('',(-8.17157287525407,40.0000000000003,2.82842712474616));
#2491=CARTESIAN_POINT('',(-11.,40.,7.105427357601E-15));
#2492=CARTESIAN_POINT('',(-17.1204859528549,33.,1.61357036101474));
#2493=CARTESIAN_POINT('',(-13.6403765408697,33.,-0.358443452479396));
#2494=CARTESIAN_POINT('',(-19.7608624937246,26.,1.25512690853533));
#2495=CARTESIAN_POINT('',(-11.,40.,7.105427357601E-15));
#2496=CARTESIAN_POINT('',(-13.6403765408697,33.,-0.358443452479396));
#2497=CARTESIAN_POINT('',(-17.1204859528549,33.,1.61357036101474));
#2498=CARTESIAN_POINT('',(-11.,40.,7.105427357601E-15));
#2499=CARTESIAN_POINT('',(-13.6403765408697,33.,-0.358443452479396));
#2500=CARTESIAN_POINT('',(-13.6403765408697,33.,-0.358443452479396));
#2501=CARTESIAN_POINT('',(-17.1204859528549,33.,1.61357036101474));
#2502=CARTESIAN_POINT('',(-17.1204859528549,33.,1.61357036101474));
#2503=CARTESIAN_POINT('',(-11.,40.,7.105427357601E-15));
#2504=CARTESIAN_POINT('',(-11.,40.,7.105427357601E-15));
#2505=CARTESIAN_POINT('',(-17.1204859528549,33.,1.61357036101474));
#2506=CARTESIAN_POINT('',(-15.,40.,7.105427357601E-15));
#2507=CARTESIAN_POINT('',(-17.1204859528549,33.,1.61357036101474));
#2508=CARTESIAN_POINT('',(-13.6403765408697,33.,-0.358443452479396));
#2509=CARTESIAN_POINT('',(-17.1204859528549,33.,1.61357036101474));
#2510=CARTESIAN_POINT('',(-11.,40.,7.105427357601E-15));
#2511=CARTESIAN_POINT('',(-15.,40.,7.105427357601E-15));
#2512=CARTESIAN_POINT('',(-17.1204859528549,33.,1.61357036101474));
#2513=CARTESIAN_POINT('',(-11.,40.,7.105427357601E-15));
#2514=CARTESIAN_POINT('',(-13.1204859528549,33.,1.61357036101473));
#2515=CARTESIAN_POINT('',(-15.,40.,7.105427357601E-15));
#2516=CARTESIAN_POINT('',(-11.,40.,7.105427357601E-15));
#2517=CARTESIAN_POINT('',(-17.1204859528549,33.,1.61357036101474));
#2518=CARTESIAN_POINT('',(-15.,40.,7.105427357601E-15));
#2519=CARTESIAN_POINT('',(-11.,40.,7.105427357601E-15));
#2520=CARTESIAN_POINT('',(-11.,40.,7.105427357601E-15));
#2521=CARTESIAN_POINT('',(-17.1204859528549,33.,1.61357036101474));
#2522=CARTESIAN_POINT('',(-17.1204859528549,33.,1.61357036101474));
#2523=CARTESIAN_POINT('',(-15.,40.,7.105427357601E-15));
#2524=CARTESIAN_POINT('',(-10.9155448788649,40.0518686817472,-0.00727168271553358));
#2525=CARTESIAN_POINT('',(-14.9999999999998,39.9999999999999,7.105427357601E-15));
#2526=CARTESIAN_POINT('',(-17.1204859528549,33.,1.61357036101474));
#2527=CARTESIAN_POINT('',(-11.,39.9246092645376,-0.327060511885396));
#2528=CARTESIAN_POINT('',(-13.1204859528552,32.9246092645377,1.28650984912933));
#2529=CARTESIAN_POINT('',(-17.1585148338192,32.9113567069862,1.63673718048074));
#2530=CARTESIAN_POINT('',(-10.9155448788649,40.049817965471,-0.0161681115790846));
#2531=CARTESIAN_POINT('',(-17.1585148338192,32.9101600251958,1.63154572881847));
#2532=CARTESIAN_POINT('',(-11.,40.0753907354624,0.327060511885382));
#2533=CARTESIAN_POINT('',(-17.1204859528547,32.9999999999999,1.61357036101474));
#2534=CARTESIAN_POINT('',(-14.9999999999998,39.9999999999999,7.105427357601E-15));
#2535=CARTESIAN_POINT('',(-21.1204859528544,32.9246092645375,1.28650984912937));
#2536=CARTESIAN_POINT('',(-15.,40.,7.105427357601E-15));
#2537=CARTESIAN_POINT('',(-11.,40.,-1.06581410364015E-14));
#2538=CARTESIAN_POINT('',(-17.1204859528547,32.9999999999999,1.61357036101474));
#2539=CARTESIAN_POINT('',(-13.9736861366887,38.6350564440678,0.191357021790559));
#2540=CARTESIAN_POINT('',(-13.9736861366886,38.6890218018117,0.425469839758481));
#2541=CARTESIAN_POINT('',(-17.1204859528547,32.9999999999999,1.61357036101474));
#2542=CARTESIAN_POINT('',(-11.,40.,-1.06581410364015E-14));
#2543=CARTESIAN_POINT('',(-15.,40.,7.105427357601E-15));
#2544=CARTESIAN_POINT('',(-17.1204859528547,32.9999999999999,1.61357036101474));
#2545=CARTESIAN_POINT('',(-15.,40.,7.105427357601E-15));
#2546=CARTESIAN_POINT('',(-14.6578953788961,39.5450188146892,0.063785673930191));
#2547=CARTESIAN_POINT('',(-14.3157907577924,39.0900376293785,0.127571347860371));
#2548=CARTESIAN_POINT('',(-13.9736861366887,38.6350564440678,0.191357021790559));
#2549=CARTESIAN_POINT('',(-11.,40.,-1.06581410364015E-14));
#2550=CARTESIAN_POINT('',(-11.9912287122296,39.5450188146893,0.0637856739301768));
#2551=CARTESIAN_POINT('',(-12.9824574244592,39.0900376293786,0.127571347860361));
#2552=CARTESIAN_POINT('',(-13.9736861366887,38.6350564440678,0.191357021790559));
#2553=CARTESIAN_POINT('',(-15.,40.,7.105427357601E-15));
#2554=CARTESIAN_POINT('',(-11.,40.,-1.06581410364015E-14));
#2555=CARTESIAN_POINT('',(-13.9736861366886,38.6890218018117,0.425469839758481));
#2556=CARTESIAN_POINT('',(-12.9824574244591,39.1260145345412,0.283646559838989));
#2557=CARTESIAN_POINT('',(-11.9912287122296,39.5630072672706,0.141823279919493));
#2558=CARTESIAN_POINT('',(-11.,40.,-1.06581410364015E-14));
#2559=CARTESIAN_POINT('',(-15.,40.,7.105427357601E-15));
#2560=CARTESIAN_POINT('',(-14.6578953788963,39.5630072672705,0.14182327991951));
#2561=CARTESIAN_POINT('',(-14.3157907577924,39.1260145345411,0.283646559838999));
#2562=CARTESIAN_POINT('',(-13.9736861366886,38.6890218018117,0.425469839758481));
#2563=CARTESIAN_POINT('',(-13.9736861366887,38.6350564440678,0.191357021790559));
#2564=CARTESIAN_POINT('',(-15.0226194087441,36.7567042960452,0.665428134865291));
#2565=CARTESIAN_POINT('',(-16.0715526807995,34.8783521480226,1.13949924794002));
#2566=CARTESIAN_POINT('',(-17.1204859528547,32.9999999999999,1.61357036101474));
#2567=CARTESIAN_POINT('',(-13.9736861366886,38.6890218018117,0.425469839758481));
#2568=CARTESIAN_POINT('',(-15.0226194087439,36.7926812012079,0.82150334684389));
#2569=CARTESIAN_POINT('',(-16.0715526807992,34.8963406006039,1.2175368539293));
#2570=CARTESIAN_POINT('',(-17.1204859528547,32.9999999999999,1.61357036101474));
#2571=CARTESIAN_POINT('',(-17.1975491830335,32.9481313182528,1.64888046452452));
#2572=CARTESIAN_POINT('',(-13.6403765408697,33.0000000000002,-0.358443452479328));
#2573=CARTESIAN_POINT('',(-11.,40.0000000000002,7.46069872548105E-14));
#2574=CARTESIAN_POINT('',(-17.2817279146764,33.0753907354623,1.32901876958937));
#2575=CARTESIAN_POINT('',(-14.6413513738067,40.0753907354624,1.68746222206878));
#2576=CARTESIAN_POINT('',(-10.9554925113569,40.088643293014,0.00140739697411453));
#2577=CARTESIAN_POINT('',(-17.201935153186,32.9501820345289,1.64114032806924));
#2578=CARTESIAN_POINT('',(-10.9580519149544,40.0898399748044,-0.00310930797381681));
#2579=CARTESIAN_POINT('',(-16.9592439910331,32.9246092645376,1.89812195243989));
#2580=CARTESIAN_POINT('',(-11.0000000000003,40.0000000000003,2.20268248085631E-13));
#2581=CARTESIAN_POINT('',(-13.6403765408697,33.0000000000002,-0.358443452479328));
#2582=CARTESIAN_POINT('',(-7.68113254983682,40.0753907354629,-2.25656540491902));
#2583=CARTESIAN_POINT('',(-13.6403765408695,33.0000000000002,-0.358443452479449));
#2584=CARTESIAN_POINT('',(-17.1204859528548,32.9999999999999,1.61357036101463));
#2585=CARTESIAN_POINT('',(-11.0000000000002,40.0000000000003,1.70530256582424E-13));
#2586=CARTESIAN_POINT('',(-14.4389580021396,34.3649435559323,0.314018669523843));
#2587=CARTESIAN_POINT('',(-14.3235395744026,34.3109781981883,0.517703224843054));
#2588=CARTESIAN_POINT('',(-11.0000000000002,40.0000000000003,1.70530256582424E-13));
#2589=CARTESIAN_POINT('',(-17.1204859528548,32.9999999999999,1.61357036101463));
#2590=CARTESIAN_POINT('',(-13.6403765408695,33.0000000000002,-0.358443452479449));
#2591=CARTESIAN_POINT('',(-11.0000000000002,40.0000000000003,1.70530256582424E-13));
#2592=CARTESIAN_POINT('',(-13.6403765408695,33.0000000000002,-0.358443452479449));
#2593=CARTESIAN_POINT('',(-13.906570361293,33.4549811853109,-0.134289411811633));
#2594=CARTESIAN_POINT('',(-14.1727641817163,33.9099623706216,0.0898646288561018));
#2595=CARTESIAN_POINT('',(-14.4389580021396,34.3649435559323,0.314018669523843));
#2596=CARTESIAN_POINT('',(-17.1204859528548,32.9999999999999,1.61357036101463));
#2597=CARTESIAN_POINT('',(-16.2266433026164,33.4549811853107,1.18038646385102));
#2598=CARTESIAN_POINT('',(-15.332800652378,33.9099623706214,0.747202566687427));
#2599=CARTESIAN_POINT('',(-14.4389580021396,34.3649435559323,0.314018669523843));
#2600=CARTESIAN_POINT('',(-13.6403765408695,33.0000000000002,-0.358443452479449));
#2601=CARTESIAN_POINT('',(-17.1204859528548,32.9999999999999,1.61357036101463));
#2602=CARTESIAN_POINT('',(-14.3235395744026,34.3109781981883,0.517703224843054));
#2603=CARTESIAN_POINT('',(-15.2558550338866,33.8739854654589,0.882992270233547));
#2604=CARTESIAN_POINT('',(-16.1881704933707,33.4369927327294,1.24828131562409));
#2605=CARTESIAN_POINT('',(-17.1204859528548,32.9999999999999,1.61357036101463));
#2606=CARTESIAN_POINT('',(-13.6403765408695,33.0000000000002,-0.358443452479449));
#2607=CARTESIAN_POINT('',(-13.8680975520471,33.4369927327296,-0.0663945600386384));
#2608=CARTESIAN_POINT('',(-14.0958185632248,33.873985465459,0.225654332402211));
#2609=CARTESIAN_POINT('',(-14.3235395744026,34.3109781981883,0.517703224843054));
#2610=CARTESIAN_POINT('',(-14.4389580021396,34.3649435559323,0.314018669523843));
#2611=CARTESIAN_POINT('',(-13.2926386680931,36.243295703955,0.209345779682589));
#2612=CARTESIAN_POINT('',(-12.1463193340466,38.1216478519776,0.104672889841364));
#2613=CARTESIAN_POINT('',(-11.0000000000002,40.0000000000003,1.70530256582424E-13));
#2614=CARTESIAN_POINT('',(-14.3235395744026,34.3109781981883,0.517703224843054));
#2615=CARTESIAN_POINT('',(-13.2156930496019,36.2073187987923,0.345135483228788));
#2616=CARTESIAN_POINT('',(-12.1078465248011,38.1036593993962,0.172567741614522));
#2617=CARTESIAN_POINT('',(-11.0000000000002,40.0000000000003,1.70530256582424E-13));
#2618=CARTESIAN_POINT('',(-15.,40.,3.5527136788005E-15));
#2619=CARTESIAN_POINT('',(-18.1868705772256,33.,5.46880366561588));
#2620=CARTESIAN_POINT('',(-17.1204859528549,33.,1.61357036101473));
#2621=CARTESIAN_POINT('',(-20.3073565300805,26.,7.08237402663061));
#2622=CARTESIAN_POINT('',(-15.,40.,3.5527136788005E-15));
#2623=CARTESIAN_POINT('',(-17.1204859528549,33.,1.61357036101473));
#2624=CARTESIAN_POINT('',(-18.1868705772256,33.,5.46880366561588));
#2625=CARTESIAN_POINT('',(-15.,40.,3.5527136788005E-15));
#2626=CARTESIAN_POINT('',(-17.1204859528549,33.,1.61357036101473));
#2627=CARTESIAN_POINT('',(-17.1204859528549,33.,1.61357036101473));
#2628=CARTESIAN_POINT('',(-18.1868705772256,33.,5.46880366561588));
#2629=CARTESIAN_POINT('',(-18.1868705772256,33.,5.46880366561588));
#2630=CARTESIAN_POINT('',(-15.,40.,3.5527136788005E-15));
#2631=CARTESIAN_POINT('',(-15.,40.,3.5527136788005E-15));
#2632=CARTESIAN_POINT('',(-18.1868705772256,33.,5.46880366561588));
#2633=CARTESIAN_POINT('',(-17.8284271247462,40.,2.8284271247462));
#2634=CARTESIAN_POINT('',(-18.1868705772256,33.,5.46880366561588));
#2635=CARTESIAN_POINT('',(-17.1204859528549,33.,1.61357036101473));
#2636=CARTESIAN_POINT('',(-18.1868705772256,33.,5.46880366561588));
#2637=CARTESIAN_POINT('',(-15.,40.,3.5527136788005E-15));
#2638=CARTESIAN_POINT('',(-17.8284271247462,40.,2.8284271247462));
#2639=CARTESIAN_POINT('',(-18.1868705772256,33.,5.46880366561588));
#2640=CARTESIAN_POINT('',(-15.,40.,3.5527136788005E-15));
#2641=CARTESIAN_POINT('',(-15.3584434524794,33.,2.64037654086968));
#2642=CARTESIAN_POINT('',(-17.8284271247462,40.,2.8284271247462));
#2643=CARTESIAN_POINT('',(-15.,40.,3.5527136788005E-15));
#2644=CARTESIAN_POINT('',(-18.1868705772256,33.,5.46880366561588));
#2645=CARTESIAN_POINT('',(-17.8284271247462,40.,2.8284271247462));
#2646=CARTESIAN_POINT('',(-15.,40.,3.5527136788005E-15));
#2647=CARTESIAN_POINT('',(-15.,40.,3.5527136788005E-15));
#2648=CARTESIAN_POINT('',(-18.1868705772256,33.,5.46880366561588));
#2649=CARTESIAN_POINT('',(-18.1868705772256,33.,5.46880366561588));
#2650=CARTESIAN_POINT('',(-17.8284271247462,40.,2.8284271247462));
#2651=CARTESIAN_POINT('',(-14.9454230672982,40.0518686817472,-0.0648606450193823));
#2652=CARTESIAN_POINT('',(-17.828427124746,39.9999999999999,2.82842712474603));
#2653=CARTESIAN_POINT('',(-18.1868705772256,33.,5.46880366561588));
#2654=CARTESIAN_POINT('',(-15.2312667058125,39.9246092645376,-0.231266705812509));
#2655=CARTESIAN_POINT('',(-15.5897101582921,32.9246092645377,2.40910983505734));
#2656=CARTESIAN_POINT('',(-18.1973796416934,32.9113567069862,5.51207556036958));
#2657=CARTESIAN_POINT('',(-14.951713792476,40.049817965471,-0.0711513701971345));
#2658=CARTESIAN_POINT('',(-18.201050552368,32.9101600251958,5.50840464969498));
#2659=CARTESIAN_POINT('',(-14.7687332941875,40.0753907354624,0.231266705812498));
#2660=CARTESIAN_POINT('',(-18.1868705772254,32.9999999999999,5.46880366561568));
#2661=CARTESIAN_POINT('',(-17.828427124746,39.9999999999999,2.82842712474603));
#2662=CARTESIAN_POINT('',(-21.2465644077839,32.9246092645375,8.06596408454922));
#2663=CARTESIAN_POINT('',(-17.8284271247462,40.,2.8284271247462));
#2664=CARTESIAN_POINT('',(-15.,40.,-7.105427357601E-15));
#2665=CARTESIAN_POINT('',(-18.1868705772255,32.9999999999999,5.46880366561575));
#2666=CARTESIAN_POINT('',(-16.9674037846373,38.6350564440678,2.23802348010879));
#2667=CARTESIAN_POINT('',(-16.8018610234894,38.6890218018117,2.4035662412565));
#2668=CARTESIAN_POINT('',(-18.1868705772255,32.9999999999999,5.46880366561575));
#2669=CARTESIAN_POINT('',(-15.,40.,-7.105427357601E-15));
#2670=CARTESIAN_POINT('',(-17.8284271247462,40.,2.8284271247462));
#2671=CARTESIAN_POINT('',(-18.1868705772255,32.9999999999999,5.46880366561575));
#2672=CARTESIAN_POINT('',(-17.8284271247462,40.,2.8284271247462));
#2673=CARTESIAN_POINT('',(-17.5414193447098,39.5450188146892,2.63162590986699));
#2674=CARTESIAN_POINT('',(-17.2544115646735,39.0900376293785,2.4348246949879));
#2675=CARTESIAN_POINT('',(-16.9674037846373,38.6350564440678,2.23802348010879));
#2676=CARTESIAN_POINT('',(-15.,40.,-7.105427357601E-15));
#2677=CARTESIAN_POINT('',(-15.6558012615458,39.5450188146893,0.746007826702936));
#2678=CARTESIAN_POINT('',(-16.3116025230915,39.0900376293786,1.49201565340585));
#2679=CARTESIAN_POINT('',(-16.9674037846373,38.6350564440678,2.23802348010879));
#2680=CARTESIAN_POINT('',(-17.8284271247462,40.,2.8284271247462));
#2681=CARTESIAN_POINT('',(-15.,40.,-7.105427357601E-15));
#2682=CARTESIAN_POINT('',(-16.8018610234894,38.6890218018117,2.4035662412565));
#2683=CARTESIAN_POINT('',(-16.2012406823263,39.1260145345412,1.60237749417105));
#2684=CARTESIAN_POINT('',(-15.6006203411632,39.5630072672706,0.801188747085536));
#2685=CARTESIAN_POINT('',(-15.,40.,-7.105427357601E-15));
#2686=CARTESIAN_POINT('',(-17.8284271247462,40.,2.8284271247462));
#2687=CARTESIAN_POINT('',(-17.4862384243273,39.5630072672705,2.68680683024969));
#2688=CARTESIAN_POINT('',(-17.1440497239083,39.1260145345411,2.54518653575311));
#2689=CARTESIAN_POINT('',(-16.8018610234894,38.6890218018117,2.4035662412565));
#2690=CARTESIAN_POINT('',(-16.9674037846373,38.6350564440678,2.23802348010879));
#2691=CARTESIAN_POINT('',(-17.3738927155,36.7567042960452,3.31495020861116));
#2692=CARTESIAN_POINT('',(-17.7803816463628,34.8783521480226,4.39187693711348));
#2693=CARTESIAN_POINT('',(-18.1868705772255,32.9999999999999,5.46880366561575));
#2694=CARTESIAN_POINT('',(-16.8018610234894,38.6890218018117,2.4035662412565));
#2695=CARTESIAN_POINT('',(-17.2635308747347,36.7926812012079,3.42531204937618));
#2696=CARTESIAN_POINT('',(-17.72520072598,34.8963406006039,4.44705785749588));
#2697=CARTESIAN_POINT('',(-18.1868705772255,32.9999999999999,5.46880366561575));
#2698=CARTESIAN_POINT('',(-18.2163944962289,32.9481313182528,5.54826361189148));
#2699=CARTESIAN_POINT('',(-17.1204859528549,33.0000000000002,1.61357036101478));
#2700=CARTESIAN_POINT('',(-15.,40.0000000000002,8.88178419700125E-14));
#2701=CARTESIAN_POINT('',(-18.5020942217356,33.0753907354623,5.38161059033734));
#2702=CARTESIAN_POINT('',(-16.3816082688807,40.0753907354624,3.76804022932265));
#2703=CARTESIAN_POINT('',(-14.9675332730227,40.088643293014,-0.0304763670889117));
#2704=CARTESIAN_POINT('',(-18.2249689484405,32.9501820345289,5.54589185815349));
#2705=CARTESIAN_POINT('',(-14.9725368373596,40.0898399748044,-0.0318603881466132));
#2706=CARTESIAN_POINT('',(-17.8716469327154,32.9246092645376,5.55599674089402));
#2707=CARTESIAN_POINT('',(-15.0000000000001,40.0000000000003,3.62376795237651E-13));
#2708=CARTESIAN_POINT('',(-17.1204859528549,33.0000000000002,1.61357036101478));
#2709=CARTESIAN_POINT('',(-14.2488390201395,40.0753907354629,-3.94242637987889));
#2710=CARTESIAN_POINT('',(-17.1204859528548,33.0000000000002,1.61357036101455));
#2711=CARTESIAN_POINT('',(-18.1868705772255,32.9999999999999,5.46880366561568));
#2712=CARTESIAN_POINT('',(-15.,40.0000000000003,2.70006239588838E-13));
#2713=CARTESIAN_POINT('',(-17.2096657928892,34.3649435559323,2.65375525416817));
#2714=CARTESIAN_POINT('',(-16.9840259096732,34.3109781981883,2.71616883153058));
#2715=CARTESIAN_POINT('',(-15.,40.0000000000003,2.70006239588838E-13));
#2716=CARTESIAN_POINT('',(-18.1868705772255,32.9999999999999,5.46880366561568));
#2717=CARTESIAN_POINT('',(-17.1204859528548,33.0000000000002,1.61357036101455));
#2718=CARTESIAN_POINT('',(-15.,40.0000000000003,2.70006239588838E-13));
#2719=CARTESIAN_POINT('',(-17.1204859528548,33.0000000000002,1.61357036101455));
#2720=CARTESIAN_POINT('',(-17.1502125661996,33.4549811853109,1.96029865873253));
#2721=CARTESIAN_POINT('',(-17.1799391795444,33.9099623706216,2.30702695645035));
#2722=CARTESIAN_POINT('',(-17.2096657928892,34.3649435559323,2.65375525416817));
#2723=CARTESIAN_POINT('',(-18.1868705772255,32.9999999999999,5.46880366561568));
#2724=CARTESIAN_POINT('',(-17.8611356491134,33.4549811853107,4.53045419513316));
#2725=CARTESIAN_POINT('',(-17.5354007210013,33.9099623706214,3.59210472465067));
#2726=CARTESIAN_POINT('',(-17.2096657928892,34.3649435559323,2.65375525416817));
#2727=CARTESIAN_POINT('',(-17.1204859528548,33.0000000000002,1.61357036101455));
#2728=CARTESIAN_POINT('',(-18.1868705772255,32.9999999999999,5.46880366561568));
#2729=CARTESIAN_POINT('',(-16.9840259096732,34.3109781981883,2.71616883153058));
#2730=CARTESIAN_POINT('',(-17.3849741321907,33.8739854654589,3.63371377622554));
#2731=CARTESIAN_POINT('',(-17.7859223547081,33.4369927327294,4.5512587209206));
#2732=CARTESIAN_POINT('',(-18.1868705772255,32.9999999999999,5.46880366561568));
#2733=CARTESIAN_POINT('',(-17.1204859528548,33.0000000000002,1.61357036101455));
#2734=CARTESIAN_POINT('',(-17.0749992717943,33.4369927327296,1.98110318451983));
#2735=CARTESIAN_POINT('',(-17.0295125907338,33.873985465459,2.3486360080252));
#2736=CARTESIAN_POINT('',(-16.9840259096732,34.3109781981883,2.71616883153058));
#2737=CARTESIAN_POINT('',(-17.2096657928892,34.3649435559323,2.65375525416817));
#2738=CARTESIAN_POINT('',(-16.4731105285928,36.243295703955,1.76917016944547));
#2739=CARTESIAN_POINT('',(-15.7365552642964,38.1216478519776,0.88458508472284));
#2740=CARTESIAN_POINT('',(-15.,40.0000000000003,2.70006239588838E-13));
#2741=CARTESIAN_POINT('',(-16.9840259096732,34.3109781981883,2.71616883153058));
#2742=CARTESIAN_POINT('',(-16.3226839397822,36.2073187987923,1.81077922102056));
#2743=CARTESIAN_POINT('',(-15.6613419698912,38.1036593993962,0.905389610510515));
#2744=CARTESIAN_POINT('',(-15.,40.0000000000003,2.70006239588838E-13));
#2745=CARTESIAN_POINT('',(-17.8284271247462,40.,2.82842712474619));
#2746=CARTESIAN_POINT('',(-16.2148567637315,33.,8.94891307760113));
#2747=CARTESIAN_POINT('',(-18.1868705772256,33.,5.46880366561587));
#2748=CARTESIAN_POINT('',(-16.5733002162109,26.,11.5892896184708));
#2749=CARTESIAN_POINT('',(-17.8284271247462,40.,2.82842712474619));
#2750=CARTESIAN_POINT('',(-18.1868705772256,33.,5.46880366561587));
#2751=CARTESIAN_POINT('',(-16.2148567637315,33.,8.94891307760113));
#2752=CARTESIAN_POINT('',(-17.8284271247462,40.,2.82842712474619));
#2753=CARTESIAN_POINT('',(-18.1868705772256,33.,5.46880366561587));
#2754=CARTESIAN_POINT('',(-18.1868705772256,33.,5.46880366561587));
#2755=CARTESIAN_POINT('',(-16.2148567637315,33.,8.94891307760113));
#2756=CARTESIAN_POINT('',(-16.2148567637315,33.,8.94891307760113));
#2757=CARTESIAN_POINT('',(-17.8284271247462,40.,2.82842712474619));
#2758=CARTESIAN_POINT('',(-17.8284271247462,40.,2.82842712474619));
#2759=CARTESIAN_POINT('',(-16.2148567637315,33.,8.94891307760113));
#2760=CARTESIAN_POINT('',(-17.8284271247462,40.,6.82842712474619));
#2761=CARTESIAN_POINT('',(-16.2148567637315,33.,8.94891307760113));
#2762=CARTESIAN_POINT('',(-18.1868705772256,33.,5.46880366561587));
#2763=CARTESIAN_POINT('',(-16.2148567637315,33.,8.94891307760113));
#2764=CARTESIAN_POINT('',(-17.8284271247462,40.,2.82842712474619));
#2765=CARTESIAN_POINT('',(-17.8284271247462,40.,6.82842712474619));
#2766=CARTESIAN_POINT('',(-16.2148567637315,33.,8.94891307760113));
#2767=CARTESIAN_POINT('',(-17.8284271247462,40.,2.82842712474619));
#2768=CARTESIAN_POINT('',(-16.2148567637315,33.,4.94891307760112));
#2769=CARTESIAN_POINT('',(-17.8284271247462,40.,6.82842712474619));
#2770=CARTESIAN_POINT('',(-17.8284271247462,40.,2.82842712474619));
#2771=CARTESIAN_POINT('',(-16.2148567637315,33.,8.94891307760113));
#2772=CARTESIAN_POINT('',(-17.8284271247462,40.,6.82842712474619));
#2773=CARTESIAN_POINT('',(-17.8284271247462,40.,2.82842712474619));
#2774=CARTESIAN_POINT('',(-17.8284271247462,40.,2.82842712474619));
#2775=CARTESIAN_POINT('',(-16.2148567637315,33.,8.94891307760113));
#2776=CARTESIAN_POINT('',(-16.2148567637315,33.,8.94891307760113));
#2777=CARTESIAN_POINT('',(-17.8284271247462,40.,6.82842712474619));
#2778=CARTESIAN_POINT('',(-17.8356988074617,40.0518686817472,2.74397200361105));
#2779=CARTESIAN_POINT('',(-17.8284271247462,39.9999999999999,6.82842712474596));
#2780=CARTESIAN_POINT('',(-16.2148567637315,33.,8.94891307760113));
#2781=CARTESIAN_POINT('',(-18.1554876366316,39.9246092645376,2.82842712474619));
#2782=CARTESIAN_POINT('',(-16.5419172756169,32.9246092645377,4.94891307760136));
#2783=CARTESIAN_POINT('',(-16.1916899442655,32.9113567069862,8.98694195856539));
#2784=CARTESIAN_POINT('',(-17.8445952363253,40.049817965471,2.74397200361106));
#2785=CARTESIAN_POINT('',(-16.1968813959277,32.9101600251958,8.98694195856539));
#2786=CARTESIAN_POINT('',(-17.5013666128608,40.0753907354624,2.82842712474619));
#2787=CARTESIAN_POINT('',(-16.2148567637315,32.9999999999999,8.94891307760085));
#2788=CARTESIAN_POINT('',(-17.8284271247462,39.9999999999999,6.82842712474596));
#2789=CARTESIAN_POINT('',(-16.5419172756168,32.9246092645375,12.9489130776006));
#2790=CARTESIAN_POINT('',(-17.8284271247462,40.,6.82842712474619));
#2791=CARTESIAN_POINT('',(-17.8284271247462,40.,2.82842712474619));
#2792=CARTESIAN_POINT('',(-16.2148567637315,32.9999999999999,8.94891307760094));
#2793=CARTESIAN_POINT('',(-17.6370701029556,38.6350564440678,5.80211326143492));
#2794=CARTESIAN_POINT('',(-17.4029572849877,38.6890218018117,5.80211326143478));
#2795=CARTESIAN_POINT('',(-16.2148567637315,32.9999999999999,8.94891307760094));
#2796=CARTESIAN_POINT('',(-17.8284271247462,40.,2.82842712474619));
#2797=CARTESIAN_POINT('',(-17.8284271247462,40.,6.82842712474619));
#2798=CARTESIAN_POINT('',(-16.2148567637315,32.9999999999999,8.94891307760094));
#2799=CARTESIAN_POINT('',(-17.8284271247462,40.,6.82842712474619));
#2800=CARTESIAN_POINT('',(-17.764641450816,39.5450188146892,6.48632250364234));
#2801=CARTESIAN_POINT('',(-17.7008557768858,39.0900376293785,6.14421788253864));
#2802=CARTESIAN_POINT('',(-17.6370701029556,38.6350564440678,5.80211326143492));
#2803=CARTESIAN_POINT('',(-17.8284271247462,40.,2.82842712474619));
#2804=CARTESIAN_POINT('',(-17.764641450816,39.5450188146893,3.81965583697578));
#2805=CARTESIAN_POINT('',(-17.7008557768858,39.0900376293786,4.81088454920535));
#2806=CARTESIAN_POINT('',(-17.6370701029556,38.6350564440678,5.80211326143492));
#2807=CARTESIAN_POINT('',(-17.8284271247462,40.,6.82842712474619));
#2808=CARTESIAN_POINT('',(-17.8284271247462,40.,2.82842712474619));
#2809=CARTESIAN_POINT('',(-17.4029572849877,38.6890218018117,5.80211326143478));
#2810=CARTESIAN_POINT('',(-17.5447805649072,39.1260145345412,4.81088454920533));
#2811=CARTESIAN_POINT('',(-17.6866038448267,39.5630072672706,3.81965583697577));
#2812=CARTESIAN_POINT('',(-17.8284271247462,40.,2.82842712474619));
#2813=CARTESIAN_POINT('',(-17.8284271247462,40.,6.82842712474619));
#2814=CARTESIAN_POINT('',(-17.6866038448267,39.5630072672705,6.48632250364246));
#2815=CARTESIAN_POINT('',(-17.5447805649072,39.1260145345411,6.14421788253864));
#2816=CARTESIAN_POINT('',(-17.4029572849877,38.6890218018117,5.80211326143478));
#2817=CARTESIAN_POINT('',(-17.6370701029556,38.6350564440678,5.80211326143492));
#2818=CARTESIAN_POINT('',(-17.1629989898809,36.7567042960452,6.85104653349033));
#2819=CARTESIAN_POINT('',(-16.6889278768062,34.8783521480226,7.89997980554567));
#2820=CARTESIAN_POINT('',(-16.2148567637315,32.9999999999999,8.94891307760094));
#2821=CARTESIAN_POINT('',(-17.4029572849877,38.6890218018117,5.80211326143478));
#2822=CARTESIAN_POINT('',(-17.0069237779023,36.7926812012079,6.85104653349008));
#2823=CARTESIAN_POINT('',(-16.6108902708169,34.8963406006039,7.8999798055454));
#2824=CARTESIAN_POINT('',(-16.2148567637315,32.9999999999999,8.94891307760094));
#2825=CARTESIAN_POINT('',(-16.1795466602217,32.9481313182528,9.02597630777974));
#2826=CARTESIAN_POINT('',(-18.1868705772255,33.0000000000002,5.46880366561588));
#2827=CARTESIAN_POINT('',(-17.8284271247461,40.0000000000002,2.82842712474624));
#2828=CARTESIAN_POINT('',(-16.4994083551568,33.0753907354623,9.11015503942257));
#2829=CARTESIAN_POINT('',(-16.1409649026774,40.0753907354624,6.46977849855294));
#2830=CARTESIAN_POINT('',(-17.8270197277721,40.088643293014,2.78391963610308));
#2831=CARTESIAN_POINT('',(-16.187286796677,32.9501820345289,9.03036227793215));
#2832=CARTESIAN_POINT('',(-17.83153643272,40.0898399748044,2.7864790397006));
#2833=CARTESIAN_POINT('',(-15.9303051723063,32.9246092645376,8.78767111577934));
#2834=CARTESIAN_POINT('',(-17.828427124746,40.0000000000003,2.82842712474649));
#2835=CARTESIAN_POINT('',(-18.1868705772255,33.0000000000002,5.46880366561588));
#2836=CARTESIAN_POINT('',(-20.0849925296652,40.0753907354629,-0.490440325416982));
#2837=CARTESIAN_POINT('',(-18.1868705772256,33.0000000000002,5.46880366561567));
#2838=CARTESIAN_POINT('',(-16.2148567637316,32.9999999999999,8.94891307760096));
#2839=CARTESIAN_POINT('',(-17.828427124746,40.0000000000003,2.8284271247464));
#2840=CARTESIAN_POINT('',(-17.5144084552224,34.3649435559323,6.26738512688584));
#2841=CARTESIAN_POINT('',(-17.3107238999031,34.3109781981883,6.15196669914877));
#2842=CARTESIAN_POINT('',(-17.828427124746,40.0000000000003,2.8284271247464));
#2843=CARTESIAN_POINT('',(-16.2148567637316,32.9999999999999,8.94891307760096));
#2844=CARTESIAN_POINT('',(-18.1868705772256,33.0000000000002,5.46880366561567));
#2845=CARTESIAN_POINT('',(-17.828427124746,40.0000000000003,2.8284271247464));
#2846=CARTESIAN_POINT('',(-18.1868705772256,33.0000000000002,5.46880366561567));
#2847=CARTESIAN_POINT('',(-17.9627165365578,33.4549811853109,5.73499748603915));
#2848=CARTESIAN_POINT('',(-17.7385624958901,33.9099623706216,6.0011913064625));
#2849=CARTESIAN_POINT('',(-17.5144084552224,34.3649435559323,6.26738512688584));
#2850=CARTESIAN_POINT('',(-16.2148567637316,32.9999999999999,8.94891307760096));
#2851=CARTESIAN_POINT('',(-16.6480406608952,33.4549811853107,8.05507042736257));
#2852=CARTESIAN_POINT('',(-17.0812245580588,33.9099623706214,7.16122777712422));
#2853=CARTESIAN_POINT('',(-17.5144084552224,34.3649435559323,6.26738512688584));
#2854=CARTESIAN_POINT('',(-18.1868705772256,33.0000000000002,5.46880366561567));
#2855=CARTESIAN_POINT('',(-16.2148567637316,32.9999999999999,8.94891307760096));
#2856=CARTESIAN_POINT('',(-17.3107238999031,34.3109781981883,6.15196669914877));
#2857=CARTESIAN_POINT('',(-16.9454348545126,33.8739854654589,7.08428215863277));
#2858=CARTESIAN_POINT('',(-16.5801458091221,33.4369927327294,8.01659761811685));
#2859=CARTESIAN_POINT('',(-16.2148567637316,32.9999999999999,8.94891307760096));
#2860=CARTESIAN_POINT('',(-18.1868705772256,33.0000000000002,5.46880366561567));
#2861=CARTESIAN_POINT('',(-17.8948216847848,33.4369927327296,5.6965246767933));
#2862=CARTESIAN_POINT('',(-17.602772792344,33.873985465459,5.92424568797103));
#2863=CARTESIAN_POINT('',(-17.3107238999031,34.3109781981883,6.15196669914877));
#2864=CARTESIAN_POINT('',(-17.5144084552224,34.3649435559323,6.26738512688584));
#2865=CARTESIAN_POINT('',(-17.6190813450636,36.243295703955,5.1210657928393));
#2866=CARTESIAN_POINT('',(-17.7237542349048,38.1216478519776,3.97474645879282));
#2867=CARTESIAN_POINT('',(-17.828427124746,40.0000000000003,2.8284271247464));
#2868=CARTESIAN_POINT('',(-17.3107238999031,34.3109781981883,6.15196669914877));
#2869=CARTESIAN_POINT('',(-17.4832916415174,36.2073187987923,5.04412017434806));
#2870=CARTESIAN_POINT('',(-17.6558593831317,38.1036593993962,3.93627364954733));
#2871=CARTESIAN_POINT('',(-17.828427124746,40.0000000000003,2.8284271247464));
#2872=CARTESIAN_POINT('',(-17.8284271247462,40.,6.82842712474619));
#2873=CARTESIAN_POINT('',(-12.3596234591303,33.,10.0152977019718));
#2874=CARTESIAN_POINT('',(-16.2148567637315,33.,8.94891307760113));
#2875=CARTESIAN_POINT('',(-10.7460530981156,26.,12.1357836548267));
#2876=CARTESIAN_POINT('',(-17.8284271247462,40.,6.82842712474619));
#2877=CARTESIAN_POINT('',(-16.2148567637315,33.,8.94891307760113));
#2878=CARTESIAN_POINT('',(-12.3596234591303,33.,10.0152977019718));
#2879=CARTESIAN_POINT('',(-17.8284271247462,40.,6.82842712474619));
#2880=CARTESIAN_POINT('',(-16.2148567637315,33.,8.94891307760113));
#2881=CARTESIAN_POINT('',(-16.2148567637315,33.,8.94891307760113));
#2882=CARTESIAN_POINT('',(-12.3596234591303,33.,10.0152977019718));
#2883=CARTESIAN_POINT('',(-12.3596234591303,33.,10.0152977019718));
#2884=CARTESIAN_POINT('',(-17.8284271247462,40.,6.82842712474619));
#2885=CARTESIAN_POINT('',(-17.8284271247462,40.,6.82842712474619));
#2886=CARTESIAN_POINT('',(-12.3596234591303,33.,10.0152977019718));
#2887=CARTESIAN_POINT('',(-15.,40.,9.65685424949238));
#2888=CARTESIAN_POINT('',(-12.3596234591303,33.,10.0152977019718));
#2889=CARTESIAN_POINT('',(-16.2148567637315,33.,8.94891307760113));
#2890=CARTESIAN_POINT('',(-17.8284271247462,40.,6.82842712474619));
#2891=CARTESIAN_POINT('',(-16.2148567637315,33.,8.94891307760113));
#2892=CARTESIAN_POINT('',(-12.3596234591303,33.,10.0152977019718));
#2893=CARTESIAN_POINT('',(-17.8284271247462,40.,6.82842712474619));
#2894=CARTESIAN_POINT('',(-15.,40.,9.65685424949238));
#2895=CARTESIAN_POINT('',(-12.3596234591303,33.,10.0152977019718));
#2896=CARTESIAN_POINT('',(-17.8284271247462,40.,6.82842712474619));
#2897=CARTESIAN_POINT('',(-15.1880505838765,33.,7.18687057722559));
#2898=CARTESIAN_POINT('',(-15.,40.,9.65685424949238));
#2899=CARTESIAN_POINT('',(-17.8284271247462,40.,6.82842712474619));
#2900=CARTESIAN_POINT('',(-12.3596234591303,33.,10.0152977019718));
#2901=CARTESIAN_POINT('',(-15.,40.,9.65685424949238));
#2902=CARTESIAN_POINT('',(-17.8284271247462,40.,6.82842712474619));
#2903=CARTESIAN_POINT('',(-17.8284271247462,40.,6.82842712474619));
#2904=CARTESIAN_POINT('',(-12.3596234591303,33.,10.0152977019718));
#2905=CARTESIAN_POINT('',(-12.3596234591303,33.,10.0152977019718));
#2906=CARTESIAN_POINT('',(-15.,40.,9.65685424949238));
#2907=CARTESIAN_POINT('',(-17.8932877697656,40.0518686817472,6.7738501920444));
#2908=CARTESIAN_POINT('',(-15.0000000000002,39.9999999999999,9.65685424949222));
#2909=CARTESIAN_POINT('',(-12.3596234591303,33.,10.0152977019718));
#2910=CARTESIAN_POINT('',(-18.0596938305587,39.9246092645376,7.0596938305587));
#2911=CARTESIAN_POINT('',(-15.4193172896889,32.9246092645377,7.41813728303827));
#2912=CARTESIAN_POINT('',(-12.3163515643766,32.9113567069862,10.0258067664396));
#2913=CARTESIAN_POINT('',(-17.8995784949433,40.049817965471,6.78014091722217));
#2914=CARTESIAN_POINT('',(-12.3200224750512,32.9101600251958,10.0294776771142));
#2915=CARTESIAN_POINT('',(-17.5971604189337,40.0753907354624,6.5971604189337));
#2916=CARTESIAN_POINT('',(-12.3596234591305,32.9999999999999,10.0152977019716));
#2917=CARTESIAN_POINT('',(-15.0000000000002,39.9999999999999,9.65685424949222));
#2918=CARTESIAN_POINT('',(-9.76246304019698,32.9246092645375,13.0749915325301));
#2919=CARTESIAN_POINT('',(-15.,40.,9.65685424949238));
#2920=CARTESIAN_POINT('',(-17.8284271247462,40.,6.8284271247462));
#2921=CARTESIAN_POINT('',(-12.3596234591304,32.9999999999999,10.0152977019717));
#2922=CARTESIAN_POINT('',(-15.5904036446374,38.6350564440678,8.79583090938346));
#2923=CARTESIAN_POINT('',(-15.4248608834897,38.6890218018117,8.63028814823555));
#2924=CARTESIAN_POINT('',(-12.3596234591304,32.9999999999999,10.0152977019717));
#2925=CARTESIAN_POINT('',(-17.8284271247462,40.,6.8284271247462));
#2926=CARTESIAN_POINT('',(-15.,40.,9.65685424949238));
#2927=CARTESIAN_POINT('',(-12.3596234591304,32.9999999999999,10.0152977019717));
#2928=CARTESIAN_POINT('',(-15.,40.,9.65685424949238));
#2929=CARTESIAN_POINT('',(-15.1968012148792,39.5450188146892,9.36984646945601));
#2930=CARTESIAN_POINT('',(-15.3936024297583,39.0900376293785,9.08283868941974));
#2931=CARTESIAN_POINT('',(-15.5904036446374,38.6350564440678,8.79583090938346));
#2932=CARTESIAN_POINT('',(-17.8284271247462,40.,6.8284271247462));
#2933=CARTESIAN_POINT('',(-17.0824192980433,39.5450188146893,7.48422838629197));
#2934=CARTESIAN_POINT('',(-16.3364114713403,39.0900376293786,8.14002964783771));
#2935=CARTESIAN_POINT('',(-15.5904036446374,38.6350564440678,8.79583090938346));
#2936=CARTESIAN_POINT('',(-15.,40.,9.65685424949238));
#2937=CARTESIAN_POINT('',(-17.8284271247462,40.,6.8284271247462));
#2938=CARTESIAN_POINT('',(-15.4248608834897,38.6890218018117,8.63028814823555));
#2939=CARTESIAN_POINT('',(-16.2260496305751,39.1260145345412,8.02966780707248));
#2940=CARTESIAN_POINT('',(-17.0272383776607,39.5630072672706,7.42904746590935));
#2941=CARTESIAN_POINT('',(-17.8284271247462,40.,6.8284271247462));
#2942=CARTESIAN_POINT('',(-15.,40.,9.65685424949238));
#2943=CARTESIAN_POINT('',(-15.1416202944965,39.5630072672705,9.31466554907348));
#2944=CARTESIAN_POINT('',(-15.2832405889931,39.1260145345411,8.97247684865452));
#2945=CARTESIAN_POINT('',(-15.4248608834897,38.6890218018117,8.63028814823555));
#2946=CARTESIAN_POINT('',(-15.5904036446374,38.6350564440678,8.79583090938346));
#2947=CARTESIAN_POINT('',(-14.513476916135,36.7567042960452,9.20231984024623));
#2948=CARTESIAN_POINT('',(-13.4365501876327,34.8783521480226,9.60880877110896));
#2949=CARTESIAN_POINT('',(-12.3596234591304,32.9999999999999,10.0152977019717));
#2950=CARTESIAN_POINT('',(-15.4248608834897,38.6890218018117,8.63028814823555));
#2951=CARTESIAN_POINT('',(-14.40311507537,36.7926812012079,9.09195799948086));
#2952=CARTESIAN_POINT('',(-13.3813692672503,34.8963406006039,9.55362785072619));
#2953=CARTESIAN_POINT('',(-12.3596234591304,32.9999999999999,10.0152977019717));
#2954=CARTESIAN_POINT('',(-12.2801635128547,32.9481313182528,10.0448216209751));
#2955=CARTESIAN_POINT('',(-16.2148567637314,33.0000000000002,8.94891307760108));
#2956=CARTESIAN_POINT('',(-17.8284271247461,40.0000000000002,6.82842712474618));
#2957=CARTESIAN_POINT('',(-12.4468165344089,33.0753907354623,10.3305213464818));
#2958=CARTESIAN_POINT('',(-14.0603868954235,40.0753907354624,8.21003539362694));
#2959=CARTESIAN_POINT('',(-17.8589034918351,40.088643293014,6.79596039776885));
#2960=CARTESIAN_POINT('',(-12.2825352665927,32.9501820345289,10.0533960731867));
#2961=CARTESIAN_POINT('',(-17.8602875128928,40.0898399748044,6.80096396210575));
#2962=CARTESIAN_POINT('',(-12.2724303838522,32.9246092645376,9.70007405746162));
#2963=CARTESIAN_POINT('',(-17.8284271247458,40.0000000000003,6.82842712474625));
#2964=CARTESIAN_POINT('',(-16.2148567637314,33.0000000000002,8.94891307760108));
#2965=CARTESIAN_POINT('',(-21.7708535046251,40.0753907354629,6.07726614488571));
#2966=CARTESIAN_POINT('',(-16.2148567637316,33.0000000000002,8.94891307760102));
#2967=CARTESIAN_POINT('',(-12.3596234591305,32.9999999999999,10.0152977019717));
#2968=CARTESIAN_POINT('',(-17.8284271247459,40.0000000000003,6.82842712474623));
#2969=CARTESIAN_POINT('',(-15.174671870578,34.3649435559323,9.0380929176354));
#2970=CARTESIAN_POINT('',(-15.1122582932156,34.3109781981883,8.81245303441945));
#2971=CARTESIAN_POINT('',(-17.8284271247459,40.0000000000003,6.82842712474623));
#2972=CARTESIAN_POINT('',(-12.3596234591305,32.9999999999999,10.0152977019717));
#2973=CARTESIAN_POINT('',(-16.2148567637316,33.0000000000002,8.94891307760102));
#2974=CARTESIAN_POINT('',(-17.8284271247459,40.0000000000003,6.82842712474623));
#2975=CARTESIAN_POINT('',(-16.2148567637316,33.0000000000002,8.94891307760102));
#2976=CARTESIAN_POINT('',(-15.8681284660137,33.4549811853109,8.97863969094584));
#2977=CARTESIAN_POINT('',(-15.5214001682958,33.9099623706216,9.00836630429062));
#2978=CARTESIAN_POINT('',(-15.174671870578,34.3649435559323,9.0380929176354));
#2979=CARTESIAN_POINT('',(-12.3596234591305,32.9999999999999,10.0152977019717));
#2980=CARTESIAN_POINT('',(-13.297972929613,33.4549811853107,9.68956277385962));
#2981=CARTESIAN_POINT('',(-14.2363224000955,33.9099623706214,9.36382784574752));
#2982=CARTESIAN_POINT('',(-15.174671870578,34.3649435559323,9.0380929176354));
#2983=CARTESIAN_POINT('',(-16.2148567637316,33.0000000000002,8.94891307760102));
#2984=CARTESIAN_POINT('',(-12.3596234591305,32.9999999999999,10.0152977019717));
#2985=CARTESIAN_POINT('',(-15.1122582932156,34.3109781981883,8.81245303441945));
#2986=CARTESIAN_POINT('',(-14.1947133485207,33.8739854654589,9.21340125693685));
#2987=CARTESIAN_POINT('',(-13.2771684038256,33.4369927327294,9.61434947945428));
#2988=CARTESIAN_POINT('',(-12.3596234591305,32.9999999999999,10.0152977019717));
#2989=CARTESIAN_POINT('',(-16.2148567637316,33.0000000000002,8.94891307760102));
#2990=CARTESIAN_POINT('',(-15.8473239402264,33.4369927327296,8.90342639654046));
#2991=CARTESIAN_POINT('',(-15.479791116721,33.873985465459,8.85793971547995));
#2992=CARTESIAN_POINT('',(-15.1122582932156,34.3109781981883,8.81245303441945));
#2993=CARTESIAN_POINT('',(-15.174671870578,34.3649435559323,9.0380929176354));
#2994=CARTESIAN_POINT('',(-16.0592569553007,36.243295703955,8.30153765333898));
#2995=CARTESIAN_POINT('',(-16.9438420400234,38.1216478519776,7.56498238904259));
#2996=CARTESIAN_POINT('',(-17.8284271247459,40.0000000000003,6.82842712474623));
#2997=CARTESIAN_POINT('',(-15.1122582932156,34.3109781981883,8.81245303441945));
#2998=CARTESIAN_POINT('',(-16.0176479037256,36.2073187987923,8.15111106452841));
#2999=CARTESIAN_POINT('',(-16.9230375142357,38.1036593993962,7.48976909463736));
#3000=CARTESIAN_POINT('',(-17.8284271247459,40.0000000000003,6.82842712474623));
#3001=CARTESIAN_POINT('',(0.,0.,0.));
#3002=CARTESIAN_POINT('',(0.,0.,0.));
#3003=CARTESIAN_POINT('',(0.,0.,0.));
ENDSEC;
END-ISO-10303-21;
