ISO-10303-21;
HEADER;
/* Generated by software containing ST-Developer
 * from STEP Tools, Inc. (www.steptools.com) 
 */
/* OPTION: using custom schema-name function */

FILE_DESCRIPTION(
/* description */ (''),
/* implementation_level */ '2;1');

FILE_NAME(
/* name */ '930',
/* time_stamp */ '2026-09-30T04:06:38+08:00',
/* author */ (''),
/* organization */ (''),
/* preprocessor_version */ 'ST-DEVELOPER v16.5',
/* originating_system */ '',
/* authorisation */ '');

FILE_SCHEMA (('CONFIG_CONTROL_DESIGN'));
ENDSEC;

DATA;
#10=SHAPE_REPRESENTATION_RELATIONSHIP('','',#1481,#45);
#11=SHAPE_REPRESENTATION_RELATIONSHIP('','',#1481,#64);
#12=B_SPLINE_SURFACE_WITH_KNOTS('',1,1,((#1825,#1826),(#1827,#1828)),
 .UNSPECIFIED.,.F.,.F.,.F.,(2,2),(2,2),(0.,4.01405684332278),(0.,7.4899979964083),
 .UNSPECIFIED.);
#13=B_SPLINE_SURFACE_WITH_KNOTS('',1,1,((#1832,#1833),(#1834,#1835)),
 .UNSPECIFIED.,.F.,.F.,.F.,(2,2),(2,2),(0.,4.01405684332278),(0.,9.44333680170658),
 .UNSPECIFIED.);
#14=B_SPLINE_SURFACE_WITH_KNOTS('',1,1,((#1872,#1873),(#1874,#1875)),
 .UNSPECIFIED.,.F.,.F.,.F.,(2,2),(2,2),(0.,4.01405684332278),(0.,7.4899979964083),
 .UNSPECIFIED.);
#15=B_SPLINE_SURFACE_WITH_KNOTS('',1,1,((#1879,#1880),(#1881,#1882)),
 .UNSPECIFIED.,.F.,.F.,.F.,(2,2),(2,2),(0.,4.01405684332278),(0.,9.44333680170658),
 .UNSPECIFIED.);
#16=B_SPLINE_SURFACE_WITH_KNOTS('',1,1,((#1919,#1920),(#1921,#1922)),
 .UNSPECIFIED.,.F.,.F.,.F.,(2,2),(2,2),(0.,4.01405684332278),(0.,7.4899979964083),
 .UNSPECIFIED.);
#17=B_SPLINE_SURFACE_WITH_KNOTS('',1,1,((#1926,#1927),(#1928,#1929)),
 .UNSPECIFIED.,.F.,.F.,.F.,(2,2),(2,2),(0.,4.01405684332278),(0.,9.44333680170658),
 .UNSPECIFIED.);
#18=B_SPLINE_SURFACE_WITH_KNOTS('',1,1,((#1966,#1967),(#1968,#1969)),
 .UNSPECIFIED.,.F.,.F.,.F.,(2,2),(2,2),(0.,4.01405684332278),(0.,7.4899979964083),
 .UNSPECIFIED.);
#19=B_SPLINE_SURFACE_WITH_KNOTS('',1,1,((#1973,#1974),(#1975,#1976)),
 .UNSPECIFIED.,.F.,.F.,.F.,(2,2),(2,2),(0.,4.01405684332278),(0.,9.44333680170658),
 .UNSPECIFIED.);
#20=B_SPLINE_SURFACE_WITH_KNOTS('',1,1,((#2013,#2014),(#2015,#2016)),
 .UNSPECIFIED.,.F.,.F.,.F.,(2,2),(2,2),(0.,4.01405684332278),(0.,7.4899979964083),
 .UNSPECIFIED.);
#21=B_SPLINE_SURFACE_WITH_KNOTS('',1,1,((#2020,#2021),(#2022,#2023)),
 .UNSPECIFIED.,.F.,.F.,.F.,(2,2),(2,2),(0.,4.01405684332278),(0.,9.44333680170658),
 .UNSPECIFIED.);
#22=B_SPLINE_SURFACE_WITH_KNOTS('',1,1,((#2060,#2061),(#2062,#2063)),
 .UNSPECIFIED.,.F.,.F.,.F.,(2,2),(2,2),(0.,4.01405684332278),(0.,7.4899979964083),
 .UNSPECIFIED.);
#23=B_SPLINE_SURFACE_WITH_KNOTS('',1,1,((#2067,#2068),(#2069,#2070)),
 .UNSPECIFIED.,.F.,.F.,.F.,(2,2),(2,2),(0.,4.01405684332278),(0.,9.44333680170658),
 .UNSPECIFIED.);
#24=B_SPLINE_SURFACE_WITH_KNOTS('',1,1,((#2107,#2108),(#2109,#2110)),
 .UNSPECIFIED.,.F.,.F.,.F.,(2,2),(2,2),(0.,4.01405684332278),(0.,7.4899979964083),
 .UNSPECIFIED.);
#25=B_SPLINE_SURFACE_WITH_KNOTS('',1,1,((#2114,#2115),(#2116,#2117)),
 .UNSPECIFIED.,.F.,.F.,.F.,(2,2),(2,2),(0.,4.01405684332278),(0.,9.44333680170658),
 .UNSPECIFIED.);
#26=B_SPLINE_SURFACE_WITH_KNOTS('',1,1,((#2154,#2155),(#2156,#2157)),
 .UNSPECIFIED.,.F.,.F.,.F.,(2,2),(2,2),(0.,4.01405684332278),(0.,7.4899979964083),
 .UNSPECIFIED.);
#27=B_SPLINE_SURFACE_WITH_KNOTS('',1,1,((#2161,#2162),(#2163,#2164)),
 .UNSPECIFIED.,.F.,.F.,.F.,(2,2),(2,2),(0.,4.01405684332278),(0.,9.44333680170658),
 .UNSPECIFIED.);
#28=B_SPLINE_SURFACE_WITH_KNOTS('',1,1,((#2201,#2202),(#2203,#2204)),
 .UNSPECIFIED.,.F.,.F.,.F.,(2,2),(2,2),(0.,4.01405684332278),(0.,7.4899979964083),
 .UNSPECIFIED.);
#29=B_SPLINE_SURFACE_WITH_KNOTS('',1,1,((#2208,#2209),(#2210,#2211)),
 .UNSPECIFIED.,.F.,.F.,.F.,(2,2),(2,2),(0.,4.01405684332278),(0.,9.44333680170658),
 .UNSPECIFIED.);
#30=B_SPLINE_SURFACE_WITH_KNOTS('',1,1,((#2248,#2249),(#2250,#2251)),
 .UNSPECIFIED.,.F.,.F.,.F.,(2,2),(2,2),(0.,4.01405684332278),(0.,7.4899979964083),
 .UNSPECIFIED.);
#31=B_SPLINE_SURFACE_WITH_KNOTS('',1,1,((#2255,#2256),(#2257,#2258)),
 .UNSPECIFIED.,.F.,.F.,.F.,(2,2),(2,2),(0.,4.01405684332278),(0.,9.44333680170658),
 .UNSPECIFIED.);
#32=B_SPLINE_SURFACE_WITH_KNOTS('',1,1,((#2295,#2296),(#2297,#2298)),
 .UNSPECIFIED.,.F.,.F.,.F.,(2,2),(2,2),(0.,4.01405684332278),(0.,7.4899979964083),
 .UNSPECIFIED.);
#33=B_SPLINE_SURFACE_WITH_KNOTS('',1,1,((#2302,#2303),(#2304,#2305)),
 .UNSPECIFIED.,.F.,.F.,.F.,(2,2),(2,2),(0.,4.01405684332278),(0.,9.44333680170658),
 .UNSPECIFIED.);
#34=B_SPLINE_SURFACE_WITH_KNOTS('',1,1,((#2342,#2343),(#2344,#2345)),
 .UNSPECIFIED.,.F.,.F.,.F.,(2,2),(2,2),(0.,4.01405684332278),(0.,7.4899979964083),
 .UNSPECIFIED.);
#35=B_SPLINE_SURFACE_WITH_KNOTS('',1,1,((#2349,#2350),(#2351,#2352)),
 .UNSPECIFIED.,.F.,.F.,.F.,(2,2),(2,2),(0.,4.01405684332278),(0.,9.44333680170658),
 .UNSPECIFIED.);
#36=B_SPLINE_SURFACE_WITH_KNOTS('',1,1,((#2389,#2390),(#2391,#2392)),
 .UNSPECIFIED.,.F.,.F.,.F.,(2,2),(2,2),(0.,4.01405684332278),(0.,7.4899979964083),
 .UNSPECIFIED.);
#37=B_SPLINE_SURFACE_WITH_KNOTS('',1,1,((#2396,#2397),(#2398,#2399)),
 .UNSPECIFIED.,.F.,.F.,.F.,(2,2),(2,2),(0.,4.01405684332278),(0.,9.44333680170658),
 .UNSPECIFIED.);
#38=B_SPLINE_SURFACE_WITH_KNOTS('',1,1,((#2436,#2437),(#2438,#2439)),
 .UNSPECIFIED.,.F.,.F.,.F.,(2,2),(2,2),(0.,4.01405684332278),(0.,7.4899979964083),
 .UNSPECIFIED.);
#39=B_SPLINE_SURFACE_WITH_KNOTS('',1,1,((#2443,#2444),(#2445,#2446)),
 .UNSPECIFIED.,.F.,.F.,.F.,(2,2),(2,2),(0.,4.01405684332278),(0.,9.44333680170658),
 .UNSPECIFIED.);
#40=B_SPLINE_SURFACE_WITH_KNOTS('',1,1,((#2483,#2484),(#2485,#2486)),
 .UNSPECIFIED.,.F.,.F.,.F.,(2,2),(2,2),(0.,4.01405684332278),(0.,7.4899979964083),
 .UNSPECIFIED.);
#41=B_SPLINE_SURFACE_WITH_KNOTS('',1,1,((#2490,#2491),(#2492,#2493)),
 .UNSPECIFIED.,.F.,.F.,.F.,(2,2),(2,2),(0.,4.01405684332278),(0.,9.44333680170658),
 .UNSPECIFIED.);
#42=B_SPLINE_SURFACE_WITH_KNOTS('',1,1,((#2530,#2531),(#2532,#2533)),
 .UNSPECIFIED.,.F.,.F.,.F.,(2,2),(2,2),(0.,4.01405684332278),(0.,7.4899979964083),
 .UNSPECIFIED.);
#43=B_SPLINE_SURFACE_WITH_KNOTS('',1,1,((#2537,#2538),(#2539,#2540)),
 .UNSPECIFIED.,.F.,.F.,.F.,(2,2),(2,2),(0.,4.01405684332278),(0.,9.44333680170658),
 .UNSPECIFIED.);
#44=GEOMETRIC_CURVE_SET('curve_set_0',(#1808,#1809,#1810,#1811,#1812,#1813,
#1814,#1815,#1816,#1817,#1818,#1819,#1820,#1821,#1822,#1823));
#45=GEOMETRICALLY_BOUNDED_WIREFRAME_SHAPE_REPRESENTATION(
'wireframe_rep_0',(#44,#1567),#1480);
#46=MANIFOLD_SOLID_BREP('brep_1',#65);
#47=MANIFOLD_SOLID_BREP('brep_2',#66);
#48=MANIFOLD_SOLID_BREP('brep_3',#67);
#49=MANIFOLD_SOLID_BREP('brep_4',#68);
#50=MANIFOLD_SOLID_BREP('brep_5',#69);
#51=MANIFOLD_SOLID_BREP('brep_6',#70);
#52=MANIFOLD_SOLID_BREP('brep_7',#71);
#53=MANIFOLD_SOLID_BREP('brep_8',#72);
#54=MANIFOLD_SOLID_BREP('brep_9',#73);
#55=MANIFOLD_SOLID_BREP('brep_10',#74);
#56=MANIFOLD_SOLID_BREP('brep_11',#75);
#57=MANIFOLD_SOLID_BREP('brep_12',#76);
#58=MANIFOLD_SOLID_BREP('brep_13',#77);
#59=MANIFOLD_SOLID_BREP('brep_14',#78);
#60=MANIFOLD_SOLID_BREP('brep_15',#79);
#61=MANIFOLD_SOLID_BREP('brep_16',#80);
#62=MANIFOLD_SOLID_BREP('brep_17',#81);
#63=MANIFOLD_SOLID_BREP('brep_18',#82);
#64=ADVANCED_BREP_SHAPE_REPRESENTATION('brep_rep_0',(#46,#47,#48,#49,#50,
#51,#52,#53,#54,#55,#56,#57,#58,#59,#60,#61,#62,#63,#1568),#1480);
#65=CLOSED_SHELL('',(#83,#84,#85,#86,#87,#88,#89,#90,#91,#92));
#66=CLOSED_SHELL('',(#93,#94,#95,#96,#97,#98,#99,#100,#101,#102));
#67=CLOSED_SHELL('',(#103,#104,#105,#106,#107,#108));
#68=CLOSED_SHELL('',(#109,#110,#111,#112,#113,#114));
#69=CLOSED_SHELL('',(#115,#116,#117,#118,#119,#120));
#70=CLOSED_SHELL('',(#121,#122,#123,#124,#125,#126));
#71=CLOSED_SHELL('',(#127,#128,#129,#130,#131,#132));
#72=CLOSED_SHELL('',(#133,#134,#135,#136,#137,#138));
#73=CLOSED_SHELL('',(#139,#140,#141,#142,#143,#144));
#74=CLOSED_SHELL('',(#145,#146,#147,#148,#149,#150));
#75=CLOSED_SHELL('',(#151,#152,#153,#154,#155,#156));
#76=CLOSED_SHELL('',(#157,#158,#159,#160,#161,#162));
#77=CLOSED_SHELL('',(#163,#164,#165,#166,#167,#168));
#78=CLOSED_SHELL('',(#169,#170,#171,#172,#173,#174));
#79=CLOSED_SHELL('',(#175,#176,#177,#178,#179,#180));
#80=CLOSED_SHELL('',(#181,#182,#183,#184,#185,#186));
#81=CLOSED_SHELL('',(#187,#188,#189,#190,#191,#192));
#82=CLOSED_SHELL('',(#193,#194,#195,#196,#197,#198));
#83=ADVANCED_FACE('',(#199),#1311,.T.);
#84=ADVANCED_FACE('',(#200),#1312,.T.);
#85=ADVANCED_FACE('',(#201),#1313,.T.);
#86=ADVANCED_FACE('',(#202),#1314,.T.);
#87=ADVANCED_FACE('',(#203),#1315,.T.);
#88=ADVANCED_FACE('',(#204),#1316,.T.);
#89=ADVANCED_FACE('',(#205),#1317,.T.);
#90=ADVANCED_FACE('',(#206),#1318,.T.);
#91=ADVANCED_FACE('',(#207),#1319,.T.);
#92=ADVANCED_FACE('',(#208),#1320,.T.);
#93=ADVANCED_FACE('',(#209),#1321,.T.);
#94=ADVANCED_FACE('',(#210),#1322,.T.);
#95=ADVANCED_FACE('',(#211),#1323,.T.);
#96=ADVANCED_FACE('',(#212),#1324,.T.);
#97=ADVANCED_FACE('',(#213),#1325,.T.);
#98=ADVANCED_FACE('',(#214),#1326,.T.);
#99=ADVANCED_FACE('',(#215),#1327,.T.);
#100=ADVANCED_FACE('',(#216),#1328,.T.);
#101=ADVANCED_FACE('',(#217),#1329,.T.);
#102=ADVANCED_FACE('',(#218),#1330,.T.);
#103=ADVANCED_FACE('',(#219),#1331,.T.);
#104=ADVANCED_FACE('',(#220),#12,.T.);
#105=ADVANCED_FACE('',(#221),#1332,.T.);
#106=ADVANCED_FACE('',(#222),#1333,.T.);
#107=ADVANCED_FACE('',(#223),#1334,.T.);
#108=ADVANCED_FACE('',(#224),#13,.T.);
#109=ADVANCED_FACE('',(#225),#1335,.T.);
#110=ADVANCED_FACE('',(#226),#14,.T.);
#111=ADVANCED_FACE('',(#227),#1336,.T.);
#112=ADVANCED_FACE('',(#228),#1337,.T.);
#113=ADVANCED_FACE('',(#229),#1338,.T.);
#114=ADVANCED_FACE('',(#230),#15,.T.);
#115=ADVANCED_FACE('',(#231),#1339,.T.);
#116=ADVANCED_FACE('',(#232),#16,.T.);
#117=ADVANCED_FACE('',(#233),#1340,.T.);
#118=ADVANCED_FACE('',(#234),#1341,.T.);
#119=ADVANCED_FACE('',(#235),#1342,.T.);
#120=ADVANCED_FACE('',(#236),#17,.T.);
#121=ADVANCED_FACE('',(#237),#1343,.T.);
#122=ADVANCED_FACE('',(#238),#18,.T.);
#123=ADVANCED_FACE('',(#239),#1344,.T.);
#124=ADVANCED_FACE('',(#240),#1345,.T.);
#125=ADVANCED_FACE('',(#241),#1346,.T.);
#126=ADVANCED_FACE('',(#242),#19,.T.);
#127=ADVANCED_FACE('',(#243),#1347,.T.);
#128=ADVANCED_FACE('',(#244),#20,.T.);
#129=ADVANCED_FACE('',(#245),#1348,.T.);
#130=ADVANCED_FACE('',(#246),#1349,.T.);
#131=ADVANCED_FACE('',(#247),#1350,.T.);
#132=ADVANCED_FACE('',(#248),#21,.T.);
#133=ADVANCED_FACE('',(#249),#1351,.T.);
#134=ADVANCED_FACE('',(#250),#22,.T.);
#135=ADVANCED_FACE('',(#251),#1352,.T.);
#136=ADVANCED_FACE('',(#252),#1353,.T.);
#137=ADVANCED_FACE('',(#253),#1354,.T.);
#138=ADVANCED_FACE('',(#254),#23,.T.);
#139=ADVANCED_FACE('',(#255),#1355,.T.);
#140=ADVANCED_FACE('',(#256),#24,.T.);
#141=ADVANCED_FACE('',(#257),#1356,.T.);
#142=ADVANCED_FACE('',(#258),#1357,.T.);
#143=ADVANCED_FACE('',(#259),#1358,.T.);
#144=ADVANCED_FACE('',(#260),#25,.T.);
#145=ADVANCED_FACE('',(#261),#1359,.T.);
#146=ADVANCED_FACE('',(#262),#26,.T.);
#147=ADVANCED_FACE('',(#263),#1360,.T.);
#148=ADVANCED_FACE('',(#264),#1361,.T.);
#149=ADVANCED_FACE('',(#265),#1362,.T.);
#150=ADVANCED_FACE('',(#266),#27,.T.);
#151=ADVANCED_FACE('',(#267),#1363,.T.);
#152=ADVANCED_FACE('',(#268),#28,.T.);
#153=ADVANCED_FACE('',(#269),#1364,.T.);
#154=ADVANCED_FACE('',(#270),#1365,.T.);
#155=ADVANCED_FACE('',(#271),#1366,.T.);
#156=ADVANCED_FACE('',(#272),#29,.T.);
#157=ADVANCED_FACE('',(#273),#1367,.T.);
#158=ADVANCED_FACE('',(#274),#30,.T.);
#159=ADVANCED_FACE('',(#275),#1368,.T.);
#160=ADVANCED_FACE('',(#276),#1369,.T.);
#161=ADVANCED_FACE('',(#277),#1370,.T.);
#162=ADVANCED_FACE('',(#278),#31,.T.);
#163=ADVANCED_FACE('',(#279),#1371,.T.);
#164=ADVANCED_FACE('',(#280),#32,.T.);
#165=ADVANCED_FACE('',(#281),#1372,.T.);
#166=ADVANCED_FACE('',(#282),#1373,.T.);
#167=ADVANCED_FACE('',(#283),#1374,.T.);
#168=ADVANCED_FACE('',(#284),#33,.T.);
#169=ADVANCED_FACE('',(#285),#1375,.T.);
#170=ADVANCED_FACE('',(#286),#34,.T.);
#171=ADVANCED_FACE('',(#287),#1376,.T.);
#172=ADVANCED_FACE('',(#288),#1377,.T.);
#173=ADVANCED_FACE('',(#289),#1378,.T.);
#174=ADVANCED_FACE('',(#290),#35,.T.);
#175=ADVANCED_FACE('',(#291),#1379,.T.);
#176=ADVANCED_FACE('',(#292),#36,.T.);
#177=ADVANCED_FACE('',(#293),#1380,.T.);
#178=ADVANCED_FACE('',(#294),#1381,.T.);
#179=ADVANCED_FACE('',(#295),#1382,.T.);
#180=ADVANCED_FACE('',(#296),#37,.T.);
#181=ADVANCED_FACE('',(#297),#1383,.T.);
#182=ADVANCED_FACE('',(#298),#38,.T.);
#183=ADVANCED_FACE('',(#299),#1384,.T.);
#184=ADVANCED_FACE('',(#300),#1385,.T.);
#185=ADVANCED_FACE('',(#301),#1386,.T.);
#186=ADVANCED_FACE('',(#302),#39,.T.);
#187=ADVANCED_FACE('',(#303),#1387,.T.);
#188=ADVANCED_FACE('',(#304),#40,.T.);
#189=ADVANCED_FACE('',(#305),#1388,.T.);
#190=ADVANCED_FACE('',(#306),#1389,.T.);
#191=ADVANCED_FACE('',(#307),#1390,.T.);
#192=ADVANCED_FACE('',(#308),#41,.T.);
#193=ADVANCED_FACE('',(#309),#1391,.T.);
#194=ADVANCED_FACE('',(#310),#42,.T.);
#195=ADVANCED_FACE('',(#311),#1392,.T.);
#196=ADVANCED_FACE('',(#312),#1393,.T.);
#197=ADVANCED_FACE('',(#313),#1394,.T.);
#198=ADVANCED_FACE('',(#314),#43,.T.);
#199=FACE_OUTER_BOUND('',#315,.T.);
#200=FACE_OUTER_BOUND('',#316,.T.);
#201=FACE_OUTER_BOUND('',#317,.T.);
#202=FACE_OUTER_BOUND('',#318,.T.);
#203=FACE_OUTER_BOUND('',#319,.T.);
#204=FACE_OUTER_BOUND('',#320,.T.);
#205=FACE_OUTER_BOUND('',#321,.T.);
#206=FACE_OUTER_BOUND('',#322,.T.);
#207=FACE_OUTER_BOUND('',#323,.T.);
#208=FACE_OUTER_BOUND('',#324,.T.);
#209=FACE_OUTER_BOUND('',#325,.T.);
#210=FACE_OUTER_BOUND('',#326,.T.);
#211=FACE_OUTER_BOUND('',#327,.T.);
#212=FACE_OUTER_BOUND('',#328,.T.);
#213=FACE_OUTER_BOUND('',#329,.T.);
#214=FACE_OUTER_BOUND('',#330,.T.);
#215=FACE_OUTER_BOUND('',#331,.T.);
#216=FACE_OUTER_BOUND('',#332,.T.);
#217=FACE_OUTER_BOUND('',#333,.T.);
#218=FACE_OUTER_BOUND('',#334,.T.);
#219=FACE_OUTER_BOUND('',#335,.T.);
#220=FACE_OUTER_BOUND('',#336,.T.);
#221=FACE_OUTER_BOUND('',#337,.T.);
#222=FACE_OUTER_BOUND('',#338,.T.);
#223=FACE_OUTER_BOUND('',#339,.T.);
#224=FACE_OUTER_BOUND('',#340,.T.);
#225=FACE_OUTER_BOUND('',#341,.T.);
#226=FACE_OUTER_BOUND('',#342,.T.);
#227=FACE_OUTER_BOUND('',#343,.T.);
#228=FACE_OUTER_BOUND('',#344,.T.);
#229=FACE_OUTER_BOUND('',#345,.T.);
#230=FACE_OUTER_BOUND('',#346,.T.);
#231=FACE_OUTER_BOUND('',#347,.T.);
#232=FACE_OUTER_BOUND('',#348,.T.);
#233=FACE_OUTER_BOUND('',#349,.T.);
#234=FACE_OUTER_BOUND('',#350,.T.);
#235=FACE_OUTER_BOUND('',#351,.T.);
#236=FACE_OUTER_BOUND('',#352,.T.);
#237=FACE_OUTER_BOUND('',#353,.T.);
#238=FACE_OUTER_BOUND('',#354,.T.);
#239=FACE_OUTER_BOUND('',#355,.T.);
#240=FACE_OUTER_BOUND('',#356,.T.);
#241=FACE_OUTER_BOUND('',#357,.T.);
#242=FACE_OUTER_BOUND('',#358,.T.);
#243=FACE_OUTER_BOUND('',#359,.T.);
#244=FACE_OUTER_BOUND('',#360,.T.);
#245=FACE_OUTER_BOUND('',#361,.T.);
#246=FACE_OUTER_BOUND('',#362,.T.);
#247=FACE_OUTER_BOUND('',#363,.T.);
#248=FACE_OUTER_BOUND('',#364,.T.);
#249=FACE_OUTER_BOUND('',#365,.T.);
#250=FACE_OUTER_BOUND('',#366,.T.);
#251=FACE_OUTER_BOUND('',#367,.T.);
#252=FACE_OUTER_BOUND('',#368,.T.);
#253=FACE_OUTER_BOUND('',#369,.T.);
#254=FACE_OUTER_BOUND('',#370,.T.);
#255=FACE_OUTER_BOUND('',#371,.T.);
#256=FACE_OUTER_BOUND('',#372,.T.);
#257=FACE_OUTER_BOUND('',#373,.T.);
#258=FACE_OUTER_BOUND('',#374,.T.);
#259=FACE_OUTER_BOUND('',#375,.T.);
#260=FACE_OUTER_BOUND('',#376,.T.);
#261=FACE_OUTER_BOUND('',#377,.T.);
#262=FACE_OUTER_BOUND('',#378,.T.);
#263=FACE_OUTER_BOUND('',#379,.T.);
#264=FACE_OUTER_BOUND('',#380,.T.);
#265=FACE_OUTER_BOUND('',#381,.T.);
#266=FACE_OUTER_BOUND('',#382,.T.);
#267=FACE_OUTER_BOUND('',#383,.T.);
#268=FACE_OUTER_BOUND('',#384,.T.);
#269=FACE_OUTER_BOUND('',#385,.T.);
#270=FACE_OUTER_BOUND('',#386,.T.);
#271=FACE_OUTER_BOUND('',#387,.T.);
#272=FACE_OUTER_BOUND('',#388,.T.);
#273=FACE_OUTER_BOUND('',#389,.T.);
#274=FACE_OUTER_BOUND('',#390,.T.);
#275=FACE_OUTER_BOUND('',#391,.T.);
#276=FACE_OUTER_BOUND('',#392,.T.);
#277=FACE_OUTER_BOUND('',#393,.T.);
#278=FACE_OUTER_BOUND('',#394,.T.);
#279=FACE_OUTER_BOUND('',#395,.T.);
#280=FACE_OUTER_BOUND('',#396,.T.);
#281=FACE_OUTER_BOUND('',#397,.T.);
#282=FACE_OUTER_BOUND('',#398,.T.);
#283=FACE_OUTER_BOUND('',#399,.T.);
#284=FACE_OUTER_BOUND('',#400,.T.);
#285=FACE_OUTER_BOUND('',#401,.T.);
#286=FACE_OUTER_BOUND('',#402,.T.);
#287=FACE_OUTER_BOUND('',#403,.T.);
#288=FACE_OUTER_BOUND('',#404,.T.);
#289=FACE_OUTER_BOUND('',#405,.T.);
#290=FACE_OUTER_BOUND('',#406,.T.);
#291=FACE_OUTER_BOUND('',#407,.T.);
#292=FACE_OUTER_BOUND('',#408,.T.);
#293=FACE_OUTER_BOUND('',#409,.T.);
#294=FACE_OUTER_BOUND('',#410,.T.);
#295=FACE_OUTER_BOUND('',#411,.T.);
#296=FACE_OUTER_BOUND('',#412,.T.);
#297=FACE_OUTER_BOUND('',#413,.T.);
#298=FACE_OUTER_BOUND('',#414,.T.);
#299=FACE_OUTER_BOUND('',#415,.T.);
#300=FACE_OUTER_BOUND('',#416,.T.);
#301=FACE_OUTER_BOUND('',#417,.T.);
#302=FACE_OUTER_BOUND('',#418,.T.);
#303=FACE_OUTER_BOUND('',#419,.T.);
#304=FACE_OUTER_BOUND('',#420,.T.);
#305=FACE_OUTER_BOUND('',#421,.T.);
#306=FACE_OUTER_BOUND('',#422,.T.);
#307=FACE_OUTER_BOUND('',#423,.T.);
#308=FACE_OUTER_BOUND('',#424,.T.);
#309=FACE_OUTER_BOUND('',#425,.T.);
#310=FACE_OUTER_BOUND('',#426,.T.);
#311=FACE_OUTER_BOUND('',#427,.T.);
#312=FACE_OUTER_BOUND('',#428,.T.);
#313=FACE_OUTER_BOUND('',#429,.T.);
#314=FACE_OUTER_BOUND('',#430,.T.);
#315=EDGE_LOOP('',(#431,#432,#433,#434,#435,#436,#437,#438));
#316=EDGE_LOOP('',(#439,#440,#441,#442));
#317=EDGE_LOOP('',(#443,#444,#445,#446));
#318=EDGE_LOOP('',(#447,#448,#449,#450));
#319=EDGE_LOOP('',(#451,#452,#453,#454));
#320=EDGE_LOOP('',(#455,#456,#457,#458));
#321=EDGE_LOOP('',(#459,#460,#461,#462));
#322=EDGE_LOOP('',(#463,#464,#465,#466));
#323=EDGE_LOOP('',(#467,#468,#469,#470));
#324=EDGE_LOOP('',(#471,#472,#473,#474,#475,#476,#477,#478));
#325=EDGE_LOOP('',(#479,#480,#481,#482,#483,#484,#485,#486));
#326=EDGE_LOOP('',(#487,#488,#489,#490));
#327=EDGE_LOOP('',(#491,#492,#493,#494));
#328=EDGE_LOOP('',(#495,#496,#497,#498));
#329=EDGE_LOOP('',(#499,#500,#501,#502));
#330=EDGE_LOOP('',(#503,#504,#505,#506));
#331=EDGE_LOOP('',(#507,#508,#509,#510));
#332=EDGE_LOOP('',(#511,#512,#513,#514));
#333=EDGE_LOOP('',(#515,#516,#517,#518));
#334=EDGE_LOOP('',(#519,#520,#521,#522,#523,#524,#525,#526));
#335=EDGE_LOOP('',(#527,#528,#529));
#336=EDGE_LOOP('',(#530,#531,#532));
#337=EDGE_LOOP('',(#533,#534,#535));
#338=EDGE_LOOP('',(#536,#537,#538));
#339=EDGE_LOOP('',(#539,#540,#541));
#340=EDGE_LOOP('',(#542,#543,#544));
#341=EDGE_LOOP('',(#545,#546,#547));
#342=EDGE_LOOP('',(#548,#549,#550));
#343=EDGE_LOOP('',(#551,#552,#553));
#344=EDGE_LOOP('',(#554,#555,#556));
#345=EDGE_LOOP('',(#557,#558,#559));
#346=EDGE_LOOP('',(#560,#561,#562));
#347=EDGE_LOOP('',(#563,#564,#565));
#348=EDGE_LOOP('',(#566,#567,#568));
#349=EDGE_LOOP('',(#569,#570,#571));
#350=EDGE_LOOP('',(#572,#573,#574));
#351=EDGE_LOOP('',(#575,#576,#577));
#352=EDGE_LOOP('',(#578,#579,#580));
#353=EDGE_LOOP('',(#581,#582,#583));
#354=EDGE_LOOP('',(#584,#585,#586));
#355=EDGE_LOOP('',(#587,#588,#589));
#356=EDGE_LOOP('',(#590,#591,#592));
#357=EDGE_LOOP('',(#593,#594,#595));
#358=EDGE_LOOP('',(#596,#597,#598));
#359=EDGE_LOOP('',(#599,#600,#601));
#360=EDGE_LOOP('',(#602,#603,#604));
#361=EDGE_LOOP('',(#605,#606,#607));
#362=EDGE_LOOP('',(#608,#609,#610));
#363=EDGE_LOOP('',(#611,#612,#613));
#364=EDGE_LOOP('',(#614,#615,#616));
#365=EDGE_LOOP('',(#617,#618,#619));
#366=EDGE_LOOP('',(#620,#621,#622));
#367=EDGE_LOOP('',(#623,#624,#625));
#368=EDGE_LOOP('',(#626,#627,#628));
#369=EDGE_LOOP('',(#629,#630,#631));
#370=EDGE_LOOP('',(#632,#633,#634));
#371=EDGE_LOOP('',(#635,#636,#637));
#372=EDGE_LOOP('',(#638,#639,#640));
#373=EDGE_LOOP('',(#641,#642,#643));
#374=EDGE_LOOP('',(#644,#645,#646));
#375=EDGE_LOOP('',(#647,#648,#649));
#376=EDGE_LOOP('',(#650,#651,#652));
#377=EDGE_LOOP('',(#653,#654,#655));
#378=EDGE_LOOP('',(#656,#657,#658));
#379=EDGE_LOOP('',(#659,#660,#661));
#380=EDGE_LOOP('',(#662,#663,#664));
#381=EDGE_LOOP('',(#665,#666,#667));
#382=EDGE_LOOP('',(#668,#669,#670));
#383=EDGE_LOOP('',(#671,#672,#673));
#384=EDGE_LOOP('',(#674,#675,#676));
#385=EDGE_LOOP('',(#677,#678,#679));
#386=EDGE_LOOP('',(#680,#681,#682));
#387=EDGE_LOOP('',(#683,#684,#685));
#388=EDGE_LOOP('',(#686,#687,#688));
#389=EDGE_LOOP('',(#689,#690,#691));
#390=EDGE_LOOP('',(#692,#693,#694));
#391=EDGE_LOOP('',(#695,#696,#697));
#392=EDGE_LOOP('',(#698,#699,#700));
#393=EDGE_LOOP('',(#701,#702,#703));
#394=EDGE_LOOP('',(#704,#705,#706));
#395=EDGE_LOOP('',(#707,#708,#709));
#396=EDGE_LOOP('',(#710,#711,#712));
#397=EDGE_LOOP('',(#713,#714,#715));
#398=EDGE_LOOP('',(#716,#717,#718));
#399=EDGE_LOOP('',(#719,#720,#721));
#400=EDGE_LOOP('',(#722,#723,#724));
#401=EDGE_LOOP('',(#725,#726,#727));
#402=EDGE_LOOP('',(#728,#729,#730));
#403=EDGE_LOOP('',(#731,#732,#733));
#404=EDGE_LOOP('',(#734,#735,#736));
#405=EDGE_LOOP('',(#737,#738,#739));
#406=EDGE_LOOP('',(#740,#741,#742));
#407=EDGE_LOOP('',(#743,#744,#745));
#408=EDGE_LOOP('',(#746,#747,#748));
#409=EDGE_LOOP('',(#749,#750,#751));
#410=EDGE_LOOP('',(#752,#753,#754));
#411=EDGE_LOOP('',(#755,#756,#757));
#412=EDGE_LOOP('',(#758,#759,#760));
#413=EDGE_LOOP('',(#761,#762,#763));
#414=EDGE_LOOP('',(#764,#765,#766));
#415=EDGE_LOOP('',(#767,#768,#769));
#416=EDGE_LOOP('',(#770,#771,#772));
#417=EDGE_LOOP('',(#773,#774,#775));
#418=EDGE_LOOP('',(#776,#777,#778));
#419=EDGE_LOOP('',(#779,#780,#781));
#420=EDGE_LOOP('',(#782,#783,#784));
#421=EDGE_LOOP('',(#785,#786,#787));
#422=EDGE_LOOP('',(#788,#789,#790));
#423=EDGE_LOOP('',(#791,#792,#793));
#424=EDGE_LOOP('',(#794,#795,#796));
#425=EDGE_LOOP('',(#797,#798,#799));
#426=EDGE_LOOP('',(#800,#801,#802));
#427=EDGE_LOOP('',(#803,#804,#805));
#428=EDGE_LOOP('',(#806,#807,#808));
#429=EDGE_LOOP('',(#809,#810,#811));
#430=EDGE_LOOP('',(#812,#813,#814));
#431=ORIENTED_EDGE('',*,*,#815,.T.);
#432=ORIENTED_EDGE('',*,*,#816,.T.);
#433=ORIENTED_EDGE('',*,*,#817,.T.);
#434=ORIENTED_EDGE('',*,*,#818,.T.);
#435=ORIENTED_EDGE('',*,*,#819,.T.);
#436=ORIENTED_EDGE('',*,*,#820,.T.);
#437=ORIENTED_EDGE('',*,*,#821,.T.);
#438=ORIENTED_EDGE('',*,*,#822,.T.);
#439=ORIENTED_EDGE('',*,*,#815,.F.);
#440=ORIENTED_EDGE('',*,*,#823,.T.);
#441=ORIENTED_EDGE('',*,*,#824,.T.);
#442=ORIENTED_EDGE('',*,*,#825,.T.);
#443=ORIENTED_EDGE('',*,*,#816,.F.);
#444=ORIENTED_EDGE('',*,*,#825,.F.);
#445=ORIENTED_EDGE('',*,*,#826,.T.);
#446=ORIENTED_EDGE('',*,*,#827,.T.);
#447=ORIENTED_EDGE('',*,*,#817,.F.);
#448=ORIENTED_EDGE('',*,*,#827,.F.);
#449=ORIENTED_EDGE('',*,*,#828,.T.);
#450=ORIENTED_EDGE('',*,*,#829,.T.);
#451=ORIENTED_EDGE('',*,*,#818,.F.);
#452=ORIENTED_EDGE('',*,*,#829,.F.);
#453=ORIENTED_EDGE('',*,*,#830,.T.);
#454=ORIENTED_EDGE('',*,*,#831,.T.);
#455=ORIENTED_EDGE('',*,*,#819,.F.);
#456=ORIENTED_EDGE('',*,*,#831,.F.);
#457=ORIENTED_EDGE('',*,*,#832,.T.);
#458=ORIENTED_EDGE('',*,*,#833,.T.);
#459=ORIENTED_EDGE('',*,*,#820,.F.);
#460=ORIENTED_EDGE('',*,*,#833,.F.);
#461=ORIENTED_EDGE('',*,*,#834,.T.);
#462=ORIENTED_EDGE('',*,*,#835,.T.);
#463=ORIENTED_EDGE('',*,*,#821,.F.);
#464=ORIENTED_EDGE('',*,*,#835,.F.);
#465=ORIENTED_EDGE('',*,*,#836,.T.);
#466=ORIENTED_EDGE('',*,*,#837,.T.);
#467=ORIENTED_EDGE('',*,*,#822,.F.);
#468=ORIENTED_EDGE('',*,*,#837,.F.);
#469=ORIENTED_EDGE('',*,*,#838,.T.);
#470=ORIENTED_EDGE('',*,*,#823,.F.);
#471=ORIENTED_EDGE('',*,*,#838,.F.);
#472=ORIENTED_EDGE('',*,*,#836,.F.);
#473=ORIENTED_EDGE('',*,*,#834,.F.);
#474=ORIENTED_EDGE('',*,*,#832,.F.);
#475=ORIENTED_EDGE('',*,*,#830,.F.);
#476=ORIENTED_EDGE('',*,*,#828,.F.);
#477=ORIENTED_EDGE('',*,*,#826,.F.);
#478=ORIENTED_EDGE('',*,*,#824,.F.);
#479=ORIENTED_EDGE('',*,*,#839,.T.);
#480=ORIENTED_EDGE('',*,*,#840,.T.);
#481=ORIENTED_EDGE('',*,*,#841,.T.);
#482=ORIENTED_EDGE('',*,*,#842,.T.);
#483=ORIENTED_EDGE('',*,*,#843,.T.);
#484=ORIENTED_EDGE('',*,*,#844,.T.);
#485=ORIENTED_EDGE('',*,*,#845,.T.);
#486=ORIENTED_EDGE('',*,*,#846,.T.);
#487=ORIENTED_EDGE('',*,*,#839,.F.);
#488=ORIENTED_EDGE('',*,*,#847,.T.);
#489=ORIENTED_EDGE('',*,*,#848,.T.);
#490=ORIENTED_EDGE('',*,*,#849,.T.);
#491=ORIENTED_EDGE('',*,*,#840,.F.);
#492=ORIENTED_EDGE('',*,*,#849,.F.);
#493=ORIENTED_EDGE('',*,*,#850,.T.);
#494=ORIENTED_EDGE('',*,*,#851,.T.);
#495=ORIENTED_EDGE('',*,*,#841,.F.);
#496=ORIENTED_EDGE('',*,*,#851,.F.);
#497=ORIENTED_EDGE('',*,*,#852,.T.);
#498=ORIENTED_EDGE('',*,*,#853,.T.);
#499=ORIENTED_EDGE('',*,*,#842,.F.);
#500=ORIENTED_EDGE('',*,*,#853,.F.);
#501=ORIENTED_EDGE('',*,*,#854,.T.);
#502=ORIENTED_EDGE('',*,*,#855,.T.);
#503=ORIENTED_EDGE('',*,*,#843,.F.);
#504=ORIENTED_EDGE('',*,*,#855,.F.);
#505=ORIENTED_EDGE('',*,*,#856,.T.);
#506=ORIENTED_EDGE('',*,*,#857,.T.);
#507=ORIENTED_EDGE('',*,*,#844,.F.);
#508=ORIENTED_EDGE('',*,*,#857,.F.);
#509=ORIENTED_EDGE('',*,*,#858,.T.);
#510=ORIENTED_EDGE('',*,*,#859,.T.);
#511=ORIENTED_EDGE('',*,*,#845,.F.);
#512=ORIENTED_EDGE('',*,*,#859,.F.);
#513=ORIENTED_EDGE('',*,*,#860,.T.);
#514=ORIENTED_EDGE('',*,*,#861,.T.);
#515=ORIENTED_EDGE('',*,*,#846,.F.);
#516=ORIENTED_EDGE('',*,*,#861,.F.);
#517=ORIENTED_EDGE('',*,*,#862,.T.);
#518=ORIENTED_EDGE('',*,*,#847,.F.);
#519=ORIENTED_EDGE('',*,*,#862,.F.);
#520=ORIENTED_EDGE('',*,*,#860,.F.);
#521=ORIENTED_EDGE('',*,*,#858,.F.);
#522=ORIENTED_EDGE('',*,*,#856,.F.);
#523=ORIENTED_EDGE('',*,*,#854,.F.);
#524=ORIENTED_EDGE('',*,*,#852,.F.);
#525=ORIENTED_EDGE('',*,*,#850,.F.);
#526=ORIENTED_EDGE('',*,*,#848,.F.);
#527=ORIENTED_EDGE('',*,*,#866,.T.);
#528=ORIENTED_EDGE('',*,*,#865,.F.);
#529=ORIENTED_EDGE('',*,*,#867,.T.);
#530=ORIENTED_EDGE('',*,*,#865,.T.);
#531=ORIENTED_EDGE('',*,*,#870,.T.);
#532=ORIENTED_EDGE('',*,*,#864,.F.);
#533=ORIENTED_EDGE('',*,*,#863,.F.);
#534=ORIENTED_EDGE('',*,*,#870,.F.);
#535=ORIENTED_EDGE('',*,*,#866,.F.);
#536=ORIENTED_EDGE('',*,*,#868,.T.);
#537=ORIENTED_EDGE('',*,*,#867,.F.);
#538=ORIENTED_EDGE('',*,*,#869,.T.);
#539=ORIENTED_EDGE('',*,*,#871,.T.);
#540=ORIENTED_EDGE('',*,*,#863,.T.);
#541=ORIENTED_EDGE('',*,*,#868,.F.);
#542=ORIENTED_EDGE('',*,*,#864,.T.);
#543=ORIENTED_EDGE('',*,*,#871,.F.);
#544=ORIENTED_EDGE('',*,*,#869,.F.);
#545=ORIENTED_EDGE('',*,*,#875,.T.);
#546=ORIENTED_EDGE('',*,*,#874,.F.);
#547=ORIENTED_EDGE('',*,*,#876,.T.);
#548=ORIENTED_EDGE('',*,*,#874,.T.);
#549=ORIENTED_EDGE('',*,*,#879,.T.);
#550=ORIENTED_EDGE('',*,*,#873,.F.);
#551=ORIENTED_EDGE('',*,*,#872,.F.);
#552=ORIENTED_EDGE('',*,*,#879,.F.);
#553=ORIENTED_EDGE('',*,*,#875,.F.);
#554=ORIENTED_EDGE('',*,*,#877,.T.);
#555=ORIENTED_EDGE('',*,*,#876,.F.);
#556=ORIENTED_EDGE('',*,*,#878,.T.);
#557=ORIENTED_EDGE('',*,*,#880,.T.);
#558=ORIENTED_EDGE('',*,*,#872,.T.);
#559=ORIENTED_EDGE('',*,*,#877,.F.);
#560=ORIENTED_EDGE('',*,*,#873,.T.);
#561=ORIENTED_EDGE('',*,*,#880,.F.);
#562=ORIENTED_EDGE('',*,*,#878,.F.);
#563=ORIENTED_EDGE('',*,*,#884,.T.);
#564=ORIENTED_EDGE('',*,*,#883,.F.);
#565=ORIENTED_EDGE('',*,*,#885,.T.);
#566=ORIENTED_EDGE('',*,*,#883,.T.);
#567=ORIENTED_EDGE('',*,*,#888,.T.);
#568=ORIENTED_EDGE('',*,*,#882,.F.);
#569=ORIENTED_EDGE('',*,*,#881,.F.);
#570=ORIENTED_EDGE('',*,*,#888,.F.);
#571=ORIENTED_EDGE('',*,*,#884,.F.);
#572=ORIENTED_EDGE('',*,*,#886,.T.);
#573=ORIENTED_EDGE('',*,*,#885,.F.);
#574=ORIENTED_EDGE('',*,*,#887,.T.);
#575=ORIENTED_EDGE('',*,*,#889,.T.);
#576=ORIENTED_EDGE('',*,*,#881,.T.);
#577=ORIENTED_EDGE('',*,*,#886,.F.);
#578=ORIENTED_EDGE('',*,*,#882,.T.);
#579=ORIENTED_EDGE('',*,*,#889,.F.);
#580=ORIENTED_EDGE('',*,*,#887,.F.);
#581=ORIENTED_EDGE('',*,*,#893,.T.);
#582=ORIENTED_EDGE('',*,*,#892,.F.);
#583=ORIENTED_EDGE('',*,*,#894,.T.);
#584=ORIENTED_EDGE('',*,*,#892,.T.);
#585=ORIENTED_EDGE('',*,*,#897,.T.);
#586=ORIENTED_EDGE('',*,*,#891,.F.);
#587=ORIENTED_EDGE('',*,*,#890,.F.);
#588=ORIENTED_EDGE('',*,*,#897,.F.);
#589=ORIENTED_EDGE('',*,*,#893,.F.);
#590=ORIENTED_EDGE('',*,*,#895,.T.);
#591=ORIENTED_EDGE('',*,*,#894,.F.);
#592=ORIENTED_EDGE('',*,*,#896,.T.);
#593=ORIENTED_EDGE('',*,*,#898,.T.);
#594=ORIENTED_EDGE('',*,*,#890,.T.);
#595=ORIENTED_EDGE('',*,*,#895,.F.);
#596=ORIENTED_EDGE('',*,*,#891,.T.);
#597=ORIENTED_EDGE('',*,*,#898,.F.);
#598=ORIENTED_EDGE('',*,*,#896,.F.);
#599=ORIENTED_EDGE('',*,*,#902,.T.);
#600=ORIENTED_EDGE('',*,*,#901,.F.);
#601=ORIENTED_EDGE('',*,*,#903,.T.);
#602=ORIENTED_EDGE('',*,*,#901,.T.);
#603=ORIENTED_EDGE('',*,*,#906,.T.);
#604=ORIENTED_EDGE('',*,*,#900,.F.);
#605=ORIENTED_EDGE('',*,*,#899,.F.);
#606=ORIENTED_EDGE('',*,*,#906,.F.);
#607=ORIENTED_EDGE('',*,*,#902,.F.);
#608=ORIENTED_EDGE('',*,*,#904,.T.);
#609=ORIENTED_EDGE('',*,*,#903,.F.);
#610=ORIENTED_EDGE('',*,*,#905,.T.);
#611=ORIENTED_EDGE('',*,*,#907,.T.);
#612=ORIENTED_EDGE('',*,*,#899,.T.);
#613=ORIENTED_EDGE('',*,*,#904,.F.);
#614=ORIENTED_EDGE('',*,*,#900,.T.);
#615=ORIENTED_EDGE('',*,*,#907,.F.);
#616=ORIENTED_EDGE('',*,*,#905,.F.);
#617=ORIENTED_EDGE('',*,*,#911,.T.);
#618=ORIENTED_EDGE('',*,*,#910,.F.);
#619=ORIENTED_EDGE('',*,*,#912,.T.);
#620=ORIENTED_EDGE('',*,*,#910,.T.);
#621=ORIENTED_EDGE('',*,*,#915,.T.);
#622=ORIENTED_EDGE('',*,*,#909,.F.);
#623=ORIENTED_EDGE('',*,*,#908,.F.);
#624=ORIENTED_EDGE('',*,*,#915,.F.);
#625=ORIENTED_EDGE('',*,*,#911,.F.);
#626=ORIENTED_EDGE('',*,*,#913,.T.);
#627=ORIENTED_EDGE('',*,*,#912,.F.);
#628=ORIENTED_EDGE('',*,*,#914,.T.);
#629=ORIENTED_EDGE('',*,*,#916,.T.);
#630=ORIENTED_EDGE('',*,*,#908,.T.);
#631=ORIENTED_EDGE('',*,*,#913,.F.);
#632=ORIENTED_EDGE('',*,*,#909,.T.);
#633=ORIENTED_EDGE('',*,*,#916,.F.);
#634=ORIENTED_EDGE('',*,*,#914,.F.);
#635=ORIENTED_EDGE('',*,*,#920,.T.);
#636=ORIENTED_EDGE('',*,*,#919,.F.);
#637=ORIENTED_EDGE('',*,*,#921,.T.);
#638=ORIENTED_EDGE('',*,*,#919,.T.);
#639=ORIENTED_EDGE('',*,*,#924,.T.);
#640=ORIENTED_EDGE('',*,*,#918,.F.);
#641=ORIENTED_EDGE('',*,*,#917,.F.);
#642=ORIENTED_EDGE('',*,*,#924,.F.);
#643=ORIENTED_EDGE('',*,*,#920,.F.);
#644=ORIENTED_EDGE('',*,*,#922,.T.);
#645=ORIENTED_EDGE('',*,*,#921,.F.);
#646=ORIENTED_EDGE('',*,*,#923,.T.);
#647=ORIENTED_EDGE('',*,*,#925,.T.);
#648=ORIENTED_EDGE('',*,*,#917,.T.);
#649=ORIENTED_EDGE('',*,*,#922,.F.);
#650=ORIENTED_EDGE('',*,*,#918,.T.);
#651=ORIENTED_EDGE('',*,*,#925,.F.);
#652=ORIENTED_EDGE('',*,*,#923,.F.);
#653=ORIENTED_EDGE('',*,*,#929,.T.);
#654=ORIENTED_EDGE('',*,*,#928,.F.);
#655=ORIENTED_EDGE('',*,*,#930,.T.);
#656=ORIENTED_EDGE('',*,*,#928,.T.);
#657=ORIENTED_EDGE('',*,*,#933,.T.);
#658=ORIENTED_EDGE('',*,*,#927,.F.);
#659=ORIENTED_EDGE('',*,*,#926,.F.);
#660=ORIENTED_EDGE('',*,*,#933,.F.);
#661=ORIENTED_EDGE('',*,*,#929,.F.);
#662=ORIENTED_EDGE('',*,*,#931,.T.);
#663=ORIENTED_EDGE('',*,*,#930,.F.);
#664=ORIENTED_EDGE('',*,*,#932,.T.);
#665=ORIENTED_EDGE('',*,*,#934,.T.);
#666=ORIENTED_EDGE('',*,*,#926,.T.);
#667=ORIENTED_EDGE('',*,*,#931,.F.);
#668=ORIENTED_EDGE('',*,*,#927,.T.);
#669=ORIENTED_EDGE('',*,*,#934,.F.);
#670=ORIENTED_EDGE('',*,*,#932,.F.);
#671=ORIENTED_EDGE('',*,*,#938,.T.);
#672=ORIENTED_EDGE('',*,*,#937,.F.);
#673=ORIENTED_EDGE('',*,*,#939,.T.);
#674=ORIENTED_EDGE('',*,*,#937,.T.);
#675=ORIENTED_EDGE('',*,*,#942,.T.);
#676=ORIENTED_EDGE('',*,*,#936,.F.);
#677=ORIENTED_EDGE('',*,*,#935,.F.);
#678=ORIENTED_EDGE('',*,*,#942,.F.);
#679=ORIENTED_EDGE('',*,*,#938,.F.);
#680=ORIENTED_EDGE('',*,*,#940,.T.);
#681=ORIENTED_EDGE('',*,*,#939,.F.);
#682=ORIENTED_EDGE('',*,*,#941,.T.);
#683=ORIENTED_EDGE('',*,*,#943,.T.);
#684=ORIENTED_EDGE('',*,*,#935,.T.);
#685=ORIENTED_EDGE('',*,*,#940,.F.);
#686=ORIENTED_EDGE('',*,*,#936,.T.);
#687=ORIENTED_EDGE('',*,*,#943,.F.);
#688=ORIENTED_EDGE('',*,*,#941,.F.);
#689=ORIENTED_EDGE('',*,*,#947,.T.);
#690=ORIENTED_EDGE('',*,*,#946,.F.);
#691=ORIENTED_EDGE('',*,*,#948,.T.);
#692=ORIENTED_EDGE('',*,*,#946,.T.);
#693=ORIENTED_EDGE('',*,*,#951,.T.);
#694=ORIENTED_EDGE('',*,*,#945,.F.);
#695=ORIENTED_EDGE('',*,*,#944,.F.);
#696=ORIENTED_EDGE('',*,*,#951,.F.);
#697=ORIENTED_EDGE('',*,*,#947,.F.);
#698=ORIENTED_EDGE('',*,*,#949,.T.);
#699=ORIENTED_EDGE('',*,*,#948,.F.);
#700=ORIENTED_EDGE('',*,*,#950,.T.);
#701=ORIENTED_EDGE('',*,*,#952,.T.);
#702=ORIENTED_EDGE('',*,*,#944,.T.);
#703=ORIENTED_EDGE('',*,*,#949,.F.);
#704=ORIENTED_EDGE('',*,*,#945,.T.);
#705=ORIENTED_EDGE('',*,*,#952,.F.);
#706=ORIENTED_EDGE('',*,*,#950,.F.);
#707=ORIENTED_EDGE('',*,*,#956,.T.);
#708=ORIENTED_EDGE('',*,*,#955,.F.);
#709=ORIENTED_EDGE('',*,*,#957,.T.);
#710=ORIENTED_EDGE('',*,*,#955,.T.);
#711=ORIENTED_EDGE('',*,*,#960,.T.);
#712=ORIENTED_EDGE('',*,*,#954,.F.);
#713=ORIENTED_EDGE('',*,*,#953,.F.);
#714=ORIENTED_EDGE('',*,*,#960,.F.);
#715=ORIENTED_EDGE('',*,*,#956,.F.);
#716=ORIENTED_EDGE('',*,*,#958,.T.);
#717=ORIENTED_EDGE('',*,*,#957,.F.);
#718=ORIENTED_EDGE('',*,*,#959,.T.);
#719=ORIENTED_EDGE('',*,*,#961,.T.);
#720=ORIENTED_EDGE('',*,*,#953,.T.);
#721=ORIENTED_EDGE('',*,*,#958,.F.);
#722=ORIENTED_EDGE('',*,*,#954,.T.);
#723=ORIENTED_EDGE('',*,*,#961,.F.);
#724=ORIENTED_EDGE('',*,*,#959,.F.);
#725=ORIENTED_EDGE('',*,*,#965,.T.);
#726=ORIENTED_EDGE('',*,*,#964,.F.);
#727=ORIENTED_EDGE('',*,*,#966,.T.);
#728=ORIENTED_EDGE('',*,*,#964,.T.);
#729=ORIENTED_EDGE('',*,*,#969,.T.);
#730=ORIENTED_EDGE('',*,*,#963,.F.);
#731=ORIENTED_EDGE('',*,*,#962,.F.);
#732=ORIENTED_EDGE('',*,*,#969,.F.);
#733=ORIENTED_EDGE('',*,*,#965,.F.);
#734=ORIENTED_EDGE('',*,*,#967,.T.);
#735=ORIENTED_EDGE('',*,*,#966,.F.);
#736=ORIENTED_EDGE('',*,*,#968,.T.);
#737=ORIENTED_EDGE('',*,*,#970,.T.);
#738=ORIENTED_EDGE('',*,*,#962,.T.);
#739=ORIENTED_EDGE('',*,*,#967,.F.);
#740=ORIENTED_EDGE('',*,*,#963,.T.);
#741=ORIENTED_EDGE('',*,*,#970,.F.);
#742=ORIENTED_EDGE('',*,*,#968,.F.);
#743=ORIENTED_EDGE('',*,*,#974,.T.);
#744=ORIENTED_EDGE('',*,*,#973,.F.);
#745=ORIENTED_EDGE('',*,*,#975,.T.);
#746=ORIENTED_EDGE('',*,*,#973,.T.);
#747=ORIENTED_EDGE('',*,*,#978,.T.);
#748=ORIENTED_EDGE('',*,*,#972,.F.);
#749=ORIENTED_EDGE('',*,*,#971,.F.);
#750=ORIENTED_EDGE('',*,*,#978,.F.);
#751=ORIENTED_EDGE('',*,*,#974,.F.);
#752=ORIENTED_EDGE('',*,*,#976,.T.);
#753=ORIENTED_EDGE('',*,*,#975,.F.);
#754=ORIENTED_EDGE('',*,*,#977,.T.);
#755=ORIENTED_EDGE('',*,*,#979,.T.);
#756=ORIENTED_EDGE('',*,*,#971,.T.);
#757=ORIENTED_EDGE('',*,*,#976,.F.);
#758=ORIENTED_EDGE('',*,*,#972,.T.);
#759=ORIENTED_EDGE('',*,*,#979,.F.);
#760=ORIENTED_EDGE('',*,*,#977,.F.);
#761=ORIENTED_EDGE('',*,*,#983,.T.);
#762=ORIENTED_EDGE('',*,*,#982,.F.);
#763=ORIENTED_EDGE('',*,*,#984,.T.);
#764=ORIENTED_EDGE('',*,*,#982,.T.);
#765=ORIENTED_EDGE('',*,*,#987,.T.);
#766=ORIENTED_EDGE('',*,*,#981,.F.);
#767=ORIENTED_EDGE('',*,*,#980,.F.);
#768=ORIENTED_EDGE('',*,*,#987,.F.);
#769=ORIENTED_EDGE('',*,*,#983,.F.);
#770=ORIENTED_EDGE('',*,*,#985,.T.);
#771=ORIENTED_EDGE('',*,*,#984,.F.);
#772=ORIENTED_EDGE('',*,*,#986,.T.);
#773=ORIENTED_EDGE('',*,*,#988,.T.);
#774=ORIENTED_EDGE('',*,*,#980,.T.);
#775=ORIENTED_EDGE('',*,*,#985,.F.);
#776=ORIENTED_EDGE('',*,*,#981,.T.);
#777=ORIENTED_EDGE('',*,*,#988,.F.);
#778=ORIENTED_EDGE('',*,*,#986,.F.);
#779=ORIENTED_EDGE('',*,*,#992,.T.);
#780=ORIENTED_EDGE('',*,*,#991,.F.);
#781=ORIENTED_EDGE('',*,*,#993,.T.);
#782=ORIENTED_EDGE('',*,*,#991,.T.);
#783=ORIENTED_EDGE('',*,*,#996,.T.);
#784=ORIENTED_EDGE('',*,*,#990,.F.);
#785=ORIENTED_EDGE('',*,*,#989,.F.);
#786=ORIENTED_EDGE('',*,*,#996,.F.);
#787=ORIENTED_EDGE('',*,*,#992,.F.);
#788=ORIENTED_EDGE('',*,*,#994,.T.);
#789=ORIENTED_EDGE('',*,*,#993,.F.);
#790=ORIENTED_EDGE('',*,*,#995,.T.);
#791=ORIENTED_EDGE('',*,*,#997,.T.);
#792=ORIENTED_EDGE('',*,*,#989,.T.);
#793=ORIENTED_EDGE('',*,*,#994,.F.);
#794=ORIENTED_EDGE('',*,*,#990,.T.);
#795=ORIENTED_EDGE('',*,*,#997,.F.);
#796=ORIENTED_EDGE('',*,*,#995,.F.);
#797=ORIENTED_EDGE('',*,*,#1001,.T.);
#798=ORIENTED_EDGE('',*,*,#1000,.F.);
#799=ORIENTED_EDGE('',*,*,#1002,.T.);
#800=ORIENTED_EDGE('',*,*,#1000,.T.);
#801=ORIENTED_EDGE('',*,*,#1005,.T.);
#802=ORIENTED_EDGE('',*,*,#999,.F.);
#803=ORIENTED_EDGE('',*,*,#998,.F.);
#804=ORIENTED_EDGE('',*,*,#1005,.F.);
#805=ORIENTED_EDGE('',*,*,#1001,.F.);
#806=ORIENTED_EDGE('',*,*,#1003,.T.);
#807=ORIENTED_EDGE('',*,*,#1002,.F.);
#808=ORIENTED_EDGE('',*,*,#1004,.T.);
#809=ORIENTED_EDGE('',*,*,#1006,.T.);
#810=ORIENTED_EDGE('',*,*,#998,.T.);
#811=ORIENTED_EDGE('',*,*,#1003,.F.);
#812=ORIENTED_EDGE('',*,*,#999,.T.);
#813=ORIENTED_EDGE('',*,*,#1006,.F.);
#814=ORIENTED_EDGE('',*,*,#1004,.F.);
#815=EDGE_CURVE('',#1199,#1200,#1007,.T.);
#816=EDGE_CURVE('',#1200,#1201,#1008,.T.);
#817=EDGE_CURVE('',#1201,#1202,#1009,.T.);
#818=EDGE_CURVE('',#1202,#1203,#1010,.T.);
#819=EDGE_CURVE('',#1203,#1204,#1011,.T.);
#820=EDGE_CURVE('',#1204,#1205,#1012,.T.);
#821=EDGE_CURVE('',#1205,#1206,#1013,.T.);
#822=EDGE_CURVE('',#1206,#1199,#1014,.T.);
#823=EDGE_CURVE('',#1199,#1207,#1015,.T.);
#824=EDGE_CURVE('',#1207,#1208,#1016,.T.);
#825=EDGE_CURVE('',#1208,#1200,#1017,.T.);
#826=EDGE_CURVE('',#1208,#1209,#1018,.T.);
#827=EDGE_CURVE('',#1209,#1201,#1019,.T.);
#828=EDGE_CURVE('',#1209,#1210,#1020,.T.);
#829=EDGE_CURVE('',#1210,#1202,#1021,.T.);
#830=EDGE_CURVE('',#1210,#1211,#1022,.T.);
#831=EDGE_CURVE('',#1211,#1203,#1023,.T.);
#832=EDGE_CURVE('',#1211,#1212,#1024,.T.);
#833=EDGE_CURVE('',#1212,#1204,#1025,.T.);
#834=EDGE_CURVE('',#1212,#1213,#1026,.T.);
#835=EDGE_CURVE('',#1213,#1205,#1027,.T.);
#836=EDGE_CURVE('',#1213,#1214,#1028,.T.);
#837=EDGE_CURVE('',#1214,#1206,#1029,.T.);
#838=EDGE_CURVE('',#1214,#1207,#1030,.T.);
#839=EDGE_CURVE('',#1215,#1216,#1031,.T.);
#840=EDGE_CURVE('',#1216,#1217,#1032,.T.);
#841=EDGE_CURVE('',#1217,#1218,#1033,.T.);
#842=EDGE_CURVE('',#1218,#1219,#1034,.T.);
#843=EDGE_CURVE('',#1219,#1220,#1035,.T.);
#844=EDGE_CURVE('',#1220,#1221,#1036,.T.);
#845=EDGE_CURVE('',#1221,#1222,#1037,.T.);
#846=EDGE_CURVE('',#1222,#1215,#1038,.T.);
#847=EDGE_CURVE('',#1215,#1223,#1039,.T.);
#848=EDGE_CURVE('',#1223,#1224,#1040,.T.);
#849=EDGE_CURVE('',#1224,#1216,#1041,.T.);
#850=EDGE_CURVE('',#1224,#1225,#1042,.T.);
#851=EDGE_CURVE('',#1225,#1217,#1043,.T.);
#852=EDGE_CURVE('',#1225,#1226,#1044,.T.);
#853=EDGE_CURVE('',#1226,#1218,#1045,.T.);
#854=EDGE_CURVE('',#1226,#1227,#1046,.T.);
#855=EDGE_CURVE('',#1227,#1219,#1047,.T.);
#856=EDGE_CURVE('',#1227,#1228,#1048,.T.);
#857=EDGE_CURVE('',#1228,#1220,#1049,.T.);
#858=EDGE_CURVE('',#1228,#1229,#1050,.T.);
#859=EDGE_CURVE('',#1229,#1221,#1051,.T.);
#860=EDGE_CURVE('',#1229,#1230,#1052,.T.);
#861=EDGE_CURVE('',#1230,#1222,#1053,.T.);
#862=EDGE_CURVE('',#1230,#1223,#1054,.T.);
#863=EDGE_CURVE('',#1233,#1232,#1055,.T.);
#864=EDGE_CURVE('',#1231,#1233,#1056,.T.);
#865=EDGE_CURVE('',#1231,#1234,#1057,.T.);
#866=EDGE_CURVE('',#1232,#1234,#1058,.T.);
#867=EDGE_CURVE('',#1231,#1232,#1059,.T.);
#868=EDGE_CURVE('',#1235,#1232,#1060,.T.);
#869=EDGE_CURVE('',#1231,#1235,#1061,.T.);
#870=EDGE_CURVE('',#1234,#1233,#1062,.T.);
#871=EDGE_CURVE('',#1235,#1233,#1063,.T.);
#872=EDGE_CURVE('',#1238,#1237,#1064,.T.);
#873=EDGE_CURVE('',#1236,#1238,#1065,.T.);
#874=EDGE_CURVE('',#1236,#1239,#1066,.T.);
#875=EDGE_CURVE('',#1237,#1239,#1067,.T.);
#876=EDGE_CURVE('',#1236,#1237,#1068,.T.);
#877=EDGE_CURVE('',#1240,#1237,#1069,.T.);
#878=EDGE_CURVE('',#1236,#1240,#1070,.T.);
#879=EDGE_CURVE('',#1239,#1238,#1071,.T.);
#880=EDGE_CURVE('',#1240,#1238,#1072,.T.);
#881=EDGE_CURVE('',#1243,#1242,#1073,.T.);
#882=EDGE_CURVE('',#1241,#1243,#1074,.T.);
#883=EDGE_CURVE('',#1241,#1244,#1075,.T.);
#884=EDGE_CURVE('',#1242,#1244,#1076,.T.);
#885=EDGE_CURVE('',#1241,#1242,#1077,.T.);
#886=EDGE_CURVE('',#1245,#1242,#1078,.T.);
#887=EDGE_CURVE('',#1241,#1245,#1079,.T.);
#888=EDGE_CURVE('',#1244,#1243,#1080,.T.);
#889=EDGE_CURVE('',#1245,#1243,#1081,.T.);
#890=EDGE_CURVE('',#1248,#1247,#1082,.T.);
#891=EDGE_CURVE('',#1246,#1248,#1083,.T.);
#892=EDGE_CURVE('',#1246,#1249,#1084,.T.);
#893=EDGE_CURVE('',#1247,#1249,#1085,.T.);
#894=EDGE_CURVE('',#1246,#1247,#1086,.T.);
#895=EDGE_CURVE('',#1250,#1247,#1087,.T.);
#896=EDGE_CURVE('',#1246,#1250,#1088,.T.);
#897=EDGE_CURVE('',#1249,#1248,#1089,.T.);
#898=EDGE_CURVE('',#1250,#1248,#1090,.T.);
#899=EDGE_CURVE('',#1253,#1252,#1091,.T.);
#900=EDGE_CURVE('',#1251,#1253,#1092,.T.);
#901=EDGE_CURVE('',#1251,#1254,#1093,.T.);
#902=EDGE_CURVE('',#1252,#1254,#1094,.T.);
#903=EDGE_CURVE('',#1251,#1252,#1095,.T.);
#904=EDGE_CURVE('',#1255,#1252,#1096,.T.);
#905=EDGE_CURVE('',#1251,#1255,#1097,.T.);
#906=EDGE_CURVE('',#1254,#1253,#1098,.T.);
#907=EDGE_CURVE('',#1255,#1253,#1099,.T.);
#908=EDGE_CURVE('',#1258,#1257,#1100,.T.);
#909=EDGE_CURVE('',#1256,#1258,#1101,.T.);
#910=EDGE_CURVE('',#1256,#1259,#1102,.T.);
#911=EDGE_CURVE('',#1257,#1259,#1103,.T.);
#912=EDGE_CURVE('',#1256,#1257,#1104,.T.);
#913=EDGE_CURVE('',#1260,#1257,#1105,.T.);
#914=EDGE_CURVE('',#1256,#1260,#1106,.T.);
#915=EDGE_CURVE('',#1259,#1258,#1107,.T.);
#916=EDGE_CURVE('',#1260,#1258,#1108,.T.);
#917=EDGE_CURVE('',#1263,#1262,#1109,.T.);
#918=EDGE_CURVE('',#1261,#1263,#1110,.T.);
#919=EDGE_CURVE('',#1261,#1264,#1111,.T.);
#920=EDGE_CURVE('',#1262,#1264,#1112,.T.);
#921=EDGE_CURVE('',#1261,#1262,#1113,.T.);
#922=EDGE_CURVE('',#1265,#1262,#1114,.T.);
#923=EDGE_CURVE('',#1261,#1265,#1115,.T.);
#924=EDGE_CURVE('',#1264,#1263,#1116,.T.);
#925=EDGE_CURVE('',#1265,#1263,#1117,.T.);
#926=EDGE_CURVE('',#1268,#1267,#1118,.T.);
#927=EDGE_CURVE('',#1266,#1268,#1119,.T.);
#928=EDGE_CURVE('',#1266,#1269,#1120,.T.);
#929=EDGE_CURVE('',#1267,#1269,#1121,.T.);
#930=EDGE_CURVE('',#1266,#1267,#1122,.T.);
#931=EDGE_CURVE('',#1270,#1267,#1123,.T.);
#932=EDGE_CURVE('',#1266,#1270,#1124,.T.);
#933=EDGE_CURVE('',#1269,#1268,#1125,.T.);
#934=EDGE_CURVE('',#1270,#1268,#1126,.T.);
#935=EDGE_CURVE('',#1273,#1272,#1127,.T.);
#936=EDGE_CURVE('',#1271,#1273,#1128,.T.);
#937=EDGE_CURVE('',#1271,#1274,#1129,.T.);
#938=EDGE_CURVE('',#1272,#1274,#1130,.T.);
#939=EDGE_CURVE('',#1271,#1272,#1131,.T.);
#940=EDGE_CURVE('',#1275,#1272,#1132,.T.);
#941=EDGE_CURVE('',#1271,#1275,#1133,.T.);
#942=EDGE_CURVE('',#1274,#1273,#1134,.T.);
#943=EDGE_CURVE('',#1275,#1273,#1135,.T.);
#944=EDGE_CURVE('',#1278,#1277,#1136,.T.);
#945=EDGE_CURVE('',#1276,#1278,#1137,.T.);
#946=EDGE_CURVE('',#1276,#1279,#1138,.T.);
#947=EDGE_CURVE('',#1277,#1279,#1139,.T.);
#948=EDGE_CURVE('',#1276,#1277,#1140,.T.);
#949=EDGE_CURVE('',#1280,#1277,#1141,.T.);
#950=EDGE_CURVE('',#1276,#1280,#1142,.T.);
#951=EDGE_CURVE('',#1279,#1278,#1143,.T.);
#952=EDGE_CURVE('',#1280,#1278,#1144,.T.);
#953=EDGE_CURVE('',#1283,#1282,#1145,.T.);
#954=EDGE_CURVE('',#1281,#1283,#1146,.T.);
#955=EDGE_CURVE('',#1281,#1284,#1147,.T.);
#956=EDGE_CURVE('',#1282,#1284,#1148,.T.);
#957=EDGE_CURVE('',#1281,#1282,#1149,.T.);
#958=EDGE_CURVE('',#1285,#1282,#1150,.T.);
#959=EDGE_CURVE('',#1281,#1285,#1151,.T.);
#960=EDGE_CURVE('',#1284,#1283,#1152,.T.);
#961=EDGE_CURVE('',#1285,#1283,#1153,.T.);
#962=EDGE_CURVE('',#1288,#1287,#1154,.T.);
#963=EDGE_CURVE('',#1286,#1288,#1155,.T.);
#964=EDGE_CURVE('',#1286,#1289,#1156,.T.);
#965=EDGE_CURVE('',#1287,#1289,#1157,.T.);
#966=EDGE_CURVE('',#1286,#1287,#1158,.T.);
#967=EDGE_CURVE('',#1290,#1287,#1159,.T.);
#968=EDGE_CURVE('',#1286,#1290,#1160,.T.);
#969=EDGE_CURVE('',#1289,#1288,#1161,.T.);
#970=EDGE_CURVE('',#1290,#1288,#1162,.T.);
#971=EDGE_CURVE('',#1293,#1292,#1163,.T.);
#972=EDGE_CURVE('',#1291,#1293,#1164,.T.);
#973=EDGE_CURVE('',#1291,#1294,#1165,.T.);
#974=EDGE_CURVE('',#1292,#1294,#1166,.T.);
#975=EDGE_CURVE('',#1291,#1292,#1167,.T.);
#976=EDGE_CURVE('',#1295,#1292,#1168,.T.);
#977=EDGE_CURVE('',#1291,#1295,#1169,.T.);
#978=EDGE_CURVE('',#1294,#1293,#1170,.T.);
#979=EDGE_CURVE('',#1295,#1293,#1171,.T.);
#980=EDGE_CURVE('',#1298,#1297,#1172,.T.);
#981=EDGE_CURVE('',#1296,#1298,#1173,.T.);
#982=EDGE_CURVE('',#1296,#1299,#1174,.T.);
#983=EDGE_CURVE('',#1297,#1299,#1175,.T.);
#984=EDGE_CURVE('',#1296,#1297,#1176,.T.);
#985=EDGE_CURVE('',#1300,#1297,#1177,.T.);
#986=EDGE_CURVE('',#1296,#1300,#1178,.T.);
#987=EDGE_CURVE('',#1299,#1298,#1179,.T.);
#988=EDGE_CURVE('',#1300,#1298,#1180,.T.);
#989=EDGE_CURVE('',#1303,#1302,#1181,.T.);
#990=EDGE_CURVE('',#1301,#1303,#1182,.T.);
#991=EDGE_CURVE('',#1301,#1304,#1183,.T.);
#992=EDGE_CURVE('',#1302,#1304,#1184,.T.);
#993=EDGE_CURVE('',#1301,#1302,#1185,.T.);
#994=EDGE_CURVE('',#1305,#1302,#1186,.T.);
#995=EDGE_CURVE('',#1301,#1305,#1187,.T.);
#996=EDGE_CURVE('',#1304,#1303,#1188,.T.);
#997=EDGE_CURVE('',#1305,#1303,#1189,.T.);
#998=EDGE_CURVE('',#1308,#1307,#1190,.T.);
#999=EDGE_CURVE('',#1306,#1308,#1191,.T.);
#1000=EDGE_CURVE('',#1306,#1309,#1192,.T.);
#1001=EDGE_CURVE('',#1307,#1309,#1193,.T.);
#1002=EDGE_CURVE('',#1306,#1307,#1194,.T.);
#1003=EDGE_CURVE('',#1310,#1307,#1195,.T.);
#1004=EDGE_CURVE('',#1306,#1310,#1196,.T.);
#1005=EDGE_CURVE('',#1309,#1308,#1197,.T.);
#1006=EDGE_CURVE('',#1310,#1308,#1198,.T.);
#1007=B_SPLINE_CURVE_WITH_KNOTS('',1,(#1686,#1687),.UNSPECIFIED.,.F.,.F.,
(2,2),(0.,4.),.UNSPECIFIED.);
#1008=B_SPLINE_CURVE_WITH_KNOTS('',1,(#1688,#1689),.UNSPECIFIED.,.F.,.F.,
(2,2),(0.,4.00000000000001),.UNSPECIFIED.);
#1009=B_SPLINE_CURVE_WITH_KNOTS('',1,(#1690,#1691),.UNSPECIFIED.,.F.,.F.,
(2,2),(0.,4.),.UNSPECIFIED.);
#1010=B_SPLINE_CURVE_WITH_KNOTS('',1,(#1692,#1693),.UNSPECIFIED.,.F.,.F.,
(2,2),(0.,4.00000000000001),.UNSPECIFIED.);
#1011=B_SPLINE_CURVE_WITH_KNOTS('',1,(#1694,#1695),.UNSPECIFIED.,.F.,.F.,
(2,2),(0.,4.),.UNSPECIFIED.);
#1012=B_SPLINE_CURVE_WITH_KNOTS('',1,(#1696,#1697),.UNSPECIFIED.,.F.,.F.,
(2,2),(0.,4.00000000000001),.UNSPECIFIED.);
#1013=B_SPLINE_CURVE_WITH_KNOTS('',1,(#1698,#1699),.UNSPECIFIED.,.F.,.F.,
(2,2),(0.,4.),.UNSPECIFIED.);
#1014=B_SPLINE_CURVE_WITH_KNOTS('',1,(#1700,#1701),.UNSPECIFIED.,.F.,.F.,
(2,2),(0.,4.),.UNSPECIFIED.);
#1015=B_SPLINE_CURVE_WITH_KNOTS('',1,(#1702,#1703),.UNSPECIFIED.,.F.,.F.,
(2,2),(0.,1.),.UNSPECIFIED.);
#1016=B_SPLINE_CURVE_WITH_KNOTS('',1,(#1704,#1705),.UNSPECIFIED.,.F.,.F.,
(2,2),(0.,4.),.UNSPECIFIED.);
#1017=B_SPLINE_CURVE_WITH_KNOTS('',1,(#1706,#1707),.UNSPECIFIED.,.F.,.F.,
(2,2),(-1.,0.),.UNSPECIFIED.);
#1018=B_SPLINE_CURVE_WITH_KNOTS('',1,(#1708,#1709),.UNSPECIFIED.,.F.,.F.,
(2,2),(0.,4.00000000000001),.UNSPECIFIED.);
#1019=B_SPLINE_CURVE_WITH_KNOTS('',1,(#1710,#1711),.UNSPECIFIED.,.F.,.F.,
(2,2),(-1.,0.),.UNSPECIFIED.);
#1020=B_SPLINE_CURVE_WITH_KNOTS('',1,(#1712,#1713),.UNSPECIFIED.,.F.,.F.,
(2,2),(0.,4.),.UNSPECIFIED.);
#1021=B_SPLINE_CURVE_WITH_KNOTS('',1,(#1714,#1715),.UNSPECIFIED.,.F.,.F.,
(2,2),(-1.,0.),.UNSPECIFIED.);
#1022=B_SPLINE_CURVE_WITH_KNOTS('',1,(#1716,#1717),.UNSPECIFIED.,.F.,.F.,
(2,2),(0.,4.00000000000001),.UNSPECIFIED.);
#1023=B_SPLINE_CURVE_WITH_KNOTS('',1,(#1718,#1719),.UNSPECIFIED.,.F.,.F.,
(2,2),(-1.,0.),.UNSPECIFIED.);
#1024=B_SPLINE_CURVE_WITH_KNOTS('',1,(#1720,#1721),.UNSPECIFIED.,.F.,.F.,
(2,2),(0.,4.),.UNSPECIFIED.);
#1025=B_SPLINE_CURVE_WITH_KNOTS('',1,(#1722,#1723),.UNSPECIFIED.,.F.,.F.,
(2,2),(-1.,0.),.UNSPECIFIED.);
#1026=B_SPLINE_CURVE_WITH_KNOTS('',1,(#1724,#1725),.UNSPECIFIED.,.F.,.F.,
(2,2),(0.,4.00000000000001),.UNSPECIFIED.);
#1027=B_SPLINE_CURVE_WITH_KNOTS('',1,(#1726,#1727),.UNSPECIFIED.,.F.,.F.,
(2,2),(-1.,0.),.UNSPECIFIED.);
#1028=B_SPLINE_CURVE_WITH_KNOTS('',1,(#1728,#1729),.UNSPECIFIED.,.F.,.F.,
(2,2),(0.,4.),.UNSPECIFIED.);
#1029=B_SPLINE_CURVE_WITH_KNOTS('',1,(#1730,#1731),.UNSPECIFIED.,.F.,.F.,
(2,2),(-1.,0.),.UNSPECIFIED.);
#1030=B_SPLINE_CURVE_WITH_KNOTS('',1,(#1732,#1733),.UNSPECIFIED.,.F.,.F.,
(2,2),(0.,4.),.UNSPECIFIED.);
#1031=B_SPLINE_CURVE_WITH_KNOTS('',1,(#1760,#1761),.UNSPECIFIED.,.F.,.F.,
(2,2),(0.,4.00000000000001),.UNSPECIFIED.);
#1032=B_SPLINE_CURVE_WITH_KNOTS('',1,(#1762,#1763),.UNSPECIFIED.,.F.,.F.,
(2,2),(0.,3.99999999999998),.UNSPECIFIED.);
#1033=B_SPLINE_CURVE_WITH_KNOTS('',1,(#1764,#1765),.UNSPECIFIED.,.F.,.F.,
(2,2),(0.,3.99999999999998),.UNSPECIFIED.);
#1034=B_SPLINE_CURVE_WITH_KNOTS('',1,(#1766,#1767),.UNSPECIFIED.,.F.,.F.,
(2,2),(0.,3.99999999999998),.UNSPECIFIED.);
#1035=B_SPLINE_CURVE_WITH_KNOTS('',1,(#1768,#1769),.UNSPECIFIED.,.F.,.F.,
(2,2),(0.,3.99999999999998),.UNSPECIFIED.);
#1036=B_SPLINE_CURVE_WITH_KNOTS('',1,(#1770,#1771),.UNSPECIFIED.,.F.,.F.,
(2,2),(0.,3.99999999999998),.UNSPECIFIED.);
#1037=B_SPLINE_CURVE_WITH_KNOTS('',1,(#1772,#1773),.UNSPECIFIED.,.F.,.F.,
(2,2),(0.,3.99999999999998),.UNSPECIFIED.);
#1038=B_SPLINE_CURVE_WITH_KNOTS('',1,(#1774,#1775),.UNSPECIFIED.,.F.,.F.,
(2,2),(0.,3.99999999999999),.UNSPECIFIED.);
#1039=B_SPLINE_CURVE_WITH_KNOTS('',1,(#1776,#1777),.UNSPECIFIED.,.F.,.F.,
(2,2),(0.,1.),.UNSPECIFIED.);
#1040=B_SPLINE_CURVE_WITH_KNOTS('',1,(#1778,#1779),.UNSPECIFIED.,.F.,.F.,
(2,2),(0.,4.00000000000001),.UNSPECIFIED.);
#1041=B_SPLINE_CURVE_WITH_KNOTS('',1,(#1780,#1781),.UNSPECIFIED.,.F.,.F.,
(2,2),(-1.,0.),.UNSPECIFIED.);
#1042=B_SPLINE_CURVE_WITH_KNOTS('',1,(#1782,#1783),.UNSPECIFIED.,.F.,.F.,
(2,2),(0.,3.99999999999998),.UNSPECIFIED.);
#1043=B_SPLINE_CURVE_WITH_KNOTS('',1,(#1784,#1785),.UNSPECIFIED.,.F.,.F.,
(2,2),(-1.,0.),.UNSPECIFIED.);
#1044=B_SPLINE_CURVE_WITH_KNOTS('',1,(#1786,#1787),.UNSPECIFIED.,.F.,.F.,
(2,2),(0.,3.99999999999998),.UNSPECIFIED.);
#1045=B_SPLINE_CURVE_WITH_KNOTS('',1,(#1788,#1789),.UNSPECIFIED.,.F.,.F.,
(2,2),(-1.,0.),.UNSPECIFIED.);
#1046=B_SPLINE_CURVE_WITH_KNOTS('',1,(#1790,#1791),.UNSPECIFIED.,.F.,.F.,
(2,2),(0.,3.99999999999998),.UNSPECIFIED.);
#1047=B_SPLINE_CURVE_WITH_KNOTS('',1,(#1792,#1793),.UNSPECIFIED.,.F.,.F.,
(2,2),(-1.,0.),.UNSPECIFIED.);
#1048=B_SPLINE_CURVE_WITH_KNOTS('',1,(#1794,#1795),.UNSPECIFIED.,.F.,.F.,
(2,2),(0.,3.99999999999998),.UNSPECIFIED.);
#1049=B_SPLINE_CURVE_WITH_KNOTS('',1,(#1796,#1797),.UNSPECIFIED.,.F.,.F.,
(2,2),(-1.,0.),.UNSPECIFIED.);
#1050=B_SPLINE_CURVE_WITH_KNOTS('',1,(#1798,#1799),.UNSPECIFIED.,.F.,.F.,
(2,2),(0.,3.99999999999998),.UNSPECIFIED.);
#1051=B_SPLINE_CURVE_WITH_KNOTS('',1,(#1800,#1801),.UNSPECIFIED.,.F.,.F.,
(2,2),(-1.,0.),.UNSPECIFIED.);
#1052=B_SPLINE_CURVE_WITH_KNOTS('',1,(#1802,#1803),.UNSPECIFIED.,.F.,.F.,
(2,2),(0.,3.99999999999998),.UNSPECIFIED.);
#1053=B_SPLINE_CURVE_WITH_KNOTS('',1,(#1804,#1805),.UNSPECIFIED.,.F.,.F.,
(2,2),(-1.,0.),.UNSPECIFIED.);
#1054=B_SPLINE_CURVE_WITH_KNOTS('',1,(#1806,#1807),.UNSPECIFIED.,.F.,.F.,
(2,2),(0.,3.99999999999999),.UNSPECIFIED.);
#1055=B_SPLINE_CURVE_WITH_KNOTS('',1,(#1841,#1842),.UNSPECIFIED.,.F.,.F.,
(2,2),(0.,9.43737026978594),.UNSPECIFIED.);
#1056=B_SPLINE_CURVE_WITH_KNOTS('',1,(#1843,#1844),.UNSPECIFIED.,.F.,.F.,
(2,2),(-7.4899979964083,0.),.UNSPECIFIED.);
#1057=B_SPLINE_CURVE_WITH_KNOTS('',3,(#1845,#1846,#1847,#1848),
 .UNSPECIFIED.,.F.,.F.,(4,4),(0.,1.71843200816722),.UNSPECIFIED.);
#1058=B_SPLINE_CURVE_WITH_KNOTS('',3,(#1849,#1850,#1851,#1852),
 .UNSPECIFIED.,.F.,.F.,(4,4),(0.040520781058717,3.31809574743306),
 .UNSPECIFIED.);
#1059=B_SPLINE_CURVE_WITH_KNOTS('',1,(#1853,#1854),.UNSPECIFIED.,.F.,.F.,
(2,2),(2.86894580633133E-13,4.),.UNSPECIFIED.);
#1060=B_SPLINE_CURVE_WITH_KNOTS('',3,(#1855,#1856,#1857,#1858),
 .UNSPECIFIED.,.F.,.F.,(4,4),(0.815023920550186,4.09259888692451),
 .UNSPECIFIED.);
#1061=B_SPLINE_CURVE_WITH_KNOTS('',3,(#1859,#1860,#1861,#1862),
 .UNSPECIFIED.,.F.,.F.,(4,4),(0.,1.71843200816722),.UNSPECIFIED.);
#1062=B_SPLINE_CURVE_WITH_KNOTS('',3,(#1863,#1864,#1865,#1866),
 .UNSPECIFIED.,.F.,.F.,(4,4),(1.56173160733234,8.17073311989992),
 .UNSPECIFIED.);
#1063=B_SPLINE_CURVE_WITH_KNOTS('',3,(#1867,#1868,#1869,#1870),
 .UNSPECIFIED.,.F.,.F.,(4,4),(1.56173160733213,8.17073311989929),
 .UNSPECIFIED.);
#1064=B_SPLINE_CURVE_WITH_KNOTS('',1,(#1888,#1889),.UNSPECIFIED.,.F.,.F.,
(2,2),(0.,9.43737026978594),.UNSPECIFIED.);
#1065=B_SPLINE_CURVE_WITH_KNOTS('',1,(#1890,#1891),.UNSPECIFIED.,.F.,.F.,
(2,2),(-7.4899979964083,0.),.UNSPECIFIED.);
#1066=B_SPLINE_CURVE_WITH_KNOTS('',3,(#1892,#1893,#1894,#1895),
 .UNSPECIFIED.,.F.,.F.,(4,4),(0.,1.71843200816722),.UNSPECIFIED.);
#1067=B_SPLINE_CURVE_WITH_KNOTS('',3,(#1896,#1897,#1898,#1899),
 .UNSPECIFIED.,.F.,.F.,(4,4),(0.040520781058717,3.31809574743306),
 .UNSPECIFIED.);
#1068=B_SPLINE_CURVE_WITH_KNOTS('',1,(#1900,#1901),.UNSPECIFIED.,.F.,.F.,
(2,2),(2.86894580633133E-13,4.),.UNSPECIFIED.);
#1069=B_SPLINE_CURVE_WITH_KNOTS('',3,(#1902,#1903,#1904,#1905),
 .UNSPECIFIED.,.F.,.F.,(4,4),(0.815023920550186,4.09259888692451),
 .UNSPECIFIED.);
#1070=B_SPLINE_CURVE_WITH_KNOTS('',3,(#1906,#1907,#1908,#1909),
 .UNSPECIFIED.,.F.,.F.,(4,4),(0.,1.71843200816722),.UNSPECIFIED.);
#1071=B_SPLINE_CURVE_WITH_KNOTS('',3,(#1910,#1911,#1912,#1913),
 .UNSPECIFIED.,.F.,.F.,(4,4),(1.56173160733234,8.17073311989992),
 .UNSPECIFIED.);
#1072=B_SPLINE_CURVE_WITH_KNOTS('',3,(#1914,#1915,#1916,#1917),
 .UNSPECIFIED.,.F.,.F.,(4,4),(1.56173160733213,8.17073311989929),
 .UNSPECIFIED.);
#1073=B_SPLINE_CURVE_WITH_KNOTS('',1,(#1935,#1936),.UNSPECIFIED.,.F.,.F.,
(2,2),(0.,9.43737026978594),.UNSPECIFIED.);
#1074=B_SPLINE_CURVE_WITH_KNOTS('',1,(#1937,#1938),.UNSPECIFIED.,.F.,.F.,
(2,2),(-7.4899979964083,0.),.UNSPECIFIED.);
#1075=B_SPLINE_CURVE_WITH_KNOTS('',3,(#1939,#1940,#1941,#1942),
 .UNSPECIFIED.,.F.,.F.,(4,4),(0.,1.71843200816722),.UNSPECIFIED.);
#1076=B_SPLINE_CURVE_WITH_KNOTS('',3,(#1943,#1944,#1945,#1946),
 .UNSPECIFIED.,.F.,.F.,(4,4),(0.040520781058717,3.31809574743306),
 .UNSPECIFIED.);
#1077=B_SPLINE_CURVE_WITH_KNOTS('',1,(#1947,#1948),.UNSPECIFIED.,.F.,.F.,
(2,2),(2.86894580633133E-13,4.),.UNSPECIFIED.);
#1078=B_SPLINE_CURVE_WITH_KNOTS('',3,(#1949,#1950,#1951,#1952),
 .UNSPECIFIED.,.F.,.F.,(4,4),(0.815023920550186,4.09259888692451),
 .UNSPECIFIED.);
#1079=B_SPLINE_CURVE_WITH_KNOTS('',3,(#1953,#1954,#1955,#1956),
 .UNSPECIFIED.,.F.,.F.,(4,4),(0.,1.71843200816722),.UNSPECIFIED.);
#1080=B_SPLINE_CURVE_WITH_KNOTS('',3,(#1957,#1958,#1959,#1960),
 .UNSPECIFIED.,.F.,.F.,(4,4),(1.56173160733234,8.17073311989992),
 .UNSPECIFIED.);
#1081=B_SPLINE_CURVE_WITH_KNOTS('',3,(#1961,#1962,#1963,#1964),
 .UNSPECIFIED.,.F.,.F.,(4,4),(1.56173160733213,8.17073311989929),
 .UNSPECIFIED.);
#1082=B_SPLINE_CURVE_WITH_KNOTS('',1,(#1982,#1983),.UNSPECIFIED.,.F.,.F.,
(2,2),(0.,9.43737026978594),.UNSPECIFIED.);
#1083=B_SPLINE_CURVE_WITH_KNOTS('',1,(#1984,#1985),.UNSPECIFIED.,.F.,.F.,
(2,2),(-7.4899979964083,0.),.UNSPECIFIED.);
#1084=B_SPLINE_CURVE_WITH_KNOTS('',3,(#1986,#1987,#1988,#1989),
 .UNSPECIFIED.,.F.,.F.,(4,4),(0.,1.71843200816722),.UNSPECIFIED.);
#1085=B_SPLINE_CURVE_WITH_KNOTS('',3,(#1990,#1991,#1992,#1993),
 .UNSPECIFIED.,.F.,.F.,(4,4),(0.040520781058717,3.31809574743306),
 .UNSPECIFIED.);
#1086=B_SPLINE_CURVE_WITH_KNOTS('',1,(#1994,#1995),.UNSPECIFIED.,.F.,.F.,
(2,2),(2.86894580633133E-13,4.),.UNSPECIFIED.);
#1087=B_SPLINE_CURVE_WITH_KNOTS('',3,(#1996,#1997,#1998,#1999),
 .UNSPECIFIED.,.F.,.F.,(4,4),(0.815023920550186,4.09259888692451),
 .UNSPECIFIED.);
#1088=B_SPLINE_CURVE_WITH_KNOTS('',3,(#2000,#2001,#2002,#2003),
 .UNSPECIFIED.,.F.,.F.,(4,4),(0.,1.71843200816722),.UNSPECIFIED.);
#1089=B_SPLINE_CURVE_WITH_KNOTS('',3,(#2004,#2005,#2006,#2007),
 .UNSPECIFIED.,.F.,.F.,(4,4),(1.56173160733234,8.17073311989992),
 .UNSPECIFIED.);
#1090=B_SPLINE_CURVE_WITH_KNOTS('',3,(#2008,#2009,#2010,#2011),
 .UNSPECIFIED.,.F.,.F.,(4,4),(1.56173160733213,8.17073311989929),
 .UNSPECIFIED.);
#1091=B_SPLINE_CURVE_WITH_KNOTS('',1,(#2029,#2030),.UNSPECIFIED.,.F.,.F.,
(2,2),(0.,9.43737026978594),.UNSPECIFIED.);
#1092=B_SPLINE_CURVE_WITH_KNOTS('',1,(#2031,#2032),.UNSPECIFIED.,.F.,.F.,
(2,2),(-7.4899979964083,0.),.UNSPECIFIED.);
#1093=B_SPLINE_CURVE_WITH_KNOTS('',3,(#2033,#2034,#2035,#2036),
 .UNSPECIFIED.,.F.,.F.,(4,4),(0.,1.71843200816722),.UNSPECIFIED.);
#1094=B_SPLINE_CURVE_WITH_KNOTS('',3,(#2037,#2038,#2039,#2040),
 .UNSPECIFIED.,.F.,.F.,(4,4),(0.040520781058717,3.31809574743306),
 .UNSPECIFIED.);
#1095=B_SPLINE_CURVE_WITH_KNOTS('',1,(#2041,#2042),.UNSPECIFIED.,.F.,.F.,
(2,2),(2.86894580633133E-13,4.),.UNSPECIFIED.);
#1096=B_SPLINE_CURVE_WITH_KNOTS('',3,(#2043,#2044,#2045,#2046),
 .UNSPECIFIED.,.F.,.F.,(4,4),(0.815023920550186,4.09259888692451),
 .UNSPECIFIED.);
#1097=B_SPLINE_CURVE_WITH_KNOTS('',3,(#2047,#2048,#2049,#2050),
 .UNSPECIFIED.,.F.,.F.,(4,4),(0.,1.71843200816722),.UNSPECIFIED.);
#1098=B_SPLINE_CURVE_WITH_KNOTS('',3,(#2051,#2052,#2053,#2054),
 .UNSPECIFIED.,.F.,.F.,(4,4),(1.56173160733234,8.17073311989992),
 .UNSPECIFIED.);
#1099=B_SPLINE_CURVE_WITH_KNOTS('',3,(#2055,#2056,#2057,#2058),
 .UNSPECIFIED.,.F.,.F.,(4,4),(1.56173160733213,8.17073311989929),
 .UNSPECIFIED.);
#1100=B_SPLINE_CURVE_WITH_KNOTS('',1,(#2076,#2077),.UNSPECIFIED.,.F.,.F.,
(2,2),(0.,9.43737026978594),.UNSPECIFIED.);
#1101=B_SPLINE_CURVE_WITH_KNOTS('',1,(#2078,#2079),.UNSPECIFIED.,.F.,.F.,
(2,2),(-7.4899979964083,0.),.UNSPECIFIED.);
#1102=B_SPLINE_CURVE_WITH_KNOTS('',3,(#2080,#2081,#2082,#2083),
 .UNSPECIFIED.,.F.,.F.,(4,4),(0.,1.71843200816722),.UNSPECIFIED.);
#1103=B_SPLINE_CURVE_WITH_KNOTS('',3,(#2084,#2085,#2086,#2087),
 .UNSPECIFIED.,.F.,.F.,(4,4),(0.040520781058717,3.31809574743306),
 .UNSPECIFIED.);
#1104=B_SPLINE_CURVE_WITH_KNOTS('',1,(#2088,#2089),.UNSPECIFIED.,.F.,.F.,
(2,2),(2.86894580633133E-13,4.),.UNSPECIFIED.);
#1105=B_SPLINE_CURVE_WITH_KNOTS('',3,(#2090,#2091,#2092,#2093),
 .UNSPECIFIED.,.F.,.F.,(4,4),(0.815023920550186,4.09259888692451),
 .UNSPECIFIED.);
#1106=B_SPLINE_CURVE_WITH_KNOTS('',3,(#2094,#2095,#2096,#2097),
 .UNSPECIFIED.,.F.,.F.,(4,4),(0.,1.71843200816722),.UNSPECIFIED.);
#1107=B_SPLINE_CURVE_WITH_KNOTS('',3,(#2098,#2099,#2100,#2101),
 .UNSPECIFIED.,.F.,.F.,(4,4),(1.56173160733234,8.17073311989992),
 .UNSPECIFIED.);
#1108=B_SPLINE_CURVE_WITH_KNOTS('',3,(#2102,#2103,#2104,#2105),
 .UNSPECIFIED.,.F.,.F.,(4,4),(1.56173160733213,8.17073311989929),
 .UNSPECIFIED.);
#1109=B_SPLINE_CURVE_WITH_KNOTS('',1,(#2123,#2124),.UNSPECIFIED.,.F.,.F.,
(2,2),(0.,9.43737026978594),.UNSPECIFIED.);
#1110=B_SPLINE_CURVE_WITH_KNOTS('',1,(#2125,#2126),.UNSPECIFIED.,.F.,.F.,
(2,2),(-7.4899979964083,0.),.UNSPECIFIED.);
#1111=B_SPLINE_CURVE_WITH_KNOTS('',3,(#2127,#2128,#2129,#2130),
 .UNSPECIFIED.,.F.,.F.,(4,4),(0.,1.71843200816722),.UNSPECIFIED.);
#1112=B_SPLINE_CURVE_WITH_KNOTS('',3,(#2131,#2132,#2133,#2134),
 .UNSPECIFIED.,.F.,.F.,(4,4),(0.040520781058717,3.31809574743306),
 .UNSPECIFIED.);
#1113=B_SPLINE_CURVE_WITH_KNOTS('',1,(#2135,#2136),.UNSPECIFIED.,.F.,.F.,
(2,2),(2.86894580633133E-13,4.),.UNSPECIFIED.);
#1114=B_SPLINE_CURVE_WITH_KNOTS('',3,(#2137,#2138,#2139,#2140),
 .UNSPECIFIED.,.F.,.F.,(4,4),(0.815023920550186,4.09259888692451),
 .UNSPECIFIED.);
#1115=B_SPLINE_CURVE_WITH_KNOTS('',3,(#2141,#2142,#2143,#2144),
 .UNSPECIFIED.,.F.,.F.,(4,4),(0.,1.71843200816722),.UNSPECIFIED.);
#1116=B_SPLINE_CURVE_WITH_KNOTS('',3,(#2145,#2146,#2147,#2148),
 .UNSPECIFIED.,.F.,.F.,(4,4),(1.56173160733234,8.17073311989992),
 .UNSPECIFIED.);
#1117=B_SPLINE_CURVE_WITH_KNOTS('',3,(#2149,#2150,#2151,#2152),
 .UNSPECIFIED.,.F.,.F.,(4,4),(1.56173160733213,8.17073311989929),
 .UNSPECIFIED.);
#1118=B_SPLINE_CURVE_WITH_KNOTS('',1,(#2170,#2171),.UNSPECIFIED.,.F.,.F.,
(2,2),(0.,9.43737026978594),.UNSPECIFIED.);
#1119=B_SPLINE_CURVE_WITH_KNOTS('',1,(#2172,#2173),.UNSPECIFIED.,.F.,.F.,
(2,2),(-7.4899979964083,0.),.UNSPECIFIED.);
#1120=B_SPLINE_CURVE_WITH_KNOTS('',3,(#2174,#2175,#2176,#2177),
 .UNSPECIFIED.,.F.,.F.,(4,4),(0.,1.71843200816722),.UNSPECIFIED.);
#1121=B_SPLINE_CURVE_WITH_KNOTS('',3,(#2178,#2179,#2180,#2181),
 .UNSPECIFIED.,.F.,.F.,(4,4),(0.040520781058717,3.31809574743306),
 .UNSPECIFIED.);
#1122=B_SPLINE_CURVE_WITH_KNOTS('',1,(#2182,#2183),.UNSPECIFIED.,.F.,.F.,
(2,2),(2.86894580633133E-13,4.),.UNSPECIFIED.);
#1123=B_SPLINE_CURVE_WITH_KNOTS('',3,(#2184,#2185,#2186,#2187),
 .UNSPECIFIED.,.F.,.F.,(4,4),(0.815023920550186,4.09259888692451),
 .UNSPECIFIED.);
#1124=B_SPLINE_CURVE_WITH_KNOTS('',3,(#2188,#2189,#2190,#2191),
 .UNSPECIFIED.,.F.,.F.,(4,4),(0.,1.71843200816722),.UNSPECIFIED.);
#1125=B_SPLINE_CURVE_WITH_KNOTS('',3,(#2192,#2193,#2194,#2195),
 .UNSPECIFIED.,.F.,.F.,(4,4),(1.56173160733234,8.17073311989992),
 .UNSPECIFIED.);
#1126=B_SPLINE_CURVE_WITH_KNOTS('',3,(#2196,#2197,#2198,#2199),
 .UNSPECIFIED.,.F.,.F.,(4,4),(1.56173160733213,8.17073311989929),
 .UNSPECIFIED.);
#1127=B_SPLINE_CURVE_WITH_KNOTS('',1,(#2217,#2218),.UNSPECIFIED.,.F.,.F.,
(2,2),(0.,9.43737026978594),.UNSPECIFIED.);
#1128=B_SPLINE_CURVE_WITH_KNOTS('',1,(#2219,#2220),.UNSPECIFIED.,.F.,.F.,
(2,2),(-7.4899979964083,0.),.UNSPECIFIED.);
#1129=B_SPLINE_CURVE_WITH_KNOTS('',3,(#2221,#2222,#2223,#2224),
 .UNSPECIFIED.,.F.,.F.,(4,4),(0.,1.71843200816722),.UNSPECIFIED.);
#1130=B_SPLINE_CURVE_WITH_KNOTS('',3,(#2225,#2226,#2227,#2228),
 .UNSPECIFIED.,.F.,.F.,(4,4),(0.040520781058717,3.31809574743306),
 .UNSPECIFIED.);
#1131=B_SPLINE_CURVE_WITH_KNOTS('',1,(#2229,#2230),.UNSPECIFIED.,.F.,.F.,
(2,2),(2.86894580633133E-13,4.),.UNSPECIFIED.);
#1132=B_SPLINE_CURVE_WITH_KNOTS('',3,(#2231,#2232,#2233,#2234),
 .UNSPECIFIED.,.F.,.F.,(4,4),(0.815023920550186,4.09259888692451),
 .UNSPECIFIED.);
#1133=B_SPLINE_CURVE_WITH_KNOTS('',3,(#2235,#2236,#2237,#2238),
 .UNSPECIFIED.,.F.,.F.,(4,4),(0.,1.71843200816722),.UNSPECIFIED.);
#1134=B_SPLINE_CURVE_WITH_KNOTS('',3,(#2239,#2240,#2241,#2242),
 .UNSPECIFIED.,.F.,.F.,(4,4),(1.56173160733234,8.17073311989992),
 .UNSPECIFIED.);
#1135=B_SPLINE_CURVE_WITH_KNOTS('',3,(#2243,#2244,#2245,#2246),
 .UNSPECIFIED.,.F.,.F.,(4,4),(1.56173160733213,8.17073311989929),
 .UNSPECIFIED.);
#1136=B_SPLINE_CURVE_WITH_KNOTS('',1,(#2264,#2265),.UNSPECIFIED.,.F.,.F.,
(2,2),(0.,9.43737026978594),.UNSPECIFIED.);
#1137=B_SPLINE_CURVE_WITH_KNOTS('',1,(#2266,#2267),.UNSPECIFIED.,.F.,.F.,
(2,2),(-7.4899979964083,0.),.UNSPECIFIED.);
#1138=B_SPLINE_CURVE_WITH_KNOTS('',3,(#2268,#2269,#2270,#2271),
 .UNSPECIFIED.,.F.,.F.,(4,4),(0.,1.71843200816722),.UNSPECIFIED.);
#1139=B_SPLINE_CURVE_WITH_KNOTS('',3,(#2272,#2273,#2274,#2275),
 .UNSPECIFIED.,.F.,.F.,(4,4),(0.040520781058717,3.31809574743306),
 .UNSPECIFIED.);
#1140=B_SPLINE_CURVE_WITH_KNOTS('',1,(#2276,#2277),.UNSPECIFIED.,.F.,.F.,
(2,2),(2.86894580633133E-13,4.),.UNSPECIFIED.);
#1141=B_SPLINE_CURVE_WITH_KNOTS('',3,(#2278,#2279,#2280,#2281),
 .UNSPECIFIED.,.F.,.F.,(4,4),(0.815023920550186,4.09259888692451),
 .UNSPECIFIED.);
#1142=B_SPLINE_CURVE_WITH_KNOTS('',3,(#2282,#2283,#2284,#2285),
 .UNSPECIFIED.,.F.,.F.,(4,4),(0.,1.71843200816722),.UNSPECIFIED.);
#1143=B_SPLINE_CURVE_WITH_KNOTS('',3,(#2286,#2287,#2288,#2289),
 .UNSPECIFIED.,.F.,.F.,(4,4),(1.56173160733234,8.17073311989992),
 .UNSPECIFIED.);
#1144=B_SPLINE_CURVE_WITH_KNOTS('',3,(#2290,#2291,#2292,#2293),
 .UNSPECIFIED.,.F.,.F.,(4,4),(1.56173160733213,8.17073311989929),
 .UNSPECIFIED.);
#1145=B_SPLINE_CURVE_WITH_KNOTS('',1,(#2311,#2312),.UNSPECIFIED.,.F.,.F.,
(2,2),(0.,9.43737026978594),.UNSPECIFIED.);
#1146=B_SPLINE_CURVE_WITH_KNOTS('',1,(#2313,#2314),.UNSPECIFIED.,.F.,.F.,
(2,2),(-7.4899979964083,0.),.UNSPECIFIED.);
#1147=B_SPLINE_CURVE_WITH_KNOTS('',3,(#2315,#2316,#2317,#2318),
 .UNSPECIFIED.,.F.,.F.,(4,4),(0.,1.71843200816722),.UNSPECIFIED.);
#1148=B_SPLINE_CURVE_WITH_KNOTS('',3,(#2319,#2320,#2321,#2322),
 .UNSPECIFIED.,.F.,.F.,(4,4),(0.040520781058717,3.31809574743306),
 .UNSPECIFIED.);
#1149=B_SPLINE_CURVE_WITH_KNOTS('',1,(#2323,#2324),.UNSPECIFIED.,.F.,.F.,
(2,2),(2.86894580633133E-13,4.),.UNSPECIFIED.);
#1150=B_SPLINE_CURVE_WITH_KNOTS('',3,(#2325,#2326,#2327,#2328),
 .UNSPECIFIED.,.F.,.F.,(4,4),(0.815023920550186,4.09259888692451),
 .UNSPECIFIED.);
#1151=B_SPLINE_CURVE_WITH_KNOTS('',3,(#2329,#2330,#2331,#2332),
 .UNSPECIFIED.,.F.,.F.,(4,4),(0.,1.71843200816722),.UNSPECIFIED.);
#1152=B_SPLINE_CURVE_WITH_KNOTS('',3,(#2333,#2334,#2335,#2336),
 .UNSPECIFIED.,.F.,.F.,(4,4),(1.56173160733234,8.17073311989992),
 .UNSPECIFIED.);
#1153=B_SPLINE_CURVE_WITH_KNOTS('',3,(#2337,#2338,#2339,#2340),
 .UNSPECIFIED.,.F.,.F.,(4,4),(1.56173160733213,8.17073311989929),
 .UNSPECIFIED.);
#1154=B_SPLINE_CURVE_WITH_KNOTS('',1,(#2358,#2359),.UNSPECIFIED.,.F.,.F.,
(2,2),(0.,9.43737026978594),.UNSPECIFIED.);
#1155=B_SPLINE_CURVE_WITH_KNOTS('',1,(#2360,#2361),.UNSPECIFIED.,.F.,.F.,
(2,2),(-7.4899979964083,0.),.UNSPECIFIED.);
#1156=B_SPLINE_CURVE_WITH_KNOTS('',3,(#2362,#2363,#2364,#2365),
 .UNSPECIFIED.,.F.,.F.,(4,4),(0.,1.71843200816722),.UNSPECIFIED.);
#1157=B_SPLINE_CURVE_WITH_KNOTS('',3,(#2366,#2367,#2368,#2369),
 .UNSPECIFIED.,.F.,.F.,(4,4),(0.040520781058717,3.31809574743306),
 .UNSPECIFIED.);
#1158=B_SPLINE_CURVE_WITH_KNOTS('',1,(#2370,#2371),.UNSPECIFIED.,.F.,.F.,
(2,2),(2.86894580633133E-13,4.),.UNSPECIFIED.);
#1159=B_SPLINE_CURVE_WITH_KNOTS('',3,(#2372,#2373,#2374,#2375),
 .UNSPECIFIED.,.F.,.F.,(4,4),(0.815023920550186,4.09259888692451),
 .UNSPECIFIED.);
#1160=B_SPLINE_CURVE_WITH_KNOTS('',3,(#2376,#2377,#2378,#2379),
 .UNSPECIFIED.,.F.,.F.,(4,4),(0.,1.71843200816722),.UNSPECIFIED.);
#1161=B_SPLINE_CURVE_WITH_KNOTS('',3,(#2380,#2381,#2382,#2383),
 .UNSPECIFIED.,.F.,.F.,(4,4),(1.56173160733234,8.17073311989992),
 .UNSPECIFIED.);
#1162=B_SPLINE_CURVE_WITH_KNOTS('',3,(#2384,#2385,#2386,#2387),
 .UNSPECIFIED.,.F.,.F.,(4,4),(1.56173160733213,8.17073311989929),
 .UNSPECIFIED.);
#1163=B_SPLINE_CURVE_WITH_KNOTS('',1,(#2405,#2406),.UNSPECIFIED.,.F.,.F.,
(2,2),(0.,9.43737026978594),.UNSPECIFIED.);
#1164=B_SPLINE_CURVE_WITH_KNOTS('',1,(#2407,#2408),.UNSPECIFIED.,.F.,.F.,
(2,2),(-7.4899979964083,0.),.UNSPECIFIED.);
#1165=B_SPLINE_CURVE_WITH_KNOTS('',3,(#2409,#2410,#2411,#2412),
 .UNSPECIFIED.,.F.,.F.,(4,4),(0.,1.71843200816722),.UNSPECIFIED.);
#1166=B_SPLINE_CURVE_WITH_KNOTS('',3,(#2413,#2414,#2415,#2416),
 .UNSPECIFIED.,.F.,.F.,(4,4),(0.040520781058717,3.31809574743306),
 .UNSPECIFIED.);
#1167=B_SPLINE_CURVE_WITH_KNOTS('',1,(#2417,#2418),.UNSPECIFIED.,.F.,.F.,
(2,2),(2.86894580633133E-13,4.),.UNSPECIFIED.);
#1168=B_SPLINE_CURVE_WITH_KNOTS('',3,(#2419,#2420,#2421,#2422),
 .UNSPECIFIED.,.F.,.F.,(4,4),(0.815023920550186,4.09259888692451),
 .UNSPECIFIED.);
#1169=B_SPLINE_CURVE_WITH_KNOTS('',3,(#2423,#2424,#2425,#2426),
 .UNSPECIFIED.,.F.,.F.,(4,4),(0.,1.71843200816722),.UNSPECIFIED.);
#1170=B_SPLINE_CURVE_WITH_KNOTS('',3,(#2427,#2428,#2429,#2430),
 .UNSPECIFIED.,.F.,.F.,(4,4),(1.56173160733234,8.17073311989992),
 .UNSPECIFIED.);
#1171=B_SPLINE_CURVE_WITH_KNOTS('',3,(#2431,#2432,#2433,#2434),
 .UNSPECIFIED.,.F.,.F.,(4,4),(1.56173160733213,8.17073311989929),
 .UNSPECIFIED.);
#1172=B_SPLINE_CURVE_WITH_KNOTS('',1,(#2452,#2453),.UNSPECIFIED.,.F.,.F.,
(2,2),(0.,9.43737026978594),.UNSPECIFIED.);
#1173=B_SPLINE_CURVE_WITH_KNOTS('',1,(#2454,#2455),.UNSPECIFIED.,.F.,.F.,
(2,2),(-7.4899979964083,0.),.UNSPECIFIED.);
#1174=B_SPLINE_CURVE_WITH_KNOTS('',3,(#2456,#2457,#2458,#2459),
 .UNSPECIFIED.,.F.,.F.,(4,4),(0.,1.71843200816722),.UNSPECIFIED.);
#1175=B_SPLINE_CURVE_WITH_KNOTS('',3,(#2460,#2461,#2462,#2463),
 .UNSPECIFIED.,.F.,.F.,(4,4),(0.040520781058717,3.31809574743306),
 .UNSPECIFIED.);
#1176=B_SPLINE_CURVE_WITH_KNOTS('',1,(#2464,#2465),.UNSPECIFIED.,.F.,.F.,
(2,2),(2.86894580633133E-13,4.),.UNSPECIFIED.);
#1177=B_SPLINE_CURVE_WITH_KNOTS('',3,(#2466,#2467,#2468,#2469),
 .UNSPECIFIED.,.F.,.F.,(4,4),(0.815023920550186,4.09259888692451),
 .UNSPECIFIED.);
#1178=B_SPLINE_CURVE_WITH_KNOTS('',3,(#2470,#2471,#2472,#2473),
 .UNSPECIFIED.,.F.,.F.,(4,4),(0.,1.71843200816722),.UNSPECIFIED.);
#1179=B_SPLINE_CURVE_WITH_KNOTS('',3,(#2474,#2475,#2476,#2477),
 .UNSPECIFIED.,.F.,.F.,(4,4),(1.56173160733234,8.17073311989992),
 .UNSPECIFIED.);
#1180=B_SPLINE_CURVE_WITH_KNOTS('',3,(#2478,#2479,#2480,#2481),
 .UNSPECIFIED.,.F.,.F.,(4,4),(1.56173160733213,8.17073311989929),
 .UNSPECIFIED.);
#1181=B_SPLINE_CURVE_WITH_KNOTS('',1,(#2499,#2500),.UNSPECIFIED.,.F.,.F.,
(2,2),(0.,9.43737026978594),.UNSPECIFIED.);
#1182=B_SPLINE_CURVE_WITH_KNOTS('',1,(#2501,#2502),.UNSPECIFIED.,.F.,.F.,
(2,2),(-7.4899979964083,0.),.UNSPECIFIED.);
#1183=B_SPLINE_CURVE_WITH_KNOTS('',3,(#2503,#2504,#2505,#2506),
 .UNSPECIFIED.,.F.,.F.,(4,4),(0.,1.71843200816722),.UNSPECIFIED.);
#1184=B_SPLINE_CURVE_WITH_KNOTS('',3,(#2507,#2508,#2509,#2510),
 .UNSPECIFIED.,.F.,.F.,(4,4),(0.040520781058717,3.31809574743306),
 .UNSPECIFIED.);
#1185=B_SPLINE_CURVE_WITH_KNOTS('',1,(#2511,#2512),.UNSPECIFIED.,.F.,.F.,
(2,2),(2.86894580633133E-13,4.),.UNSPECIFIED.);
#1186=B_SPLINE_CURVE_WITH_KNOTS('',3,(#2513,#2514,#2515,#2516),
 .UNSPECIFIED.,.F.,.F.,(4,4),(0.815023920550186,4.09259888692451),
 .UNSPECIFIED.);
#1187=B_SPLINE_CURVE_WITH_KNOTS('',3,(#2517,#2518,#2519,#2520),
 .UNSPECIFIED.,.F.,.F.,(4,4),(0.,1.71843200816722),.UNSPECIFIED.);
#1188=B_SPLINE_CURVE_WITH_KNOTS('',3,(#2521,#2522,#2523,#2524),
 .UNSPECIFIED.,.F.,.F.,(4,4),(1.56173160733234,8.17073311989992),
 .UNSPECIFIED.);
#1189=B_SPLINE_CURVE_WITH_KNOTS('',3,(#2525,#2526,#2527,#2528),
 .UNSPECIFIED.,.F.,.F.,(4,4),(1.56173160733213,8.17073311989929),
 .UNSPECIFIED.);
#1190=B_SPLINE_CURVE_WITH_KNOTS('',1,(#2546,#2547),.UNSPECIFIED.,.F.,.F.,
(2,2),(0.,9.43737026978594),.UNSPECIFIED.);
#1191=B_SPLINE_CURVE_WITH_KNOTS('',1,(#2548,#2549),.UNSPECIFIED.,.F.,.F.,
(2,2),(-7.4899979964083,0.),.UNSPECIFIED.);
#1192=B_SPLINE_CURVE_WITH_KNOTS('',3,(#2550,#2551,#2552,#2553),
 .UNSPECIFIED.,.F.,.F.,(4,4),(0.,1.71843200816722),.UNSPECIFIED.);
#1193=B_SPLINE_CURVE_WITH_KNOTS('',3,(#2554,#2555,#2556,#2557),
 .UNSPECIFIED.,.F.,.F.,(4,4),(0.040520781058717,3.31809574743306),
 .UNSPECIFIED.);
#1194=B_SPLINE_CURVE_WITH_KNOTS('',1,(#2558,#2559),.UNSPECIFIED.,.F.,.F.,
(2,2),(2.86894580633133E-13,4.),.UNSPECIFIED.);
#1195=B_SPLINE_CURVE_WITH_KNOTS('',3,(#2560,#2561,#2562,#2563),
 .UNSPECIFIED.,.F.,.F.,(4,4),(0.815023920550186,4.09259888692451),
 .UNSPECIFIED.);
#1196=B_SPLINE_CURVE_WITH_KNOTS('',3,(#2564,#2565,#2566,#2567),
 .UNSPECIFIED.,.F.,.F.,(4,4),(0.,1.71843200816722),.UNSPECIFIED.);
#1197=B_SPLINE_CURVE_WITH_KNOTS('',3,(#2568,#2569,#2570,#2571),
 .UNSPECIFIED.,.F.,.F.,(4,4),(1.56173160733234,8.17073311989992),
 .UNSPECIFIED.);
#1198=B_SPLINE_CURVE_WITH_KNOTS('',3,(#2572,#2573,#2574,#2575),
 .UNSPECIFIED.,.F.,.F.,(4,4),(1.56173160733213,8.17073311989929),
 .UNSPECIFIED.);
#1199=VERTEX_POINT('',#1670);
#1200=VERTEX_POINT('',#1671);
#1201=VERTEX_POINT('',#1672);
#1202=VERTEX_POINT('',#1673);
#1203=VERTEX_POINT('',#1674);
#1204=VERTEX_POINT('',#1675);
#1205=VERTEX_POINT('',#1676);
#1206=VERTEX_POINT('',#1677);
#1207=VERTEX_POINT('',#1678);
#1208=VERTEX_POINT('',#1679);
#1209=VERTEX_POINT('',#1680);
#1210=VERTEX_POINT('',#1681);
#1211=VERTEX_POINT('',#1682);
#1212=VERTEX_POINT('',#1683);
#1213=VERTEX_POINT('',#1684);
#1214=VERTEX_POINT('',#1685);
#1215=VERTEX_POINT('',#1744);
#1216=VERTEX_POINT('',#1745);
#1217=VERTEX_POINT('',#1746);
#1218=VERTEX_POINT('',#1747);
#1219=VERTEX_POINT('',#1748);
#1220=VERTEX_POINT('',#1749);
#1221=VERTEX_POINT('',#1750);
#1222=VERTEX_POINT('',#1751);
#1223=VERTEX_POINT('',#1752);
#1224=VERTEX_POINT('',#1753);
#1225=VERTEX_POINT('',#1754);
#1226=VERTEX_POINT('',#1755);
#1227=VERTEX_POINT('',#1756);
#1228=VERTEX_POINT('',#1757);
#1229=VERTEX_POINT('',#1758);
#1230=VERTEX_POINT('',#1759);
#1231=VERTEX_POINT('',#1836);
#1232=VERTEX_POINT('',#1837);
#1233=VERTEX_POINT('',#1838);
#1234=VERTEX_POINT('',#1839);
#1235=VERTEX_POINT('',#1840);
#1236=VERTEX_POINT('',#1883);
#1237=VERTEX_POINT('',#1884);
#1238=VERTEX_POINT('',#1885);
#1239=VERTEX_POINT('',#1886);
#1240=VERTEX_POINT('',#1887);
#1241=VERTEX_POINT('',#1930);
#1242=VERTEX_POINT('',#1931);
#1243=VERTEX_POINT('',#1932);
#1244=VERTEX_POINT('',#1933);
#1245=VERTEX_POINT('',#1934);
#1246=VERTEX_POINT('',#1977);
#1247=VERTEX_POINT('',#1978);
#1248=VERTEX_POINT('',#1979);
#1249=VERTEX_POINT('',#1980);
#1250=VERTEX_POINT('',#1981);
#1251=VERTEX_POINT('',#2024);
#1252=VERTEX_POINT('',#2025);
#1253=VERTEX_POINT('',#2026);
#1254=VERTEX_POINT('',#2027);
#1255=VERTEX_POINT('',#2028);
#1256=VERTEX_POINT('',#2071);
#1257=VERTEX_POINT('',#2072);
#1258=VERTEX_POINT('',#2073);
#1259=VERTEX_POINT('',#2074);
#1260=VERTEX_POINT('',#2075);
#1261=VERTEX_POINT('',#2118);
#1262=VERTEX_POINT('',#2119);
#1263=VERTEX_POINT('',#2120);
#1264=VERTEX_POINT('',#2121);
#1265=VERTEX_POINT('',#2122);
#1266=VERTEX_POINT('',#2165);
#1267=VERTEX_POINT('',#2166);
#1268=VERTEX_POINT('',#2167);
#1269=VERTEX_POINT('',#2168);
#1270=VERTEX_POINT('',#2169);
#1271=VERTEX_POINT('',#2212);
#1272=VERTEX_POINT('',#2213);
#1273=VERTEX_POINT('',#2214);
#1274=VERTEX_POINT('',#2215);
#1275=VERTEX_POINT('',#2216);
#1276=VERTEX_POINT('',#2259);
#1277=VERTEX_POINT('',#2260);
#1278=VERTEX_POINT('',#2261);
#1279=VERTEX_POINT('',#2262);
#1280=VERTEX_POINT('',#2263);
#1281=VERTEX_POINT('',#2306);
#1282=VERTEX_POINT('',#2307);
#1283=VERTEX_POINT('',#2308);
#1284=VERTEX_POINT('',#2309);
#1285=VERTEX_POINT('',#2310);
#1286=VERTEX_POINT('',#2353);
#1287=VERTEX_POINT('',#2354);
#1288=VERTEX_POINT('',#2355);
#1289=VERTEX_POINT('',#2356);
#1290=VERTEX_POINT('',#2357);
#1291=VERTEX_POINT('',#2400);
#1292=VERTEX_POINT('',#2401);
#1293=VERTEX_POINT('',#2402);
#1294=VERTEX_POINT('',#2403);
#1295=VERTEX_POINT('',#2404);
#1296=VERTEX_POINT('',#2447);
#1297=VERTEX_POINT('',#2448);
#1298=VERTEX_POINT('',#2449);
#1299=VERTEX_POINT('',#2450);
#1300=VERTEX_POINT('',#2451);
#1301=VERTEX_POINT('',#2494);
#1302=VERTEX_POINT('',#2495);
#1303=VERTEX_POINT('',#2496);
#1304=VERTEX_POINT('',#2497);
#1305=VERTEX_POINT('',#2498);
#1306=VERTEX_POINT('',#2541);
#1307=VERTEX_POINT('',#2542);
#1308=VERTEX_POINT('',#2543);
#1309=VERTEX_POINT('',#2544);
#1310=VERTEX_POINT('',#2545);
#1311=PLANE('',#1483);
#1312=PLANE('',#1484);
#1313=PLANE('',#1485);
#1314=PLANE('',#1486);
#1315=PLANE('',#1487);
#1316=PLANE('',#1488);
#1317=PLANE('',#1489);
#1318=PLANE('',#1490);
#1319=PLANE('',#1491);
#1320=PLANE('',#1492);
#1321=PLANE('',#1493);
#1322=PLANE('',#1494);
#1323=PLANE('',#1495);
#1324=PLANE('',#1496);
#1325=PLANE('',#1497);
#1326=PLANE('',#1498);
#1327=PLANE('',#1499);
#1328=PLANE('',#1500);
#1329=PLANE('',#1501);
#1330=PLANE('',#1502);
#1331=PLANE('',#1503);
#1332=PLANE('',#1504);
#1333=PLANE('',#1505);
#1334=PLANE('',#1506);
#1335=PLANE('',#1507);
#1336=PLANE('',#1508);
#1337=PLANE('',#1509);
#1338=PLANE('',#1510);
#1339=PLANE('',#1511);
#1340=PLANE('',#1512);
#1341=PLANE('',#1513);
#1342=PLANE('',#1514);
#1343=PLANE('',#1515);
#1344=PLANE('',#1516);
#1345=PLANE('',#1517);
#1346=PLANE('',#1518);
#1347=PLANE('',#1519);
#1348=PLANE('',#1520);
#1349=PLANE('',#1521);
#1350=PLANE('',#1522);
#1351=PLANE('',#1523);
#1352=PLANE('',#1524);
#1353=PLANE('',#1525);
#1354=PLANE('',#1526);
#1355=PLANE('',#1527);
#1356=PLANE('',#1528);
#1357=PLANE('',#1529);
#1358=PLANE('',#1530);
#1359=PLANE('',#1531);
#1360=PLANE('',#1532);
#1361=PLANE('',#1533);
#1362=PLANE('',#1534);
#1363=PLANE('',#1535);
#1364=PLANE('',#1536);
#1365=PLANE('',#1537);
#1366=PLANE('',#1538);
#1367=PLANE('',#1539);
#1368=PLANE('',#1540);
#1369=PLANE('',#1541);
#1370=PLANE('',#1542);
#1371=PLANE('',#1543);
#1372=PLANE('',#1544);
#1373=PLANE('',#1545);
#1374=PLANE('',#1546);
#1375=PLANE('',#1547);
#1376=PLANE('',#1548);
#1377=PLANE('',#1549);
#1378=PLANE('',#1550);
#1379=PLANE('',#1551);
#1380=PLANE('',#1552);
#1381=PLANE('',#1553);
#1382=PLANE('',#1554);
#1383=PLANE('',#1555);
#1384=PLANE('',#1556);
#1385=PLANE('',#1557);
#1386=PLANE('',#1558);
#1387=PLANE('',#1559);
#1388=PLANE('',#1560);
#1389=PLANE('',#1561);
#1390=PLANE('',#1562);
#1391=PLANE('',#1563);
#1392=PLANE('',#1564);
#1393=PLANE('',#1565);
#1394=PLANE('',#1566);
#1395=SHAPE_DEFINITION_REPRESENTATION(#1396,#1481);
#1396=PRODUCT_DEFINITION_SHAPE('Document','',#1398);
#1397=PRODUCT_DEFINITION_CONTEXT('3D Mechanical Parts',#1470,'design');
#1398=PRODUCT_DEFINITION('A','First version',#1440,#1397);
#1399=DATE_TIME_ROLE('classification_date');
#1400=DATE_TIME_ROLE('creation_date');
#1401=APPLIED_DATE_AND_TIME_ASSIGNMENT(#1425,#1399,(#1404));
#1402=APPLIED_DATE_AND_TIME_ASSIGNMENT(#1427,#1400,(#1398));
#1403=SECURITY_CLASSIFICATION_LEVEL('unclassified');
#1404=SECURITY_CLASSIFICATION('A','Security for version',#1403);
#1405=APPLIED_SECURITY_CLASSIFICATION_ASSIGNMENT(#1404,(#1440));
#1406=APPROVAL_ROLE('Version approval');
#1407=APPROVAL_ROLE('Version Security approval');
#1408=APPROVAL_ROLE('Definition approval');
#1409=APPROVAL_PERSON_ORGANIZATION(#1458,#1434,#1406);
#1410=APPROVAL_PERSON_ORGANIZATION(#1459,#1435,#1407);
#1411=APPROVAL_PERSON_ORGANIZATION(#1462,#1436,#1408);
#1412=COORDINATED_UNIVERSAL_TIME_OFFSET(5,0,.BEHIND.);
#1413=LOCAL_TIME(0,0,0.,#1412);
#1414=LOCAL_TIME(0,0,0.,#1412);
#1415=LOCAL_TIME(0,0,0.,#1412);
#1416=LOCAL_TIME(0,0,0.,#1412);
#1417=LOCAL_TIME(0,0,0.,#1412);
#1418=CALENDAR_DATE(1999,1,1);
#1419=CALENDAR_DATE(1999,1,1);
#1420=CALENDAR_DATE(1999,1,1);
#1421=CALENDAR_DATE(1999,1,1);
#1422=CALENDAR_DATE(1999,1,1);
#1423=DATE_AND_TIME(#1418,#1413);
#1424=DATE_AND_TIME(#1419,#1414);
#1425=DATE_AND_TIME(#1420,#1415);
#1426=DATE_AND_TIME(#1421,#1416);
#1427=DATE_AND_TIME(#1422,#1417);
#1428=APPROVAL_DATE_TIME(#1423,#1434);
#1429=APPROVAL_DATE_TIME(#1424,#1435);
#1430=APPROVAL_DATE_TIME(#1426,#1436);
#1431=APPROVAL_STATUS('not_yet_approved');
#1432=APPROVAL_STATUS('not_yet_approved');
#1433=APPROVAL_STATUS('approved');
#1434=APPROVAL(#1431,'Version approval');
#1435=APPROVAL(#1432,'Version Security approval');
#1436=APPROVAL(#1433,'Definition approval');
#1437=APPLIED_APPROVAL_ASSIGNMENT(#1434,(#1440));
#1438=APPLIED_APPROVAL_ASSIGNMENT(#1435,(#1404));
#1439=APPLIED_APPROVAL_ASSIGNMENT(#1436,(#1398));
#1440=PRODUCT_DEFINITION_FORMATION_WITH_SPECIFIED_SOURCE('A',
'First version',#1472,.MADE.);
#1441=PERSON_AND_ORGANIZATION_ROLE('design_owner');
#1442=PERSON_AND_ORGANIZATION_ROLE('creator');
#1443=PERSON_AND_ORGANIZATION_ROLE('design_supplier');
#1444=PERSON_AND_ORGANIZATION_ROLE('classification_officer');
#1445=PERSON_AND_ORGANIZATION_ROLE('creator');
#1446=ORGANIZATION('STI','lab','lab');
#1447=ORGANIZATION('STI','unknown','unknown');
#1448=ORGANIZATION('STI','unknown','unknown');
#1449=ORGANIZATION('STI','unknown','unknown');
#1450=ORGANIZATION('STI','unknown','unknown');
#1451=ORGANIZATION('STI','unknown','unknown');
#1452=ORGANIZATION('STI','unknown','unknown');
#1453=PERSON('1','Box','vc60',$,$,$);
#1454=PERSON('2','last','first',$,$,$);
#1455=PERSON('3','President','Mr.',$,$,$);
#1456=PERSON_AND_ORGANIZATION(#1453,#1446);
#1457=PERSON_AND_ORGANIZATION(#1454,#1447);
#1458=PERSON_AND_ORGANIZATION(#1455,#1448);
#1459=PERSON_AND_ORGANIZATION(#1455,#1449);
#1460=PERSON_AND_ORGANIZATION(#1455,#1450);
#1461=PERSON_AND_ORGANIZATION(#1454,#1451);
#1462=PERSON_AND_ORGANIZATION(#1455,#1452);
#1463=APPLIED_PERSON_AND_ORGANIZATION_ASSIGNMENT(#1456,#1441,(#1472));
#1464=APPLIED_PERSON_AND_ORGANIZATION_ASSIGNMENT(#1457,#1442,(#1440));
#1465=APPLIED_PERSON_AND_ORGANIZATION_ASSIGNMENT(#1457,#1443,(#1440));
#1466=APPLIED_PERSON_AND_ORGANIZATION_ASSIGNMENT(#1460,#1444,(#1404));
#1467=APPLIED_PERSON_AND_ORGANIZATION_ASSIGNMENT(#1461,#1445,(#1398));
#1468=PRODUCT_RELATED_PRODUCT_CATEGORY('detail','detail',(#1472));
#1469=APPLICATION_PROTOCOL_DEFINITION('International Standard',
'config_control_design',1994,#1470);
#1470=APPLICATION_CONTEXT(
'configuration controlled 3d designs of mechanical parts and assemblie
s');
#1471=PRODUCT_CONTEXT('3D Mechanical Parts',#1470,'mechanical');
#1472=PRODUCT('Document','Document','Rhino converted to STEP',(#1471));
#1473=(
LENGTH_UNIT()
NAMED_UNIT(*)
SI_UNIT(.MILLI.,.METRE.)
);
#1474=(
NAMED_UNIT(*)
PLANE_ANGLE_UNIT()
SI_UNIT($,.RADIAN.)
);
#1475=DIMENSIONAL_EXPONENTS(0.,0.,0.,0.,0.,0.,0.);
#1476=PLANE_ANGLE_MEASURE_WITH_UNIT(PLANE_ANGLE_MEASURE(0.01745329252),
#1474);
#1477=(
CONVERSION_BASED_UNIT('DEGREES',#1476)
NAMED_UNIT(#1475)
PLANE_ANGLE_UNIT()
);
#1478=(
NAMED_UNIT(*)
SI_UNIT($,.STERADIAN.)
SOLID_ANGLE_UNIT()
);
#1479=UNCERTAINTY_MEASURE_WITH_UNIT(LENGTH_MEASURE(0.001),#1473,
'DISTANCE_ACCURACY_VALUE',
'Maximum model space distance between geometric entities at asserted c
onnectivities');
#1480=(
GEOMETRIC_REPRESENTATION_CONTEXT(3)
GLOBAL_UNCERTAINTY_ASSIGNED_CONTEXT((#1479))
GLOBAL_UNIT_ASSIGNED_CONTEXT((#1478,#1477,#1473))
REPRESENTATION_CONTEXT('ID1','3D')
);
#1481=SHAPE_REPRESENTATION('Document',(#1482,#1567,#1568),#1480);
#1482=AXIS2_PLACEMENT_3D('',#1659,#1569,#1570);
#1483=AXIS2_PLACEMENT_3D('',#1660,#1571,$);
#1484=AXIS2_PLACEMENT_3D('',#1661,#1572,$);
#1485=AXIS2_PLACEMENT_3D('',#1662,#1573,$);
#1486=AXIS2_PLACEMENT_3D('',#1663,#1574,$);
#1487=AXIS2_PLACEMENT_3D('',#1664,#1575,$);
#1488=AXIS2_PLACEMENT_3D('',#1665,#1576,$);
#1489=AXIS2_PLACEMENT_3D('',#1666,#1577,$);
#1490=AXIS2_PLACEMENT_3D('',#1667,#1578,$);
#1491=AXIS2_PLACEMENT_3D('',#1668,#1579,$);
#1492=AXIS2_PLACEMENT_3D('',#1669,#1580,$);
#1493=AXIS2_PLACEMENT_3D('',#1734,#1581,$);
#1494=AXIS2_PLACEMENT_3D('',#1735,#1582,$);
#1495=AXIS2_PLACEMENT_3D('',#1736,#1583,$);
#1496=AXIS2_PLACEMENT_3D('',#1737,#1584,$);
#1497=AXIS2_PLACEMENT_3D('',#1738,#1585,$);
#1498=AXIS2_PLACEMENT_3D('',#1739,#1586,$);
#1499=AXIS2_PLACEMENT_3D('',#1740,#1587,$);
#1500=AXIS2_PLACEMENT_3D('',#1741,#1588,$);
#1501=AXIS2_PLACEMENT_3D('',#1742,#1589,$);
#1502=AXIS2_PLACEMENT_3D('',#1743,#1590,$);
#1503=AXIS2_PLACEMENT_3D('',#1824,#1591,$);
#1504=AXIS2_PLACEMENT_3D('',#1829,#1592,$);
#1505=AXIS2_PLACEMENT_3D('',#1830,#1593,$);
#1506=AXIS2_PLACEMENT_3D('',#1831,#1594,$);
#1507=AXIS2_PLACEMENT_3D('',#1871,#1595,$);
#1508=AXIS2_PLACEMENT_3D('',#1876,#1596,$);
#1509=AXIS2_PLACEMENT_3D('',#1877,#1597,$);
#1510=AXIS2_PLACEMENT_3D('',#1878,#1598,$);
#1511=AXIS2_PLACEMENT_3D('',#1918,#1599,$);
#1512=AXIS2_PLACEMENT_3D('',#1923,#1600,$);
#1513=AXIS2_PLACEMENT_3D('',#1924,#1601,$);
#1514=AXIS2_PLACEMENT_3D('',#1925,#1602,$);
#1515=AXIS2_PLACEMENT_3D('',#1965,#1603,$);
#1516=AXIS2_PLACEMENT_3D('',#1970,#1604,$);
#1517=AXIS2_PLACEMENT_3D('',#1971,#1605,$);
#1518=AXIS2_PLACEMENT_3D('',#1972,#1606,$);
#1519=AXIS2_PLACEMENT_3D('',#2012,#1607,$);
#1520=AXIS2_PLACEMENT_3D('',#2017,#1608,$);
#1521=AXIS2_PLACEMENT_3D('',#2018,#1609,$);
#1522=AXIS2_PLACEMENT_3D('',#2019,#1610,$);
#1523=AXIS2_PLACEMENT_3D('',#2059,#1611,$);
#1524=AXIS2_PLACEMENT_3D('',#2064,#1612,$);
#1525=AXIS2_PLACEMENT_3D('',#2065,#1613,$);
#1526=AXIS2_PLACEMENT_3D('',#2066,#1614,$);
#1527=AXIS2_PLACEMENT_3D('',#2106,#1615,$);
#1528=AXIS2_PLACEMENT_3D('',#2111,#1616,$);
#1529=AXIS2_PLACEMENT_3D('',#2112,#1617,$);
#1530=AXIS2_PLACEMENT_3D('',#2113,#1618,$);
#1531=AXIS2_PLACEMENT_3D('',#2153,#1619,$);
#1532=AXIS2_PLACEMENT_3D('',#2158,#1620,$);
#1533=AXIS2_PLACEMENT_3D('',#2159,#1621,$);
#1534=AXIS2_PLACEMENT_3D('',#2160,#1622,$);
#1535=AXIS2_PLACEMENT_3D('',#2200,#1623,$);
#1536=AXIS2_PLACEMENT_3D('',#2205,#1624,$);
#1537=AXIS2_PLACEMENT_3D('',#2206,#1625,$);
#1538=AXIS2_PLACEMENT_3D('',#2207,#1626,$);
#1539=AXIS2_PLACEMENT_3D('',#2247,#1627,$);
#1540=AXIS2_PLACEMENT_3D('',#2252,#1628,$);
#1541=AXIS2_PLACEMENT_3D('',#2253,#1629,$);
#1542=AXIS2_PLACEMENT_3D('',#2254,#1630,$);
#1543=AXIS2_PLACEMENT_3D('',#2294,#1631,$);
#1544=AXIS2_PLACEMENT_3D('',#2299,#1632,$);
#1545=AXIS2_PLACEMENT_3D('',#2300,#1633,$);
#1546=AXIS2_PLACEMENT_3D('',#2301,#1634,$);
#1547=AXIS2_PLACEMENT_3D('',#2341,#1635,$);
#1548=AXIS2_PLACEMENT_3D('',#2346,#1636,$);
#1549=AXIS2_PLACEMENT_3D('',#2347,#1637,$);
#1550=AXIS2_PLACEMENT_3D('',#2348,#1638,$);
#1551=AXIS2_PLACEMENT_3D('',#2388,#1639,$);
#1552=AXIS2_PLACEMENT_3D('',#2393,#1640,$);
#1553=AXIS2_PLACEMENT_3D('',#2394,#1641,$);
#1554=AXIS2_PLACEMENT_3D('',#2395,#1642,$);
#1555=AXIS2_PLACEMENT_3D('',#2435,#1643,$);
#1556=AXIS2_PLACEMENT_3D('',#2440,#1644,$);
#1557=AXIS2_PLACEMENT_3D('',#2441,#1645,$);
#1558=AXIS2_PLACEMENT_3D('',#2442,#1646,$);
#1559=AXIS2_PLACEMENT_3D('',#2482,#1647,$);
#1560=AXIS2_PLACEMENT_3D('',#2487,#1648,$);
#1561=AXIS2_PLACEMENT_3D('',#2488,#1649,$);
#1562=AXIS2_PLACEMENT_3D('',#2489,#1650,$);
#1563=AXIS2_PLACEMENT_3D('',#2529,#1651,$);
#1564=AXIS2_PLACEMENT_3D('',#2534,#1652,$);
#1565=AXIS2_PLACEMENT_3D('',#2535,#1653,$);
#1566=AXIS2_PLACEMENT_3D('',#2536,#1654,$);
#1567=AXIS2_PLACEMENT_3D('',#2576,#1655,#1656);
#1568=AXIS2_PLACEMENT_3D('',#2577,#1657,#1658);
#1569=DIRECTION('',(0.,0.,1.));
#1570=DIRECTION('',(1.,0.,0.));
#1571=DIRECTION('',(0.,-1.,0.));
#1572=DIRECTION('',(1.,0.,0.));
#1573=DIRECTION('',(0.707106781186548,0.,0.707106781186547));
#1574=DIRECTION('',(0.,0.,1.));
#1575=DIRECTION('',(-0.707106781186547,6.28036983473511E-16,0.707106781186548));
#1576=DIRECTION('',(-1.,0.,0.));
#1577=DIRECTION('',(-0.707106781186548,-6.2803698347351E-16,-0.707106781186547));
#1578=DIRECTION('',(0.,0.,-1.));
#1579=DIRECTION('',(0.707106781186549,-6.28036983473509E-16,-0.707106781186546));
#1580=DIRECTION('',(0.,1.,0.));
#1581=DIRECTION('',(0.,1.,0.));
#1582=DIRECTION('',(0.26659615609269,1.14928630459903E-14,-0.963808326150279));
#1583=DIRECTION('',(-0.4930034533735,-5.13447746621976E-17,-0.870027352996331));
#1584=DIRECTION('',(-0.963808326150276,-1.14470830463664E-14,-0.266596156092701));
#1585=DIRECTION('',(-0.870027352996332,-1.63047075647985E-14,0.493003453373499));
#1586=DIRECTION('',(-0.2665961560927,-1.14928630459905E-14,0.963808326150276));
#1587=DIRECTION('',(0.493003453373499,-7.21394744817983E-16,0.870027352996332));
#1588=DIRECTION('',(0.963808326150276,1.15654755226747E-14,0.2665961560927));
#1589=DIRECTION('',(0.870027352996338,1.60857700507365E-14,-0.493003453373488));
#1590=DIRECTION('',(0.,-1.,0.));
#1591=DIRECTION('',(2.34534613952064E-15,-0.13883635889383,0.990315336369736));
#1592=DIRECTION('',(-0.0663414642712676,-0.278844331896807,0.958042091292114));
#1593=DIRECTION('',(-1.4432899320127E-15,0.308693576114849,-0.951161540467983));
#1594=DIRECTION('',(-0.0663414642712647,0.16868560311188,-0.983434785545603));
#1595=DIRECTION('',(0.488228880759046,0.138836358893824,0.861601430733419));
#1596=DIRECTION('',(0.530036948038046,0.2788443318968,0.80081625375834));
#1597=DIRECTION('',(-0.468925924166807,-0.308693576114844,-0.827536557325255));
#1598=DIRECTION('',(-0.427117856887811,-0.168685603111878,-0.88832173430033));
#1599=DIRECTION('',(0.700258689860079,-0.13883635889383,0.700258689860076));
#1600=DIRECTION('',(0.630527560154737,-0.278844331896807,0.724348558674854));
#1601=DIRECTION('',(-0.672572775268754,0.308693576114849,-0.672572775268753));
#1602=DIRECTION('',(-0.74230390497409,0.16868560311188,-0.648482906453978));
#1603=DIRECTION('',(0.954474166707472,0.138836358893825,0.264014261995793));
#1604=DIRECTION('',(0.941055323754053,0.2788443318968,0.191469883279805));
#1605=DIRECTION('',(-0.916737412216976,-0.308693576114844,-0.25357601051194));
#1606=DIRECTION('',(-0.930156255170394,-0.168685603111878,-0.326120389227921));
#1607=DIRECTION('',(0.990315336369736,-0.13883635889383,-2.41473507855972E-15));
#1608=DIRECTION('',(0.958042091292114,-0.278844331896807,0.0663414642712678));
#1609=DIRECTION('',(-0.951161540467983,0.308693576114849,1.2490009027033E-15));
#1610=DIRECTION('',(-0.983434785545603,0.16868560311188,0.0663414642712647));
#1611=DIRECTION('',(0.861601430733419,0.138836358893824,-0.488228880759046));
#1612=DIRECTION('',(0.800816253758339,0.2788443318968,-0.530036948038046));
#1613=DIRECTION('',(-0.827536557325255,-0.308693576114844,0.468925924166807));
#1614=DIRECTION('',(-0.88832173430033,-0.168685603111878,0.427117856887811));
#1615=DIRECTION('',(0.700258689860076,-0.13883635889383,-0.700258689860079));
#1616=DIRECTION('',(0.724348558674854,-0.278844331896807,-0.630527560154737));
#1617=DIRECTION('',(-0.672572775268753,0.308693576114849,0.672572775268754));
#1618=DIRECTION('',(-0.648482906453978,0.16868560311188,0.74230390497409));
#1619=DIRECTION('',(0.264014261995793,0.138836358893824,-0.954474166707472));
#1620=DIRECTION('',(0.191469883279805,0.2788443318968,-0.941055323754053));
#1621=DIRECTION('',(-0.253576010511941,-0.308693576114844,0.916737412216976));
#1622=DIRECTION('',(-0.326120389227922,-0.168685603111878,0.930156255170394));
#1623=DIRECTION('',(-2.08166817117217E-15,-0.13883635889383,-0.990315336369736));
#1624=DIRECTION('',(0.0663414642712677,-0.278844331896807,-0.958042091292114));
#1625=DIRECTION('',(1.0547118733939E-15,0.308693576114849,0.951161540467983));
#1626=DIRECTION('',(0.0663414642712647,0.16868560311188,0.983434785545603));
#1627=DIRECTION('',(-0.488228880759046,0.138836358893824,-0.861601430733419));
#1628=DIRECTION('',(-0.530036948038046,0.2788443318968,-0.80081625375834));
#1629=DIRECTION('',(0.468925924166807,-0.308693576114844,0.827536557325255));
#1630=DIRECTION('',(0.427117856887811,-0.168685603111878,0.88832173430033));
#1631=DIRECTION('',(-0.700258689860079,-0.13883635889383,-0.700258689860076));
#1632=DIRECTION('',(-0.630527560154737,-0.278844331896807,-0.724348558674854));
#1633=DIRECTION('',(0.672572775268754,0.308693576114849,0.672572775268753));
#1634=DIRECTION('',(0.74230390497409,0.16868560311188,0.648482906453978));
#1635=DIRECTION('',(-0.954474166707472,0.138836358893825,-0.264014261995792));
#1636=DIRECTION('',(-0.941055323754053,0.2788443318968,-0.191469883279805));
#1637=DIRECTION('',(0.916737412216976,-0.308693576114844,0.253576010511941));
#1638=DIRECTION('',(0.930156255170394,-0.168685603111878,0.326120389227921));
#1639=DIRECTION('',(-0.990315336369736,-0.13883635889383,2.48412401759879E-15));
#1640=DIRECTION('',(-0.958042091292114,-0.278844331896808,-0.0663414642712685));
#1641=DIRECTION('',(0.951161540467983,0.308693576114849,-3.05311331771918E-16));
#1642=DIRECTION('',(0.983434785545603,0.16868560311188,-0.0663414642712649));
#1643=DIRECTION('',(-0.861601430733419,0.138836358893825,0.488228880759046));
#1644=DIRECTION('',(-0.80081625375834,0.2788443318968,0.530036948038046));
#1645=DIRECTION('',(0.827536557325255,-0.308693576114844,-0.468925924166806));
#1646=DIRECTION('',(0.88832173430033,-0.168685603111877,-0.42711785688781));
#1647=DIRECTION('',(-0.700258689860076,-0.13883635889383,0.700258689860078));
#1648=DIRECTION('',(-0.724348558674854,-0.278844331896807,0.630527560154737));
#1649=DIRECTION('',(0.672572775268753,0.308693576114849,-0.672572775268754));
#1650=DIRECTION('',(0.648482906453977,0.16868560311188,-0.74230390497409));
#1651=DIRECTION('',(-0.264014261995793,0.138836358893824,0.954474166707472));
#1652=DIRECTION('',(-0.191469883279805,0.2788443318968,0.941055323754053));
#1653=DIRECTION('',(0.25357601051194,-0.308693576114844,-0.916737412216976));
#1654=DIRECTION('',(0.326120389227921,-0.168685603111878,-0.930156255170394));
#1655=DIRECTION('',(0.,0.,1.));
#1656=DIRECTION('',(1.,0.,0.));
#1657=DIRECTION('',(0.,0.,1.));
#1658=DIRECTION('',(1.,0.,0.));
#1659=CARTESIAN_POINT('',(0.,0.,0.));
#1660=CARTESIAN_POINT('',(-17.9249956672411,40.,-0.0965685424949267));
#1661=CARTESIAN_POINT('',(-8.17157287525381,40.,6.8284271247462));
#1662=CARTESIAN_POINT('',(-11.,40.,9.65685424949239));
#1663=CARTESIAN_POINT('',(-15.,40.,9.65685424949239));
#1664=CARTESIAN_POINT('',(-17.8284271247462,40.,6.8284271247462));
#1665=CARTESIAN_POINT('',(-17.8284271247462,40.,2.82842712474619));
#1666=CARTESIAN_POINT('',(-15.,40.,0.));
#1667=CARTESIAN_POINT('',(-11.,40.,-2.66453525910038E-15));
#1668=CARTESIAN_POINT('',(-8.17157287525381,40.,2.82842712474619));
#1669=CARTESIAN_POINT('',(-17.9249956672411,41.,-0.0965685424949276));
#1670=CARTESIAN_POINT('',(-8.17157287525382,40.,2.82842712474619));
#1671=CARTESIAN_POINT('',(-8.1715728752538,40.,6.8284271247462));
#1672=CARTESIAN_POINT('',(-11.,40.,9.65685424949239));
#1673=CARTESIAN_POINT('',(-15.,40.,9.65685424949239));
#1674=CARTESIAN_POINT('',(-17.8284271247462,40.,6.8284271247462));
#1675=CARTESIAN_POINT('',(-17.8284271247462,40.,2.82842712474619));
#1676=CARTESIAN_POINT('',(-15.,40.,0.));
#1677=CARTESIAN_POINT('',(-11.,40.,-2.66453525910038E-15));
#1678=CARTESIAN_POINT('',(-8.17157287525382,41.,2.82842712474619));
#1679=CARTESIAN_POINT('',(-8.1715728752538,41.,6.82842712474619));
#1680=CARTESIAN_POINT('',(-11.,41.,9.65685424949239));
#1681=CARTESIAN_POINT('',(-15.,41.,9.65685424949239));
#1682=CARTESIAN_POINT('',(-17.8284271247462,41.,6.8284271247462));
#1683=CARTESIAN_POINT('',(-17.8284271247462,41.,2.82842712474619));
#1684=CARTESIAN_POINT('',(-15.,41.,-8.88178419700125E-16));
#1685=CARTESIAN_POINT('',(-11.,41.,-3.5527136788005E-15));
#1686=CARTESIAN_POINT('',(-8.17157287525382,40.,2.82842712474619));
#1687=CARTESIAN_POINT('',(-8.1715728752538,40.,6.8284271247462));
#1688=CARTESIAN_POINT('',(-8.1715728752538,40.,6.8284271247462));
#1689=CARTESIAN_POINT('',(-11.,40.,9.65685424949239));
#1690=CARTESIAN_POINT('',(-11.,40.,9.65685424949239));
#1691=CARTESIAN_POINT('',(-15.,40.,9.65685424949239));
#1692=CARTESIAN_POINT('',(-15.,40.,9.65685424949239));
#1693=CARTESIAN_POINT('',(-17.8284271247462,40.,6.8284271247462));
#1694=CARTESIAN_POINT('',(-17.8284271247462,40.,6.8284271247462));
#1695=CARTESIAN_POINT('',(-17.8284271247462,40.,2.82842712474619));
#1696=CARTESIAN_POINT('',(-17.8284271247462,40.,2.82842712474619));
#1697=CARTESIAN_POINT('',(-15.,40.,0.));
#1698=CARTESIAN_POINT('',(-15.,40.,0.));
#1699=CARTESIAN_POINT('',(-11.,40.,-2.66453525910038E-15));
#1700=CARTESIAN_POINT('',(-11.,40.,-2.66453525910038E-15));
#1701=CARTESIAN_POINT('',(-8.17157287525382,40.,2.82842712474619));
#1702=CARTESIAN_POINT('',(-8.17157287525382,40.,2.82842712474619));
#1703=CARTESIAN_POINT('',(-8.17157287525382,41.,2.82842712474619));
#1704=CARTESIAN_POINT('',(-8.17157287525382,41.,2.82842712474619));
#1705=CARTESIAN_POINT('',(-8.1715728752538,41.,6.82842712474619));
#1706=CARTESIAN_POINT('',(-8.1715728752538,41.,6.82842712474619));
#1707=CARTESIAN_POINT('',(-8.1715728752538,40.,6.8284271247462));
#1708=CARTESIAN_POINT('',(-8.1715728752538,41.,6.82842712474619));
#1709=CARTESIAN_POINT('',(-11.,41.,9.65685424949239));
#1710=CARTESIAN_POINT('',(-11.,41.,9.65685424949239));
#1711=CARTESIAN_POINT('',(-11.,40.,9.65685424949239));
#1712=CARTESIAN_POINT('',(-11.,41.,9.65685424949239));
#1713=CARTESIAN_POINT('',(-15.,41.,9.65685424949239));
#1714=CARTESIAN_POINT('',(-15.,41.,9.65685424949239));
#1715=CARTESIAN_POINT('',(-15.,40.,9.65685424949239));
#1716=CARTESIAN_POINT('',(-15.,41.,9.65685424949239));
#1717=CARTESIAN_POINT('',(-17.8284271247462,41.,6.8284271247462));
#1718=CARTESIAN_POINT('',(-17.8284271247462,41.,6.8284271247462));
#1719=CARTESIAN_POINT('',(-17.8284271247462,40.,6.8284271247462));
#1720=CARTESIAN_POINT('',(-17.8284271247462,41.,6.8284271247462));
#1721=CARTESIAN_POINT('',(-17.8284271247462,41.,2.82842712474619));
#1722=CARTESIAN_POINT('',(-17.8284271247462,41.,2.82842712474619));
#1723=CARTESIAN_POINT('',(-17.8284271247462,40.,2.82842712474619));
#1724=CARTESIAN_POINT('',(-17.8284271247462,41.,2.82842712474619));
#1725=CARTESIAN_POINT('',(-15.,41.,-8.88178419700125E-16));
#1726=CARTESIAN_POINT('',(-15.,41.,-8.88178419700125E-16));
#1727=CARTESIAN_POINT('',(-15.,40.,0.));
#1728=CARTESIAN_POINT('',(-15.,41.,-8.88178419700125E-16));
#1729=CARTESIAN_POINT('',(-11.,41.,-3.5527136788005E-15));
#1730=CARTESIAN_POINT('',(-11.,41.,-3.5527136788005E-15));
#1731=CARTESIAN_POINT('',(-11.,40.,-2.66453525910038E-15));
#1732=CARTESIAN_POINT('',(-11.,41.,-3.5527136788005E-15));
#1733=CARTESIAN_POINT('',(-8.17157287525382,41.,2.82842712474619));
#1734=CARTESIAN_POINT('',(-6.94026325599933,33.0000000000002,1.39466020806479));
#1735=CARTESIAN_POINT('',(-13.6403765408695,33.,-0.358443452479398));
#1736=CARTESIAN_POINT('',(-17.1204859528548,33.,1.61357036101459));
#1737=CARTESIAN_POINT('',(-18.1868705772256,33.,5.46880366561568));
#1738=CARTESIAN_POINT('',(-16.2148567637316,33.,8.94891307760099));
#1739=CARTESIAN_POINT('',(-12.3596234591305,33.,10.0152977019718));
#1740=CARTESIAN_POINT('',(-8.8795140471452,33.,8.0432838884778));
#1741=CARTESIAN_POINT('',(-7.81312942277441,33.,4.18805058387671));
#1742=CARTESIAN_POINT('',(-9.78514323626836,33.0000000000001,0.707941171891365));
#1743=CARTESIAN_POINT('',(-6.94026325599932,32.0000000000002,1.39466020806479));
#1744=CARTESIAN_POINT('',(-9.78514323626836,33.0000000000002,0.707941171891365));
#1745=CARTESIAN_POINT('',(-13.6403765408695,33.,-0.358443452479398));
#1746=CARTESIAN_POINT('',(-17.1204859528548,33.,1.61357036101459));
#1747=CARTESIAN_POINT('',(-18.1868705772256,33.,5.46880366561568));
#1748=CARTESIAN_POINT('',(-16.2148567637316,33.,8.94891307760099));
#1749=CARTESIAN_POINT('',(-12.3596234591305,33.,10.0152977019718));
#1750=CARTESIAN_POINT('',(-8.8795140471452,33.,8.0432838884778));
#1751=CARTESIAN_POINT('',(-7.81312942277441,33.,4.18805058387671));
#1752=CARTESIAN_POINT('',(-9.78514323626834,32.0000000000002,0.707941171891357));
#1753=CARTESIAN_POINT('',(-13.6403765408695,32.,-0.358443452479406));
#1754=CARTESIAN_POINT('',(-17.1204859528548,32.,1.61357036101459));
#1755=CARTESIAN_POINT('',(-18.1868705772256,32.,5.46880366561567));
#1756=CARTESIAN_POINT('',(-16.2148567637316,32.,8.94891307760098));
#1757=CARTESIAN_POINT('',(-12.3596234591305,32.,10.0152977019718));
#1758=CARTESIAN_POINT('',(-8.87951404714519,32.,8.04328388847779));
#1759=CARTESIAN_POINT('',(-7.81312942277439,32.,4.1880505838767));
#1760=CARTESIAN_POINT('',(-9.78514323626836,33.0000000000002,0.707941171891365));
#1761=CARTESIAN_POINT('',(-13.6403765408695,33.,-0.358443452479398));
#1762=CARTESIAN_POINT('',(-13.6403765408695,33.,-0.358443452479398));
#1763=CARTESIAN_POINT('',(-17.1204859528548,33.,1.61357036101459));
#1764=CARTESIAN_POINT('',(-17.1204859528548,33.,1.61357036101459));
#1765=CARTESIAN_POINT('',(-18.1868705772256,33.,5.46880366561568));
#1766=CARTESIAN_POINT('',(-18.1868705772256,33.,5.46880366561568));
#1767=CARTESIAN_POINT('',(-16.2148567637316,33.,8.94891307760099));
#1768=CARTESIAN_POINT('',(-16.2148567637316,33.,8.94891307760099));
#1769=CARTESIAN_POINT('',(-12.3596234591305,33.,10.0152977019718));
#1770=CARTESIAN_POINT('',(-12.3596234591305,33.,10.0152977019718));
#1771=CARTESIAN_POINT('',(-8.8795140471452,33.,8.0432838884778));
#1772=CARTESIAN_POINT('',(-8.8795140471452,33.,8.0432838884778));
#1773=CARTESIAN_POINT('',(-7.81312942277441,33.,4.18805058387671));
#1774=CARTESIAN_POINT('',(-7.81312942277441,33.,4.18805058387671));
#1775=CARTESIAN_POINT('',(-9.78514323626836,33.0000000000002,0.707941171891365));
#1776=CARTESIAN_POINT('',(-9.78514323626836,33.0000000000002,0.707941171891365));
#1777=CARTESIAN_POINT('',(-9.78514323626834,32.0000000000002,0.707941171891357));
#1778=CARTESIAN_POINT('',(-9.78514323626834,32.0000000000002,0.707941171891357));
#1779=CARTESIAN_POINT('',(-13.6403765408695,32.,-0.358443452479406));
#1780=CARTESIAN_POINT('',(-13.6403765408695,32.,-0.358443452479406));
#1781=CARTESIAN_POINT('',(-13.6403765408695,33.,-0.358443452479398));
#1782=CARTESIAN_POINT('',(-13.6403765408695,32.,-0.358443452479406));
#1783=CARTESIAN_POINT('',(-17.1204859528548,32.,1.61357036101459));
#1784=CARTESIAN_POINT('',(-17.1204859528548,32.,1.61357036101459));
#1785=CARTESIAN_POINT('',(-17.1204859528548,33.,1.61357036101459));
#1786=CARTESIAN_POINT('',(-17.1204859528548,32.,1.61357036101459));
#1787=CARTESIAN_POINT('',(-18.1868705772256,32.,5.46880366561567));
#1788=CARTESIAN_POINT('',(-18.1868705772256,32.,5.46880366561567));
#1789=CARTESIAN_POINT('',(-18.1868705772256,33.,5.46880366561568));
#1790=CARTESIAN_POINT('',(-18.1868705772256,32.,5.46880366561567));
#1791=CARTESIAN_POINT('',(-16.2148567637316,32.,8.94891307760098));
#1792=CARTESIAN_POINT('',(-16.2148567637316,32.,8.94891307760098));
#1793=CARTESIAN_POINT('',(-16.2148567637316,33.,8.94891307760099));
#1794=CARTESIAN_POINT('',(-16.2148567637316,32.,8.94891307760098));
#1795=CARTESIAN_POINT('',(-12.3596234591305,32.,10.0152977019718));
#1796=CARTESIAN_POINT('',(-12.3596234591305,32.,10.0152977019718));
#1797=CARTESIAN_POINT('',(-12.3596234591305,33.,10.0152977019718));
#1798=CARTESIAN_POINT('',(-12.3596234591305,32.,10.0152977019718));
#1799=CARTESIAN_POINT('',(-8.87951404714519,32.,8.04328388847779));
#1800=CARTESIAN_POINT('',(-8.87951404714519,32.,8.04328388847779));
#1801=CARTESIAN_POINT('',(-8.8795140471452,33.,8.0432838884778));
#1802=CARTESIAN_POINT('',(-8.87951404714519,32.,8.04328388847779));
#1803=CARTESIAN_POINT('',(-7.81312942277439,32.,4.1880505838767));
#1804=CARTESIAN_POINT('',(-7.81312942277439,32.,4.1880505838767));
#1805=CARTESIAN_POINT('',(-7.81312942277441,33.,4.18805058387671));
#1806=CARTESIAN_POINT('',(-7.81312942277439,32.,4.1880505838767));
#1807=CARTESIAN_POINT('',(-9.78514323626834,32.0000000000002,0.707941171891357));
#1808=CARTESIAN_POINT('',(-9.93975702357256,36.5,8.85006906898477));
#1809=CARTESIAN_POINT('',(-11.9397570235726,36.5,8.85006906898477));
#1810=CARTESIAN_POINT('',(-7.99235114901434,36.5,5.50823885431094));
#1811=CARTESIAN_POINT('',(-9.40656471138744,36.5,6.92245241668404));
#1812=CARTESIAN_POINT('',(-8.97835805576165,36.5,1.76818414831834));
#1813=CARTESIAN_POINT('',(-8.97835805576165,36.5,3.76818414831835));
#1814=CARTESIAN_POINT('',(-12.3201882704355,36.5,-0.179221726239879));
#1815=CARTESIAN_POINT('',(-10.9059747080624,36.5,1.23499183613322));
#1816=CARTESIAN_POINT('',(-16.0602429764281,36.5,0.80678518050744));
#1817=CARTESIAN_POINT('',(-14.0602429764281,36.5,0.806785180507443));
#1818=CARTESIAN_POINT('',(-18.0076488509863,36.5,4.14861539518126));
#1819=CARTESIAN_POINT('',(-16.5934352886132,36.5,2.73440183280817));
#1820=CARTESIAN_POINT('',(-17.021641944239,36.5,7.88867010117386));
#1821=CARTESIAN_POINT('',(-17.021641944239,36.5,5.88867010117386));
#1822=CARTESIAN_POINT('',(-13.6798117295652,36.5,9.83607597573208));
#1823=CARTESIAN_POINT('',(-15.0940252919383,36.5,8.42186241335899));
#1824=CARTESIAN_POINT('',(-15.0844551211351,40.0518686817472,9.66412593220793));
#1825=CARTESIAN_POINT('',(-11.0000000000002,39.9999999999999,9.65685424949238));
#1826=CARTESIAN_POINT('',(-8.87951404714507,33.,8.04328388847766));
#1827=CARTESIAN_POINT('',(-15.,39.9246092645376,9.98391476137779));
#1828=CARTESIAN_POINT('',(-12.8795140471448,32.9246092645377,8.37034440036306));
#1829=CARTESIAN_POINT('',(-8.8414851661808,32.9113567069862,8.02011706901165));
#1830=CARTESIAN_POINT('',(-15.0844551211351,40.049817965471,9.67302236107148));
#1831=CARTESIAN_POINT('',(-8.8414851661808,32.9101600251958,8.02530852067392));
#1832=CARTESIAN_POINT('',(-15.,40.0753907354624,9.32979373760701));
#1833=CARTESIAN_POINT('',(-8.87951404714534,32.9999999999999,8.04328388847765));
#1834=CARTESIAN_POINT('',(-11.0000000000002,39.9999999999999,9.65685424949238));
#1835=CARTESIAN_POINT('',(-4.87951404714557,32.9246092645375,8.37034440036302));
#1836=CARTESIAN_POINT('',(-11.,40.,9.65685424949238));
#1837=CARTESIAN_POINT('',(-15.,40.,9.6568542494924));
#1838=CARTESIAN_POINT('',(-8.87951404714525,32.9999999999999,8.04328388847765));
#1839=CARTESIAN_POINT('',(-12.0263138633113,38.6350564440678,9.46549722770184));
#1840=CARTESIAN_POINT('',(-12.0263138633114,38.6890218018117,9.23138440973391));
#1841=CARTESIAN_POINT('',(-8.87951404714525,32.9999999999999,8.04328388847765));
#1842=CARTESIAN_POINT('',(-15.,40.,9.6568542494924));
#1843=CARTESIAN_POINT('',(-11.,40.,9.65685424949238));
#1844=CARTESIAN_POINT('',(-8.87951404714525,32.9999999999999,8.04328388847765));
#1845=CARTESIAN_POINT('',(-11.,40.,9.65685424949238));
#1846=CARTESIAN_POINT('',(-11.3421046211039,39.5450188146892,9.5930685755622));
#1847=CARTESIAN_POINT('',(-11.6842092422076,39.0900376293785,9.52928290163202));
#1848=CARTESIAN_POINT('',(-12.0263138633113,38.6350564440678,9.46549722770184));
#1849=CARTESIAN_POINT('',(-15.,40.,9.6568542494924));
#1850=CARTESIAN_POINT('',(-14.0087712877704,39.5450188146893,9.59306857556221));
#1851=CARTESIAN_POINT('',(-13.0175425755408,39.0900376293786,9.52928290163203));
#1852=CARTESIAN_POINT('',(-12.0263138633113,38.6350564440678,9.46549722770184));
#1853=CARTESIAN_POINT('',(-11.,40.,9.65685424949238));
#1854=CARTESIAN_POINT('',(-15.,40.,9.6568542494924));
#1855=CARTESIAN_POINT('',(-12.0263138633114,38.6890218018117,9.23138440973391));
#1856=CARTESIAN_POINT('',(-13.0175425755409,39.1260145345412,9.37320768965341));
#1857=CARTESIAN_POINT('',(-14.0087712877704,39.5630072672706,9.5150309695729));
#1858=CARTESIAN_POINT('',(-15.,40.,9.6568542494924));
#1859=CARTESIAN_POINT('',(-11.,40.,9.65685424949238));
#1860=CARTESIAN_POINT('',(-11.3421046211037,39.5630072672705,9.51503096957288));
#1861=CARTESIAN_POINT('',(-11.6842092422076,39.1260145345411,9.37320768965339));
#1862=CARTESIAN_POINT('',(-12.0263138633114,38.6890218018117,9.23138440973391));
#1863=CARTESIAN_POINT('',(-12.0263138633113,38.6350564440678,9.46549722770184));
#1864=CARTESIAN_POINT('',(-10.9773805912559,36.7567042960452,8.9914261146271));
#1865=CARTESIAN_POINT('',(-9.92844731920053,34.8783521480226,8.51735500155237));
#1866=CARTESIAN_POINT('',(-8.87951404714525,32.9999999999999,8.04328388847765));
#1867=CARTESIAN_POINT('',(-12.0263138633114,38.6890218018117,9.23138440973391));
#1868=CARTESIAN_POINT('',(-10.9773805912561,36.7926812012079,8.8353509026485));
#1869=CARTESIAN_POINT('',(-9.92844731920079,34.8963406006039,8.43931739556309));
#1870=CARTESIAN_POINT('',(-8.87951404714525,32.9999999999999,8.04328388847765));
#1871=CARTESIAN_POINT('',(-8.80245081696645,32.9481313182528,8.00797378496787));
#1872=CARTESIAN_POINT('',(-12.3596234591303,33.0000000000002,10.0152977019717));
#1873=CARTESIAN_POINT('',(-15.,40.0000000000002,9.65685424949232));
#1874=CARTESIAN_POINT('',(-8.71827208532363,33.0753907354623,8.32783547990302));
#1875=CARTESIAN_POINT('',(-11.3586486261933,40.0753907354624,7.96939202742361));
#1876=CARTESIAN_POINT('',(-15.0445074886431,40.088643293014,9.65544685251828));
#1877=CARTESIAN_POINT('',(-8.79806484681404,32.9501820345289,8.01571392142315));
#1878=CARTESIAN_POINT('',(-15.0419480850456,40.0898399748044,9.65996355746621));
#1879=CARTESIAN_POINT('',(-9.04075600896686,32.9246092645376,7.7587322970525));
#1880=CARTESIAN_POINT('',(-14.9999999999997,40.0000000000003,9.65685424949217));
#1881=CARTESIAN_POINT('',(-12.3596234591303,33.0000000000002,10.0152977019717));
#1882=CARTESIAN_POINT('',(-18.3188674501632,40.0753907354629,11.9134196544114));
#1883=CARTESIAN_POINT('',(-12.3596234591305,33.0000000000002,10.0152977019718));
#1884=CARTESIAN_POINT('',(-8.87951404714524,32.9999999999999,8.04328388847776));
#1885=CARTESIAN_POINT('',(-14.9999999999998,40.0000000000003,9.65685424949222));
#1886=CARTESIAN_POINT('',(-11.5610419978604,34.3649435559323,9.34283557996855));
#1887=CARTESIAN_POINT('',(-11.6764604255974,34.3109781981883,9.13915102464934));
#1888=CARTESIAN_POINT('',(-14.9999999999998,40.0000000000003,9.65685424949222));
#1889=CARTESIAN_POINT('',(-8.87951404714524,32.9999999999999,8.04328388847776));
#1890=CARTESIAN_POINT('',(-12.3596234591305,33.0000000000002,10.0152977019718));
#1891=CARTESIAN_POINT('',(-14.9999999999998,40.0000000000003,9.65685424949222));
#1892=CARTESIAN_POINT('',(-12.3596234591305,33.0000000000002,10.0152977019718));
#1893=CARTESIAN_POINT('',(-12.093429638707,33.4549811853109,9.79114366130402));
#1894=CARTESIAN_POINT('',(-11.8272358182837,33.9099623706216,9.56698962063629));
#1895=CARTESIAN_POINT('',(-11.5610419978604,34.3649435559323,9.34283557996855));
#1896=CARTESIAN_POINT('',(-8.87951404714524,32.9999999999999,8.04328388847776));
#1897=CARTESIAN_POINT('',(-9.77335669738363,33.4549811853107,8.47646778564137));
#1898=CARTESIAN_POINT('',(-10.667199347622,33.9099623706214,8.90965168280496));
#1899=CARTESIAN_POINT('',(-11.5610419978604,34.3649435559323,9.34283557996855));
#1900=CARTESIAN_POINT('',(-12.3596234591305,33.0000000000002,10.0152977019718));
#1901=CARTESIAN_POINT('',(-8.87951404714524,32.9999999999999,8.04328388847776));
#1902=CARTESIAN_POINT('',(-11.6764604255974,34.3109781981883,9.13915102464934));
#1903=CARTESIAN_POINT('',(-10.7441449661134,33.8739854654589,8.77386197925884));
#1904=CARTESIAN_POINT('',(-9.81182950662935,33.4369927327294,8.4085729338683));
#1905=CARTESIAN_POINT('',(-8.87951404714524,32.9999999999999,8.04328388847776));
#1906=CARTESIAN_POINT('',(-12.3596234591305,33.0000000000002,10.0152977019718));
#1907=CARTESIAN_POINT('',(-12.1319024479529,33.4369927327296,9.72324880953103));
#1908=CARTESIAN_POINT('',(-11.9041814367752,33.873985465459,9.43119991709018));
#1909=CARTESIAN_POINT('',(-11.6764604255974,34.3109781981883,9.13915102464934));
#1910=CARTESIAN_POINT('',(-11.5610419978604,34.3649435559323,9.34283557996855));
#1911=CARTESIAN_POINT('',(-12.7073613319069,36.243295703955,9.4475084698098));
#1912=CARTESIAN_POINT('',(-13.8536806659534,38.1216478519776,9.55218135965103));
#1913=CARTESIAN_POINT('',(-14.9999999999998,40.0000000000003,9.65685424949222));
#1914=CARTESIAN_POINT('',(-11.6764604255974,34.3109781981883,9.13915102464934));
#1915=CARTESIAN_POINT('',(-12.7843069503981,36.2073187987923,9.3117187662636));
#1916=CARTESIAN_POINT('',(-13.8921534751989,38.1036593993962,9.48428650787787));
#1917=CARTESIAN_POINT('',(-14.9999999999998,40.0000000000003,9.65685424949222));
#1918=CARTESIAN_POINT('',(-11.0545769327018,40.0518686817472,9.72171489451177));
#1919=CARTESIAN_POINT('',(-8.17157287525398,39.9999999999999,6.82842712474636));
#1920=CARTESIAN_POINT('',(-7.81312942277441,33.,4.18805058387651));
#1921=CARTESIAN_POINT('',(-10.7687332941875,39.9246092645376,9.8881209553049));
#1922=CARTESIAN_POINT('',(-10.4102898417079,32.9246092645377,7.24774441443505));
#1923=CARTESIAN_POINT('',(-7.80262035830658,32.9113567069862,4.14477868912281));
#1924=CARTESIAN_POINT('',(-11.048286207524,40.049817965471,9.72800561968952));
#1925=CARTESIAN_POINT('',(-7.79894944763199,32.9101600251958,4.14844959979741));
#1926=CARTESIAN_POINT('',(-11.2312667058125,40.0753907354624,9.42558754367989));
#1927=CARTESIAN_POINT('',(-7.81312942277461,32.9999999999999,4.18805058387671));
#1928=CARTESIAN_POINT('',(-8.17157287525398,39.9999999999999,6.82842712474636));
#1929=CARTESIAN_POINT('',(-4.75343559221609,32.9246092645375,1.59089016494317));
#1930=CARTESIAN_POINT('',(-8.17157287525381,40.,6.8284271247462));
#1931=CARTESIAN_POINT('',(-11.,40.,9.6568542494924));
#1932=CARTESIAN_POINT('',(-7.81312942277454,32.9999999999999,4.18805058387664));
#1933=CARTESIAN_POINT('',(-9.03259621536274,38.6350564440678,7.4188307693836));
#1934=CARTESIAN_POINT('',(-9.19813897651065,38.6890218018117,7.25328800823589));
#1935=CARTESIAN_POINT('',(-7.81312942277454,32.9999999999999,4.18805058387664));
#1936=CARTESIAN_POINT('',(-11.,40.,9.6568542494924));
#1937=CARTESIAN_POINT('',(-8.17157287525381,40.,6.8284271247462));
#1938=CARTESIAN_POINT('',(-7.81312942277454,32.9999999999999,4.18805058387664));
#1939=CARTESIAN_POINT('',(-8.17157287525381,40.,6.8284271247462));
#1940=CARTESIAN_POINT('',(-8.45858065529019,39.5450188146892,7.0252283396254));
#1941=CARTESIAN_POINT('',(-8.74558843532646,39.0900376293785,7.22202955450449));
#1942=CARTESIAN_POINT('',(-9.03259621536274,38.6350564440678,7.4188307693836));
#1943=CARTESIAN_POINT('',(-11.,40.,9.6568542494924));
#1944=CARTESIAN_POINT('',(-10.3441987384542,39.5450188146893,8.91084642278945));
#1945=CARTESIAN_POINT('',(-9.68839747690848,39.0900376293786,8.16483859608654));
#1946=CARTESIAN_POINT('',(-9.03259621536274,38.6350564440678,7.4188307693836));
#1947=CARTESIAN_POINT('',(-8.17157287525381,40.,6.8284271247462));
#1948=CARTESIAN_POINT('',(-11.,40.,9.6568542494924));
#1949=CARTESIAN_POINT('',(-9.19813897651065,38.6890218018117,7.25328800823589));
#1950=CARTESIAN_POINT('',(-9.79875931767371,39.1260145345412,8.05447675532134));
#1951=CARTESIAN_POINT('',(-10.3993796588368,39.5630072672706,8.85566550240685));
#1952=CARTESIAN_POINT('',(-11.,40.,9.6568542494924));
#1953=CARTESIAN_POINT('',(-8.17157287525381,40.,6.8284271247462));
#1954=CARTESIAN_POINT('',(-8.51376157567271,39.5630072672705,6.9700474192427));
#1955=CARTESIAN_POINT('',(-8.85595027609167,39.1260145345411,7.11166771373928));
#1956=CARTESIAN_POINT('',(-9.19813897651065,38.6890218018117,7.25328800823589));
#1957=CARTESIAN_POINT('',(-9.03259621536274,38.6350564440678,7.4188307693836));
#1958=CARTESIAN_POINT('',(-8.62610728449996,36.7567042960452,6.34190404088123));
#1959=CARTESIAN_POINT('',(-8.21961835363723,34.8783521480226,5.26497731237891));
#1960=CARTESIAN_POINT('',(-7.81312942277454,32.9999999999999,4.18805058387664));
#1961=CARTESIAN_POINT('',(-9.19813897651065,38.6890218018117,7.25328800823589));
#1962=CARTESIAN_POINT('',(-8.73646912526533,36.7926812012079,6.23154220011621));
#1963=CARTESIAN_POINT('',(-8.27479927402,34.8963406006039,5.20979639199651));
#1964=CARTESIAN_POINT('',(-7.81312942277454,32.9999999999999,4.18805058387664));
#1965=CARTESIAN_POINT('',(-7.78360550377114,32.9481313182528,4.10859063760091));
#1966=CARTESIAN_POINT('',(-8.87951404714511,33.0000000000002,8.04328388847761));
#1967=CARTESIAN_POINT('',(-11.,40.0000000000002,9.6568542494923));
#1968=CARTESIAN_POINT('',(-7.49790577826435,33.0753907354623,4.27524365915505));
#1969=CARTESIAN_POINT('',(-9.61839173111925,40.0753907354624,5.88881402016974));
#1970=CARTESIAN_POINT('',(-11.0324667269773,40.088643293014,9.6873306165813));
#1971=CARTESIAN_POINT('',(-7.77503105155945,32.9501820345289,4.1109623913389));
#1972=CARTESIAN_POINT('',(-11.0274631626404,40.0898399748044,9.688714637639));
#1973=CARTESIAN_POINT('',(-8.12835306728457,32.9246092645376,4.10085750859837));
#1974=CARTESIAN_POINT('',(-10.9999999999999,40.0000000000003,9.65685424949203));
#1975=CARTESIAN_POINT('',(-8.87951404714511,33.0000000000002,8.04328388847761));
#1976=CARTESIAN_POINT('',(-11.7511609798605,40.0753907354629,13.5992806293713));
#1977=CARTESIAN_POINT('',(-8.87951404714517,33.0000000000002,8.04328388847784));
#1978=CARTESIAN_POINT('',(-7.81312942277446,32.9999999999999,4.18805058387671));
#1979=CARTESIAN_POINT('',(-11.,40.0000000000003,9.65685424949212));
#1980=CARTESIAN_POINT('',(-8.7903342071108,34.3649435559323,7.00309899532422));
#1981=CARTESIAN_POINT('',(-9.01597409032675,34.3109781981883,6.94068541796181));
#1982=CARTESIAN_POINT('',(-11.,40.0000000000003,9.65685424949212));
#1983=CARTESIAN_POINT('',(-7.81312942277446,32.9999999999999,4.18805058387671));
#1984=CARTESIAN_POINT('',(-8.87951404714517,33.0000000000002,8.04328388847784));
#1985=CARTESIAN_POINT('',(-11.,40.0000000000003,9.65685424949212));
#1986=CARTESIAN_POINT('',(-8.87951404714517,33.0000000000002,8.04328388847784));
#1987=CARTESIAN_POINT('',(-8.84978743380036,33.4549811853109,7.69655559075986));
#1988=CARTESIAN_POINT('',(-8.82006082045557,33.9099623706216,7.34982729304204));
#1989=CARTESIAN_POINT('',(-8.7903342071108,34.3649435559323,7.00309899532422));
#1990=CARTESIAN_POINT('',(-7.81312942277446,32.9999999999999,4.18805058387671));
#1991=CARTESIAN_POINT('',(-8.13886435088658,33.4549811853107,5.12640005435923));
#1992=CARTESIAN_POINT('',(-8.46459927899867,33.9099623706214,6.06474952484172));
#1993=CARTESIAN_POINT('',(-8.7903342071108,34.3649435559323,7.00309899532422));
#1994=CARTESIAN_POINT('',(-8.87951404714517,33.0000000000002,8.04328388847784));
#1995=CARTESIAN_POINT('',(-7.81312942277446,32.9999999999999,4.18805058387671));
#1996=CARTESIAN_POINT('',(-9.01597409032675,34.3109781981883,6.94068541796181));
#1997=CARTESIAN_POINT('',(-8.61502586780935,33.8739854654589,6.02314047326685));
#1998=CARTESIAN_POINT('',(-8.21407764529191,33.4369927327294,5.10559552857179));
#1999=CARTESIAN_POINT('',(-7.81312942277446,32.9999999999999,4.18805058387671));
#2000=CARTESIAN_POINT('',(-8.87951404714517,33.0000000000002,8.04328388847784));
#2001=CARTESIAN_POINT('',(-8.92500072820573,33.4369927327296,7.67575106497256));
#2002=CARTESIAN_POINT('',(-8.97048740926625,33.873985465459,7.30821824146719));
#2003=CARTESIAN_POINT('',(-9.01597409032675,34.3109781981883,6.94068541796181));
#2004=CARTESIAN_POINT('',(-8.7903342071108,34.3649435559323,7.00309899532422));
#2005=CARTESIAN_POINT('',(-9.52688947140721,36.243295703955,7.88768408004692));
#2006=CARTESIAN_POINT('',(-10.2634447357036,38.1216478519776,8.77226916476955));
#2007=CARTESIAN_POINT('',(-11.,40.0000000000003,9.65685424949212));
#2008=CARTESIAN_POINT('',(-9.01597409032675,34.3109781981883,6.94068541796181));
#2009=CARTESIAN_POINT('',(-9.67731606021779,36.2073187987923,7.84607502847183));
#2010=CARTESIAN_POINT('',(-10.3386580301088,38.1036593993962,8.75146463898188));
#2011=CARTESIAN_POINT('',(-11.,40.0000000000003,9.65685424949212));
#2012=CARTESIAN_POINT('',(-8.16430119253827,40.0518686817472,6.91288224588134));
#2013=CARTESIAN_POINT('',(-8.17157287525382,39.9999999999999,2.82842712474643));
#2014=CARTESIAN_POINT('',(-9.78514323626854,33.,0.707941171891259));
#2015=CARTESIAN_POINT('',(-7.84451236336841,39.9246092645376,6.8284271247462));
#2016=CARTESIAN_POINT('',(-9.45808272438314,32.9246092645377,4.70794117189103));
#2017=CARTESIAN_POINT('',(-9.80831005573455,32.9113567069862,0.669912290926998));
#2018=CARTESIAN_POINT('',(-8.15540476367472,40.049817965471,6.91288224588133));
#2019=CARTESIAN_POINT('',(-9.80311860407228,32.9101600251958,0.669912290926998));
#2020=CARTESIAN_POINT('',(-8.49863338713919,40.0753907354624,6.82842712474619));
#2021=CARTESIAN_POINT('',(-9.78514323626855,32.9999999999999,0.707941171891536));
#2022=CARTESIAN_POINT('',(-8.17157287525382,39.9999999999999,2.82842712474643));
#2023=CARTESIAN_POINT('',(-9.45808272438317,32.9246092645375,-3.29205882810823));
#2024=CARTESIAN_POINT('',(-8.17157287525382,40.,2.82842712474619));
#2025=CARTESIAN_POINT('',(-8.1715728752538,40.,6.82842712474619));
#2026=CARTESIAN_POINT('',(-9.78514323626855,32.9999999999999,0.707941171891444));
#2027=CARTESIAN_POINT('',(-8.36292989704436,38.6350564440678,3.85474098805747));
#2028=CARTESIAN_POINT('',(-8.59704271501229,38.6890218018117,3.85474098805761));
#2029=CARTESIAN_POINT('',(-9.78514323626855,32.9999999999999,0.707941171891444));
#2030=CARTESIAN_POINT('',(-8.1715728752538,40.,6.82842712474619));
#2031=CARTESIAN_POINT('',(-8.17157287525382,40.,2.82842712474619));
#2032=CARTESIAN_POINT('',(-9.78514323626855,32.9999999999999,0.707941171891444));
#2033=CARTESIAN_POINT('',(-8.17157287525382,40.,2.82842712474619));
#2034=CARTESIAN_POINT('',(-8.235358549184,39.5450188146892,3.17053174585005));
#2035=CARTESIAN_POINT('',(-8.29914422311418,39.0900376293785,3.51263636695375));
#2036=CARTESIAN_POINT('',(-8.36292989704436,38.6350564440678,3.85474098805747));
#2037=CARTESIAN_POINT('',(-8.1715728752538,40.,6.82842712474619));
#2038=CARTESIAN_POINT('',(-8.23535854918399,39.5450188146893,5.8371984125166));
#2039=CARTESIAN_POINT('',(-8.29914422311417,39.0900376293786,4.84596970028704));
#2040=CARTESIAN_POINT('',(-8.36292989704436,38.6350564440678,3.85474098805747));
#2041=CARTESIAN_POINT('',(-8.17157287525382,40.,2.82842712474619));
#2042=CARTESIAN_POINT('',(-8.1715728752538,40.,6.82842712474619));
#2043=CARTESIAN_POINT('',(-8.59704271501229,38.6890218018117,3.85474098805761));
#2044=CARTESIAN_POINT('',(-8.45521943509279,39.1260145345412,4.84596970028706));
#2045=CARTESIAN_POINT('',(-8.3133961551733,39.5630072672706,5.83719841251662));
#2046=CARTESIAN_POINT('',(-8.1715728752538,40.,6.82842712474619));
#2047=CARTESIAN_POINT('',(-8.17157287525382,40.,2.82842712474619));
#2048=CARTESIAN_POINT('',(-8.31339615517332,39.5630072672705,3.17053174584993));
#2049=CARTESIAN_POINT('',(-8.45521943509281,39.1260145345411,3.51263636695375));
#2050=CARTESIAN_POINT('',(-8.59704271501229,38.6890218018117,3.85474098805761));
#2051=CARTESIAN_POINT('',(-8.36292989704436,38.6350564440678,3.85474098805747));
#2052=CARTESIAN_POINT('',(-8.8370010101191,36.7567042960452,2.80580771600206));
#2053=CARTESIAN_POINT('',(-9.31107212319382,34.8783521480226,1.75687444394672));
#2054=CARTESIAN_POINT('',(-9.78514323626855,32.9999999999999,0.707941171891444));
#2055=CARTESIAN_POINT('',(-8.59704271501229,38.6890218018117,3.85474098805761));
#2056=CARTESIAN_POINT('',(-8.9930762220977,36.7926812012079,2.80580771600231));
#2057=CARTESIAN_POINT('',(-9.3891097291831,34.8963406006039,1.75687444394698));
#2058=CARTESIAN_POINT('',(-9.78514323626855,32.9999999999999,0.707941171891444));
#2059=CARTESIAN_POINT('',(-9.82045333977833,32.9481313182528,0.630877941712646));
#2060=CARTESIAN_POINT('',(-7.81312942277448,33.0000000000002,4.18805058387651));
#2061=CARTESIAN_POINT('',(-8.17157287525388,40.0000000000002,6.82842712474614));
#2062=CARTESIAN_POINT('',(-9.50059164484318,33.0753907354623,0.54669921006982));
#2063=CARTESIAN_POINT('',(-9.85903509732259,40.0753907354624,3.18707575093945));
#2064=CARTESIAN_POINT('',(-8.17298027222792,40.088643293014,6.87293461338931));
#2065=CARTESIAN_POINT('',(-9.81271320332305,32.9501820345289,0.626491971560235));
#2066=CARTESIAN_POINT('',(-8.16846356727999,40.0898399748044,6.87037520979179));
#2067=CARTESIAN_POINT('',(-10.0696948276937,32.9246092645376,0.86918313371305));
#2068=CARTESIAN_POINT('',(-8.17157287525403,40.0000000000003,6.8284271247459));
#2069=CARTESIAN_POINT('',(-7.81312942277448,33.0000000000002,4.18805058387651));
#2070=CARTESIAN_POINT('',(-5.91500747033479,40.0753907354629,10.1472945749094));
#2071=CARTESIAN_POINT('',(-7.81312942277436,33.0000000000002,4.18805058387671));
#2072=CARTESIAN_POINT('',(-9.78514323626844,32.9999999999999,0.707941171891431));
#2073=CARTESIAN_POINT('',(-8.17157287525398,40.0000000000003,6.82842712474598));
#2074=CARTESIAN_POINT('',(-8.48559154477765,34.3649435559323,3.38946912260654));
#2075=CARTESIAN_POINT('',(-8.68927610009686,34.3109781981883,3.50488755034362));
#2076=CARTESIAN_POINT('',(-8.17157287525398,40.0000000000003,6.82842712474598));
#2077=CARTESIAN_POINT('',(-9.78514323626844,32.9999999999999,0.707941171891431));
#2078=CARTESIAN_POINT('',(-7.81312942277436,33.0000000000002,4.18805058387671));
#2079=CARTESIAN_POINT('',(-8.17157287525398,40.0000000000003,6.82842712474598));
#2080=CARTESIAN_POINT('',(-7.81312942277436,33.0000000000002,4.18805058387671));
#2081=CARTESIAN_POINT('',(-8.03728346344218,33.4549811853109,3.92185676345324));
#2082=CARTESIAN_POINT('',(-8.26143750410991,33.9099623706216,3.65566294302989));
#2083=CARTESIAN_POINT('',(-8.48559154477765,34.3649435559323,3.38946912260654));
#2084=CARTESIAN_POINT('',(-9.78514323626844,32.9999999999999,0.707941171891431));
#2085=CARTESIAN_POINT('',(-9.35195933910483,33.4549811853107,1.60178382212982));
#2086=CARTESIAN_POINT('',(-8.91877544194123,33.9099623706214,2.49562647236817));
#2087=CARTESIAN_POINT('',(-8.48559154477765,34.3649435559323,3.38946912260654));
#2088=CARTESIAN_POINT('',(-7.81312942277436,33.0000000000002,4.18805058387671));
#2089=CARTESIAN_POINT('',(-9.78514323626844,32.9999999999999,0.707941171891431));
#2090=CARTESIAN_POINT('',(-8.68927610009686,34.3109781981883,3.50488755034362));
#2091=CARTESIAN_POINT('',(-9.05456514548736,33.8739854654589,2.57257209085962));
#2092=CARTESIAN_POINT('',(-9.4198541908779,33.4369927327294,1.64025663137554));
#2093=CARTESIAN_POINT('',(-9.78514323626844,32.9999999999999,0.707941171891431));
#2094=CARTESIAN_POINT('',(-7.81312942277436,33.0000000000002,4.18805058387671));
#2095=CARTESIAN_POINT('',(-8.10517831521517,33.4369927327296,3.96032957269908));
#2096=CARTESIAN_POINT('',(-8.39722720765602,33.873985465459,3.73260856152136));
#2097=CARTESIAN_POINT('',(-8.68927610009686,34.3109781981883,3.50488755034362));
#2098=CARTESIAN_POINT('',(-8.48559154477765,34.3649435559323,3.38946912260654));
#2099=CARTESIAN_POINT('',(-8.3809186549364,36.243295703955,4.53578845665309));
#2100=CARTESIAN_POINT('',(-8.27624576509517,38.1216478519776,5.68210779069957));
#2101=CARTESIAN_POINT('',(-8.17157287525398,40.0000000000003,6.82842712474598));
#2102=CARTESIAN_POINT('',(-8.68927610009686,34.3109781981883,3.50488755034362));
#2103=CARTESIAN_POINT('',(-8.5167083584826,36.2073187987923,4.61273407514432));
#2104=CARTESIAN_POINT('',(-8.34414061686833,38.1036593993962,5.72058059994505));
#2105=CARTESIAN_POINT('',(-8.17157287525398,40.0000000000003,6.82842712474598));
#2106=CARTESIAN_POINT('',(-8.10671223023442,40.0518686817472,2.88300405744799));
#2107=CARTESIAN_POINT('',(-10.9999999999998,39.9999999999999,1.70530256582424E-13));
#2108=CARTESIAN_POINT('',(-13.6403765408697,33.,-0.358443452479396));
#2109=CARTESIAN_POINT('',(-7.9403061694413,39.9246092645376,2.59716041893369));
#2110=CARTESIAN_POINT('',(-10.5806827103111,32.9246092645377,2.23871696645412));
#2111=CARTESIAN_POINT('',(-13.6836484356234,32.9113567069862,-0.368952516947225));
#2112=CARTESIAN_POINT('',(-8.10042150505667,40.049817965471,2.87671333227022));
#2113=CARTESIAN_POINT('',(-13.6799775249488,32.9101600251958,-0.372623427621817));
#2114=CARTESIAN_POINT('',(-8.4028395810663,40.0753907354624,3.05969383055869));
#2115=CARTESIAN_POINT('',(-13.6403765408695,32.9999999999999,-0.358443452479198));
#2116=CARTESIAN_POINT('',(-10.9999999999998,39.9999999999999,1.70530256582424E-13));
#2117=CARTESIAN_POINT('',(-16.237536959803,32.9246092645375,-3.41813728303772));
#2118=CARTESIAN_POINT('',(-11.,40.,5.32907051820075E-15));
#2119=CARTESIAN_POINT('',(-8.1715728752538,40.,2.82842712474618));
#2120=CARTESIAN_POINT('',(-13.6403765408696,32.9999999999999,-0.358443452479262));
#2121=CARTESIAN_POINT('',(-10.4095963553626,38.6350564440678,0.861023340108931));
#2122=CARTESIAN_POINT('',(-10.5751391165103,38.6890218018117,1.02656610125684));
#2123=CARTESIAN_POINT('',(-13.6403765408696,32.9999999999999,-0.358443452479262));
#2124=CARTESIAN_POINT('',(-8.1715728752538,40.,2.82842712474618));
#2125=CARTESIAN_POINT('',(-11.,40.,5.32907051820075E-15));
#2126=CARTESIAN_POINT('',(-13.6403765408696,32.9999999999999,-0.358443452479262));
#2127=CARTESIAN_POINT('',(-11.,40.,5.32907051820075E-15));
#2128=CARTESIAN_POINT('',(-10.8031987851208,39.5450188146892,0.287007780036383));
#2129=CARTESIAN_POINT('',(-10.6063975702417,39.0900376293785,0.574015560072649));
#2130=CARTESIAN_POINT('',(-10.4095963553626,38.6350564440678,0.861023340108931));
#2131=CARTESIAN_POINT('',(-8.1715728752538,40.,2.82842712474618));
#2132=CARTESIAN_POINT('',(-8.91758070195674,39.5450188146893,2.17262586320042));
#2133=CARTESIAN_POINT('',(-9.66358852865966,39.0900376293786,1.51682460165467));
#2134=CARTESIAN_POINT('',(-10.4095963553626,38.6350564440678,0.861023340108931));
#2135=CARTESIAN_POINT('',(-11.,40.,5.32907051820075E-15));
#2136=CARTESIAN_POINT('',(-8.1715728752538,40.,2.82842712474618));
#2137=CARTESIAN_POINT('',(-10.5751391165103,38.6890218018117,1.02656610125684));
#2138=CARTESIAN_POINT('',(-9.77395036942486,39.1260145345412,1.62718644241991));
#2139=CARTESIAN_POINT('',(-8.97276162233934,39.5630072672706,2.22780678358304));
#2140=CARTESIAN_POINT('',(-8.1715728752538,40.,2.82842712474618));
#2141=CARTESIAN_POINT('',(-11.,40.,5.32907051820075E-15));
#2142=CARTESIAN_POINT('',(-10.8583797055035,39.5630072672705,0.342188700418907));
#2143=CARTESIAN_POINT('',(-10.7167594110069,39.1260145345411,0.684377400837867));
#2144=CARTESIAN_POINT('',(-10.5751391165103,38.6890218018117,1.02656610125684));
#2145=CARTESIAN_POINT('',(-10.4095963553626,38.6350564440678,0.861023340108931));
#2146=CARTESIAN_POINT('',(-11.486523083865,36.7567042960452,0.454534409246156));
#2147=CARTESIAN_POINT('',(-12.5634498123673,34.8783521480226,0.0480454783834237));
#2148=CARTESIAN_POINT('',(-13.6403765408696,32.9999999999999,-0.358443452479262));
#2149=CARTESIAN_POINT('',(-10.5751391165103,38.6890218018117,1.02656610125684));
#2150=CARTESIAN_POINT('',(-11.59688492463,36.7926812012079,0.564896250011527));
#2151=CARTESIAN_POINT('',(-12.6186307327497,34.8963406006039,0.103226398766198));
#2152=CARTESIAN_POINT('',(-13.6403765408696,32.9999999999999,-0.358443452479262));
#2153=CARTESIAN_POINT('',(-13.7198364871453,32.9481313182528,-0.387967371482665));
#2154=CARTESIAN_POINT('',(-9.78514323626858,33.0000000000002,0.707941171891306));
#2155=CARTESIAN_POINT('',(-8.17157287525389,40.0000000000002,2.82842712474621));
#2156=CARTESIAN_POINT('',(-13.5531834655911,33.0753907354623,-0.673667096989456));
#2157=CARTESIAN_POINT('',(-11.9396131045765,40.0753907354624,1.44681885586544));
#2158=CARTESIAN_POINT('',(-8.14109650816489,40.088643293014,2.86089385172354));
#2159=CARTESIAN_POINT('',(-13.7174647334073,32.9501820345289,-0.396541823694355));
#2160=CARTESIAN_POINT('',(-8.13971248710719,40.0898399748044,2.85589028738664));
#2161=CARTESIAN_POINT('',(-13.7275696161478,32.9246092645376,-0.0432198079692316));
#2162=CARTESIAN_POINT('',(-8.17157287525417,40.0000000000003,2.82842712474614));
#2163=CARTESIAN_POINT('',(-9.78514323626858,33.0000000000002,0.707941171891306));
#2164=CARTESIAN_POINT('',(-4.22914649537492,40.0753907354629,3.57958810460667));
#2165=CARTESIAN_POINT('',(-9.78514323626836,33.0000000000002,0.707941171891365));
#2166=CARTESIAN_POINT('',(-13.6403765408695,32.9999999999999,-0.358443452479348));
#2167=CARTESIAN_POINT('',(-8.17157287525407,40.0000000000003,2.82842712474616));
#2168=CARTESIAN_POINT('',(-10.825328129422,34.3649435559323,0.618761331856989));
#2169=CARTESIAN_POINT('',(-10.8877417067844,34.3109781981883,0.844401215072942));
#2170=CARTESIAN_POINT('',(-8.17157287525407,40.0000000000003,2.82842712474616));
#2171=CARTESIAN_POINT('',(-13.6403765408695,32.9999999999999,-0.358443452479348));
#2172=CARTESIAN_POINT('',(-9.78514323626836,33.0000000000002,0.707941171891365));
#2173=CARTESIAN_POINT('',(-8.17157287525407,40.0000000000003,2.82842712474616));
#2174=CARTESIAN_POINT('',(-9.78514323626836,33.0000000000002,0.707941171891365));
#2175=CARTESIAN_POINT('',(-10.1318715339863,33.4549811853109,0.67821455854655));
#2176=CARTESIAN_POINT('',(-10.4785998317042,33.9099623706216,0.648487945201767));
#2177=CARTESIAN_POINT('',(-10.825328129422,34.3649435559323,0.618761331856989));
#2178=CARTESIAN_POINT('',(-13.6403765408695,32.9999999999999,-0.358443452479348));
#2179=CARTESIAN_POINT('',(-12.702027070387,33.4549811853107,-0.03270852436723));
#2180=CARTESIAN_POINT('',(-11.7636775999045,33.9099623706214,0.293026403744866));
#2181=CARTESIAN_POINT('',(-10.825328129422,34.3649435559323,0.618761331856989));
#2182=CARTESIAN_POINT('',(-9.78514323626836,33.0000000000002,0.707941171891365));
#2183=CARTESIAN_POINT('',(-13.6403765408695,32.9999999999999,-0.358443452479348));
#2184=CARTESIAN_POINT('',(-10.8877417067844,34.3109781981883,0.844401215072942));
#2185=CARTESIAN_POINT('',(-11.8052866514793,33.8739854654589,0.443452992555539));
#2186=CARTESIAN_POINT('',(-12.7228315961744,33.4369927327294,0.0425047700381054));
#2187=CARTESIAN_POINT('',(-13.6403765408695,32.9999999999999,-0.358443452479348));
#2188=CARTESIAN_POINT('',(-9.78514323626836,33.0000000000002,0.707941171891365));
#2189=CARTESIAN_POINT('',(-10.1526760597736,33.4369927327296,0.753427852951924));
#2190=CARTESIAN_POINT('',(-10.520208883279,33.873985465459,0.798914534012443));
#2191=CARTESIAN_POINT('',(-10.8877417067844,34.3109781981883,0.844401215072942));
#2192=CARTESIAN_POINT('',(-10.825328129422,34.3649435559323,0.618761331856989));
#2193=CARTESIAN_POINT('',(-9.94074304469928,36.243295703955,1.35531659615341));
#2194=CARTESIAN_POINT('',(-9.05615795997664,38.1216478519776,2.09187186044979));
#2195=CARTESIAN_POINT('',(-8.17157287525407,40.0000000000003,2.82842712474616));
#2196=CARTESIAN_POINT('',(-10.8877417067844,34.3109781981883,0.844401215072942));
#2197=CARTESIAN_POINT('',(-9.98235209627436,36.2073187987923,1.50574318496398));
#2198=CARTESIAN_POINT('',(-9.07696248576432,38.1036593993962,2.16708515485503));
#2199=CARTESIAN_POINT('',(-8.17157287525407,40.0000000000003,2.82842712474616));
#2200=CARTESIAN_POINT('',(-10.9155448788649,40.0518686817472,-0.00727168271553358));
#2201=CARTESIAN_POINT('',(-14.9999999999998,39.9999999999999,7.105427357601E-15));
#2202=CARTESIAN_POINT('',(-17.1204859528549,33.,1.61357036101474));
#2203=CARTESIAN_POINT('',(-11.,39.9246092645376,-0.327060511885396));
#2204=CARTESIAN_POINT('',(-13.1204859528552,32.9246092645377,1.28650984912933));
#2205=CARTESIAN_POINT('',(-17.1585148338192,32.9113567069862,1.63673718048074));
#2206=CARTESIAN_POINT('',(-10.9155448788649,40.049817965471,-0.0161681115790846));
#2207=CARTESIAN_POINT('',(-17.1585148338192,32.9101600251958,1.63154572881847));
#2208=CARTESIAN_POINT('',(-11.,40.0753907354624,0.327060511885382));
#2209=CARTESIAN_POINT('',(-17.1204859528547,32.9999999999999,1.61357036101474));
#2210=CARTESIAN_POINT('',(-14.9999999999998,39.9999999999999,7.105427357601E-15));
#2211=CARTESIAN_POINT('',(-21.1204859528544,32.9246092645375,1.28650984912937));
#2212=CARTESIAN_POINT('',(-15.,40.,7.105427357601E-15));
#2213=CARTESIAN_POINT('',(-11.,40.,-1.06581410364015E-14));
#2214=CARTESIAN_POINT('',(-17.1204859528547,32.9999999999999,1.61357036101474));
#2215=CARTESIAN_POINT('',(-13.9736861366887,38.6350564440678,0.191357021790559));
#2216=CARTESIAN_POINT('',(-13.9736861366886,38.6890218018117,0.425469839758481));
#2217=CARTESIAN_POINT('',(-17.1204859528547,32.9999999999999,1.61357036101474));
#2218=CARTESIAN_POINT('',(-11.,40.,-1.06581410364015E-14));
#2219=CARTESIAN_POINT('',(-15.,40.,7.105427357601E-15));
#2220=CARTESIAN_POINT('',(-17.1204859528547,32.9999999999999,1.61357036101474));
#2221=CARTESIAN_POINT('',(-15.,40.,7.105427357601E-15));
#2222=CARTESIAN_POINT('',(-14.6578953788961,39.5450188146892,0.063785673930191));
#2223=CARTESIAN_POINT('',(-14.3157907577924,39.0900376293785,0.127571347860371));
#2224=CARTESIAN_POINT('',(-13.9736861366887,38.6350564440678,0.191357021790559));
#2225=CARTESIAN_POINT('',(-11.,40.,-1.06581410364015E-14));
#2226=CARTESIAN_POINT('',(-11.9912287122296,39.5450188146893,0.0637856739301768));
#2227=CARTESIAN_POINT('',(-12.9824574244592,39.0900376293786,0.127571347860361));
#2228=CARTESIAN_POINT('',(-13.9736861366887,38.6350564440678,0.191357021790559));
#2229=CARTESIAN_POINT('',(-15.,40.,7.105427357601E-15));
#2230=CARTESIAN_POINT('',(-11.,40.,-1.06581410364015E-14));
#2231=CARTESIAN_POINT('',(-13.9736861366886,38.6890218018117,0.425469839758481));
#2232=CARTESIAN_POINT('',(-12.9824574244591,39.1260145345412,0.283646559838989));
#2233=CARTESIAN_POINT('',(-11.9912287122296,39.5630072672706,0.141823279919493));
#2234=CARTESIAN_POINT('',(-11.,40.,-1.06581410364015E-14));
#2235=CARTESIAN_POINT('',(-15.,40.,7.105427357601E-15));
#2236=CARTESIAN_POINT('',(-14.6578953788963,39.5630072672705,0.14182327991951));
#2237=CARTESIAN_POINT('',(-14.3157907577924,39.1260145345411,0.283646559838999));
#2238=CARTESIAN_POINT('',(-13.9736861366886,38.6890218018117,0.425469839758481));
#2239=CARTESIAN_POINT('',(-13.9736861366887,38.6350564440678,0.191357021790559));
#2240=CARTESIAN_POINT('',(-15.0226194087441,36.7567042960452,0.665428134865291));
#2241=CARTESIAN_POINT('',(-16.0715526807995,34.8783521480226,1.13949924794002));
#2242=CARTESIAN_POINT('',(-17.1204859528547,32.9999999999999,1.61357036101474));
#2243=CARTESIAN_POINT('',(-13.9736861366886,38.6890218018117,0.425469839758481));
#2244=CARTESIAN_POINT('',(-15.0226194087439,36.7926812012079,0.82150334684389));
#2245=CARTESIAN_POINT('',(-16.0715526807992,34.8963406006039,1.2175368539293));
#2246=CARTESIAN_POINT('',(-17.1204859528547,32.9999999999999,1.61357036101474));
#2247=CARTESIAN_POINT('',(-17.1975491830335,32.9481313182528,1.64888046452452));
#2248=CARTESIAN_POINT('',(-13.6403765408697,33.0000000000002,-0.358443452479328));
#2249=CARTESIAN_POINT('',(-11.,40.0000000000002,7.46069872548105E-14));
#2250=CARTESIAN_POINT('',(-17.2817279146764,33.0753907354623,1.32901876958937));
#2251=CARTESIAN_POINT('',(-14.6413513738067,40.0753907354624,1.68746222206878));
#2252=CARTESIAN_POINT('',(-10.9554925113569,40.088643293014,0.00140739697411453));
#2253=CARTESIAN_POINT('',(-17.201935153186,32.9501820345289,1.64114032806924));
#2254=CARTESIAN_POINT('',(-10.9580519149544,40.0898399748044,-0.00310930797381681));
#2255=CARTESIAN_POINT('',(-16.9592439910331,32.9246092645376,1.89812195243989));
#2256=CARTESIAN_POINT('',(-11.0000000000003,40.0000000000003,2.20268248085631E-13));
#2257=CARTESIAN_POINT('',(-13.6403765408697,33.0000000000002,-0.358443452479328));
#2258=CARTESIAN_POINT('',(-7.68113254983682,40.0753907354629,-2.25656540491902));
#2259=CARTESIAN_POINT('',(-13.6403765408695,33.0000000000002,-0.358443452479449));
#2260=CARTESIAN_POINT('',(-17.1204859528548,32.9999999999999,1.61357036101463));
#2261=CARTESIAN_POINT('',(-11.0000000000002,40.0000000000003,1.70530256582424E-13));
#2262=CARTESIAN_POINT('',(-14.4389580021396,34.3649435559323,0.314018669523843));
#2263=CARTESIAN_POINT('',(-14.3235395744026,34.3109781981883,0.517703224843054));
#2264=CARTESIAN_POINT('',(-11.0000000000002,40.0000000000003,1.70530256582424E-13));
#2265=CARTESIAN_POINT('',(-17.1204859528548,32.9999999999999,1.61357036101463));
#2266=CARTESIAN_POINT('',(-13.6403765408695,33.0000000000002,-0.358443452479449));
#2267=CARTESIAN_POINT('',(-11.0000000000002,40.0000000000003,1.70530256582424E-13));
#2268=CARTESIAN_POINT('',(-13.6403765408695,33.0000000000002,-0.358443452479449));
#2269=CARTESIAN_POINT('',(-13.906570361293,33.4549811853109,-0.134289411811633));
#2270=CARTESIAN_POINT('',(-14.1727641817163,33.9099623706216,0.0898646288561018));
#2271=CARTESIAN_POINT('',(-14.4389580021396,34.3649435559323,0.314018669523843));
#2272=CARTESIAN_POINT('',(-17.1204859528548,32.9999999999999,1.61357036101463));
#2273=CARTESIAN_POINT('',(-16.2266433026164,33.4549811853107,1.18038646385102));
#2274=CARTESIAN_POINT('',(-15.332800652378,33.9099623706214,0.747202566687427));
#2275=CARTESIAN_POINT('',(-14.4389580021396,34.3649435559323,0.314018669523843));
#2276=CARTESIAN_POINT('',(-13.6403765408695,33.0000000000002,-0.358443452479449));
#2277=CARTESIAN_POINT('',(-17.1204859528548,32.9999999999999,1.61357036101463));
#2278=CARTESIAN_POINT('',(-14.3235395744026,34.3109781981883,0.517703224843054));
#2279=CARTESIAN_POINT('',(-15.2558550338866,33.8739854654589,0.882992270233547));
#2280=CARTESIAN_POINT('',(-16.1881704933707,33.4369927327294,1.24828131562409));
#2281=CARTESIAN_POINT('',(-17.1204859528548,32.9999999999999,1.61357036101463));
#2282=CARTESIAN_POINT('',(-13.6403765408695,33.0000000000002,-0.358443452479449));
#2283=CARTESIAN_POINT('',(-13.8680975520471,33.4369927327296,-0.0663945600386384));
#2284=CARTESIAN_POINT('',(-14.0958185632248,33.873985465459,0.225654332402211));
#2285=CARTESIAN_POINT('',(-14.3235395744026,34.3109781981883,0.517703224843054));
#2286=CARTESIAN_POINT('',(-14.4389580021396,34.3649435559323,0.314018669523843));
#2287=CARTESIAN_POINT('',(-13.2926386680931,36.243295703955,0.209345779682589));
#2288=CARTESIAN_POINT('',(-12.1463193340466,38.1216478519776,0.104672889841364));
#2289=CARTESIAN_POINT('',(-11.0000000000002,40.0000000000003,1.70530256582424E-13));
#2290=CARTESIAN_POINT('',(-14.3235395744026,34.3109781981883,0.517703224843054));
#2291=CARTESIAN_POINT('',(-13.2156930496019,36.2073187987923,0.345135483228788));
#2292=CARTESIAN_POINT('',(-12.1078465248011,38.1036593993962,0.172567741614522));
#2293=CARTESIAN_POINT('',(-11.0000000000002,40.0000000000003,1.70530256582424E-13));
#2294=CARTESIAN_POINT('',(-14.9454230672982,40.0518686817472,-0.0648606450193823));
#2295=CARTESIAN_POINT('',(-17.828427124746,39.9999999999999,2.82842712474603));
#2296=CARTESIAN_POINT('',(-18.1868705772256,33.,5.46880366561588));
#2297=CARTESIAN_POINT('',(-15.2312667058125,39.9246092645376,-0.231266705812509));
#2298=CARTESIAN_POINT('',(-15.5897101582921,32.9246092645377,2.40910983505734));
#2299=CARTESIAN_POINT('',(-18.1973796416934,32.9113567069862,5.51207556036958));
#2300=CARTESIAN_POINT('',(-14.951713792476,40.049817965471,-0.0711513701971345));
#2301=CARTESIAN_POINT('',(-18.201050552368,32.9101600251958,5.50840464969498));
#2302=CARTESIAN_POINT('',(-14.7687332941875,40.0753907354624,0.231266705812498));
#2303=CARTESIAN_POINT('',(-18.1868705772254,32.9999999999999,5.46880366561568));
#2304=CARTESIAN_POINT('',(-17.828427124746,39.9999999999999,2.82842712474603));
#2305=CARTESIAN_POINT('',(-21.2465644077839,32.9246092645375,8.06596408454922));
#2306=CARTESIAN_POINT('',(-17.8284271247462,40.,2.8284271247462));
#2307=CARTESIAN_POINT('',(-15.,40.,-7.105427357601E-15));
#2308=CARTESIAN_POINT('',(-18.1868705772255,32.9999999999999,5.46880366561575));
#2309=CARTESIAN_POINT('',(-16.9674037846373,38.6350564440678,2.23802348010879));
#2310=CARTESIAN_POINT('',(-16.8018610234894,38.6890218018117,2.4035662412565));
#2311=CARTESIAN_POINT('',(-18.1868705772255,32.9999999999999,5.46880366561575));
#2312=CARTESIAN_POINT('',(-15.,40.,-7.105427357601E-15));
#2313=CARTESIAN_POINT('',(-17.8284271247462,40.,2.8284271247462));
#2314=CARTESIAN_POINT('',(-18.1868705772255,32.9999999999999,5.46880366561575));
#2315=CARTESIAN_POINT('',(-17.8284271247462,40.,2.8284271247462));
#2316=CARTESIAN_POINT('',(-17.5414193447098,39.5450188146892,2.63162590986699));
#2317=CARTESIAN_POINT('',(-17.2544115646735,39.0900376293785,2.4348246949879));
#2318=CARTESIAN_POINT('',(-16.9674037846373,38.6350564440678,2.23802348010879));
#2319=CARTESIAN_POINT('',(-15.,40.,-7.105427357601E-15));
#2320=CARTESIAN_POINT('',(-15.6558012615458,39.5450188146893,0.746007826702936));
#2321=CARTESIAN_POINT('',(-16.3116025230915,39.0900376293786,1.49201565340585));
#2322=CARTESIAN_POINT('',(-16.9674037846373,38.6350564440678,2.23802348010879));
#2323=CARTESIAN_POINT('',(-17.8284271247462,40.,2.8284271247462));
#2324=CARTESIAN_POINT('',(-15.,40.,-7.105427357601E-15));
#2325=CARTESIAN_POINT('',(-16.8018610234894,38.6890218018117,2.4035662412565));
#2326=CARTESIAN_POINT('',(-16.2012406823263,39.1260145345412,1.60237749417105));
#2327=CARTESIAN_POINT('',(-15.6006203411632,39.5630072672706,0.801188747085536));
#2328=CARTESIAN_POINT('',(-15.,40.,-7.105427357601E-15));
#2329=CARTESIAN_POINT('',(-17.8284271247462,40.,2.8284271247462));
#2330=CARTESIAN_POINT('',(-17.4862384243273,39.5630072672705,2.68680683024969));
#2331=CARTESIAN_POINT('',(-17.1440497239083,39.1260145345411,2.54518653575311));
#2332=CARTESIAN_POINT('',(-16.8018610234894,38.6890218018117,2.4035662412565));
#2333=CARTESIAN_POINT('',(-16.9674037846373,38.6350564440678,2.23802348010879));
#2334=CARTESIAN_POINT('',(-17.3738927155,36.7567042960452,3.31495020861116));
#2335=CARTESIAN_POINT('',(-17.7803816463628,34.8783521480226,4.39187693711348));
#2336=CARTESIAN_POINT('',(-18.1868705772255,32.9999999999999,5.46880366561575));
#2337=CARTESIAN_POINT('',(-16.8018610234894,38.6890218018117,2.4035662412565));
#2338=CARTESIAN_POINT('',(-17.2635308747347,36.7926812012079,3.42531204937618));
#2339=CARTESIAN_POINT('',(-17.72520072598,34.8963406006039,4.44705785749588));
#2340=CARTESIAN_POINT('',(-18.1868705772255,32.9999999999999,5.46880366561575));
#2341=CARTESIAN_POINT('',(-18.2163944962289,32.9481313182528,5.54826361189148));
#2342=CARTESIAN_POINT('',(-17.1204859528549,33.0000000000002,1.61357036101478));
#2343=CARTESIAN_POINT('',(-15.,40.0000000000002,8.88178419700125E-14));
#2344=CARTESIAN_POINT('',(-18.5020942217356,33.0753907354623,5.38161059033734));
#2345=CARTESIAN_POINT('',(-16.3816082688807,40.0753907354624,3.76804022932265));
#2346=CARTESIAN_POINT('',(-14.9675332730227,40.088643293014,-0.0304763670889117));
#2347=CARTESIAN_POINT('',(-18.2249689484405,32.9501820345289,5.54589185815349));
#2348=CARTESIAN_POINT('',(-14.9725368373596,40.0898399748044,-0.0318603881466132));
#2349=CARTESIAN_POINT('',(-17.8716469327154,32.9246092645376,5.55599674089402));
#2350=CARTESIAN_POINT('',(-15.0000000000001,40.0000000000003,3.62376795237651E-13));
#2351=CARTESIAN_POINT('',(-17.1204859528549,33.0000000000002,1.61357036101478));
#2352=CARTESIAN_POINT('',(-14.2488390201395,40.0753907354629,-3.94242637987889));
#2353=CARTESIAN_POINT('',(-17.1204859528548,33.0000000000002,1.61357036101455));
#2354=CARTESIAN_POINT('',(-18.1868705772255,32.9999999999999,5.46880366561568));
#2355=CARTESIAN_POINT('',(-15.,40.0000000000003,2.70006239588838E-13));
#2356=CARTESIAN_POINT('',(-17.2096657928892,34.3649435559323,2.65375525416817));
#2357=CARTESIAN_POINT('',(-16.9840259096732,34.3109781981883,2.71616883153058));
#2358=CARTESIAN_POINT('',(-15.,40.0000000000003,2.70006239588838E-13));
#2359=CARTESIAN_POINT('',(-18.1868705772255,32.9999999999999,5.46880366561568));
#2360=CARTESIAN_POINT('',(-17.1204859528548,33.0000000000002,1.61357036101455));
#2361=CARTESIAN_POINT('',(-15.,40.0000000000003,2.70006239588838E-13));
#2362=CARTESIAN_POINT('',(-17.1204859528548,33.0000000000002,1.61357036101455));
#2363=CARTESIAN_POINT('',(-17.1502125661996,33.4549811853109,1.96029865873253));
#2364=CARTESIAN_POINT('',(-17.1799391795444,33.9099623706216,2.30702695645035));
#2365=CARTESIAN_POINT('',(-17.2096657928892,34.3649435559323,2.65375525416817));
#2366=CARTESIAN_POINT('',(-18.1868705772255,32.9999999999999,5.46880366561568));
#2367=CARTESIAN_POINT('',(-17.8611356491134,33.4549811853107,4.53045419513316));
#2368=CARTESIAN_POINT('',(-17.5354007210013,33.9099623706214,3.59210472465067));
#2369=CARTESIAN_POINT('',(-17.2096657928892,34.3649435559323,2.65375525416817));
#2370=CARTESIAN_POINT('',(-17.1204859528548,33.0000000000002,1.61357036101455));
#2371=CARTESIAN_POINT('',(-18.1868705772255,32.9999999999999,5.46880366561568));
#2372=CARTESIAN_POINT('',(-16.9840259096732,34.3109781981883,2.71616883153058));
#2373=CARTESIAN_POINT('',(-17.3849741321907,33.8739854654589,3.63371377622554));
#2374=CARTESIAN_POINT('',(-17.7859223547081,33.4369927327294,4.5512587209206));
#2375=CARTESIAN_POINT('',(-18.1868705772255,32.9999999999999,5.46880366561568));
#2376=CARTESIAN_POINT('',(-17.1204859528548,33.0000000000002,1.61357036101455));
#2377=CARTESIAN_POINT('',(-17.0749992717943,33.4369927327296,1.98110318451983));
#2378=CARTESIAN_POINT('',(-17.0295125907338,33.873985465459,2.3486360080252));
#2379=CARTESIAN_POINT('',(-16.9840259096732,34.3109781981883,2.71616883153058));
#2380=CARTESIAN_POINT('',(-17.2096657928892,34.3649435559323,2.65375525416817));
#2381=CARTESIAN_POINT('',(-16.4731105285928,36.243295703955,1.76917016944547));
#2382=CARTESIAN_POINT('',(-15.7365552642964,38.1216478519776,0.88458508472284));
#2383=CARTESIAN_POINT('',(-15.,40.0000000000003,2.70006239588838E-13));
#2384=CARTESIAN_POINT('',(-16.9840259096732,34.3109781981883,2.71616883153058));
#2385=CARTESIAN_POINT('',(-16.3226839397822,36.2073187987923,1.81077922102056));
#2386=CARTESIAN_POINT('',(-15.6613419698912,38.1036593993962,0.905389610510515));
#2387=CARTESIAN_POINT('',(-15.,40.0000000000003,2.70006239588838E-13));
#2388=CARTESIAN_POINT('',(-17.8356988074617,40.0518686817472,2.74397200361105));
#2389=CARTESIAN_POINT('',(-17.8284271247462,39.9999999999999,6.82842712474596));
#2390=CARTESIAN_POINT('',(-16.2148567637315,33.,8.94891307760113));
#2391=CARTESIAN_POINT('',(-18.1554876366316,39.9246092645376,2.82842712474619));
#2392=CARTESIAN_POINT('',(-16.5419172756169,32.9246092645377,4.94891307760136));
#2393=CARTESIAN_POINT('',(-16.1916899442655,32.9113567069862,8.98694195856539));
#2394=CARTESIAN_POINT('',(-17.8445952363253,40.049817965471,2.74397200361106));
#2395=CARTESIAN_POINT('',(-16.1968813959277,32.9101600251958,8.98694195856539));
#2396=CARTESIAN_POINT('',(-17.5013666128608,40.0753907354624,2.82842712474619));
#2397=CARTESIAN_POINT('',(-16.2148567637315,32.9999999999999,8.94891307760085));
#2398=CARTESIAN_POINT('',(-17.8284271247462,39.9999999999999,6.82842712474596));
#2399=CARTESIAN_POINT('',(-16.5419172756168,32.9246092645375,12.9489130776006));
#2400=CARTESIAN_POINT('',(-17.8284271247462,40.,6.82842712474619));
#2401=CARTESIAN_POINT('',(-17.8284271247462,40.,2.82842712474619));
#2402=CARTESIAN_POINT('',(-16.2148567637315,32.9999999999999,8.94891307760094));
#2403=CARTESIAN_POINT('',(-17.6370701029556,38.6350564440678,5.80211326143492));
#2404=CARTESIAN_POINT('',(-17.4029572849877,38.6890218018117,5.80211326143478));
#2405=CARTESIAN_POINT('',(-16.2148567637315,32.9999999999999,8.94891307760094));
#2406=CARTESIAN_POINT('',(-17.8284271247462,40.,2.82842712474619));
#2407=CARTESIAN_POINT('',(-17.8284271247462,40.,6.82842712474619));
#2408=CARTESIAN_POINT('',(-16.2148567637315,32.9999999999999,8.94891307760094));
#2409=CARTESIAN_POINT('',(-17.8284271247462,40.,6.82842712474619));
#2410=CARTESIAN_POINT('',(-17.764641450816,39.5450188146892,6.48632250364234));
#2411=CARTESIAN_POINT('',(-17.7008557768858,39.0900376293785,6.14421788253864));
#2412=CARTESIAN_POINT('',(-17.6370701029556,38.6350564440678,5.80211326143492));
#2413=CARTESIAN_POINT('',(-17.8284271247462,40.,2.82842712474619));
#2414=CARTESIAN_POINT('',(-17.764641450816,39.5450188146893,3.81965583697578));
#2415=CARTESIAN_POINT('',(-17.7008557768858,39.0900376293786,4.81088454920535));
#2416=CARTESIAN_POINT('',(-17.6370701029556,38.6350564440678,5.80211326143492));
#2417=CARTESIAN_POINT('',(-17.8284271247462,40.,6.82842712474619));
#2418=CARTESIAN_POINT('',(-17.8284271247462,40.,2.82842712474619));
#2419=CARTESIAN_POINT('',(-17.4029572849877,38.6890218018117,5.80211326143478));
#2420=CARTESIAN_POINT('',(-17.5447805649072,39.1260145345412,4.81088454920533));
#2421=CARTESIAN_POINT('',(-17.6866038448267,39.5630072672706,3.81965583697577));
#2422=CARTESIAN_POINT('',(-17.8284271247462,40.,2.82842712474619));
#2423=CARTESIAN_POINT('',(-17.8284271247462,40.,6.82842712474619));
#2424=CARTESIAN_POINT('',(-17.6866038448267,39.5630072672705,6.48632250364246));
#2425=CARTESIAN_POINT('',(-17.5447805649072,39.1260145345411,6.14421788253864));
#2426=CARTESIAN_POINT('',(-17.4029572849877,38.6890218018117,5.80211326143478));
#2427=CARTESIAN_POINT('',(-17.6370701029556,38.6350564440678,5.80211326143492));
#2428=CARTESIAN_POINT('',(-17.1629989898809,36.7567042960452,6.85104653349033));
#2429=CARTESIAN_POINT('',(-16.6889278768062,34.8783521480226,7.89997980554567));
#2430=CARTESIAN_POINT('',(-16.2148567637315,32.9999999999999,8.94891307760094));
#2431=CARTESIAN_POINT('',(-17.4029572849877,38.6890218018117,5.80211326143478));
#2432=CARTESIAN_POINT('',(-17.0069237779023,36.7926812012079,6.85104653349008));
#2433=CARTESIAN_POINT('',(-16.6108902708169,34.8963406006039,7.8999798055454));
#2434=CARTESIAN_POINT('',(-16.2148567637315,32.9999999999999,8.94891307760094));
#2435=CARTESIAN_POINT('',(-16.1795466602217,32.9481313182528,9.02597630777974));
#2436=CARTESIAN_POINT('',(-18.1868705772255,33.0000000000002,5.46880366561588));
#2437=CARTESIAN_POINT('',(-17.8284271247461,40.0000000000002,2.82842712474624));
#2438=CARTESIAN_POINT('',(-16.4994083551568,33.0753907354623,9.11015503942257));
#2439=CARTESIAN_POINT('',(-16.1409649026774,40.0753907354624,6.46977849855294));
#2440=CARTESIAN_POINT('',(-17.8270197277721,40.088643293014,2.78391963610308));
#2441=CARTESIAN_POINT('',(-16.187286796677,32.9501820345289,9.03036227793215));
#2442=CARTESIAN_POINT('',(-17.83153643272,40.0898399748044,2.7864790397006));
#2443=CARTESIAN_POINT('',(-15.9303051723063,32.9246092645376,8.78767111577934));
#2444=CARTESIAN_POINT('',(-17.828427124746,40.0000000000003,2.82842712474649));
#2445=CARTESIAN_POINT('',(-18.1868705772255,33.0000000000002,5.46880366561588));
#2446=CARTESIAN_POINT('',(-20.0849925296652,40.0753907354629,-0.490440325416982));
#2447=CARTESIAN_POINT('',(-18.1868705772256,33.0000000000002,5.46880366561567));
#2448=CARTESIAN_POINT('',(-16.2148567637316,32.9999999999999,8.94891307760096));
#2449=CARTESIAN_POINT('',(-17.828427124746,40.0000000000003,2.8284271247464));
#2450=CARTESIAN_POINT('',(-17.5144084552224,34.3649435559323,6.26738512688584));
#2451=CARTESIAN_POINT('',(-17.3107238999031,34.3109781981883,6.15196669914877));
#2452=CARTESIAN_POINT('',(-17.828427124746,40.0000000000003,2.8284271247464));
#2453=CARTESIAN_POINT('',(-16.2148567637316,32.9999999999999,8.94891307760096));
#2454=CARTESIAN_POINT('',(-18.1868705772256,33.0000000000002,5.46880366561567));
#2455=CARTESIAN_POINT('',(-17.828427124746,40.0000000000003,2.8284271247464));
#2456=CARTESIAN_POINT('',(-18.1868705772256,33.0000000000002,5.46880366561567));
#2457=CARTESIAN_POINT('',(-17.9627165365578,33.4549811853109,5.73499748603915));
#2458=CARTESIAN_POINT('',(-17.7385624958901,33.9099623706216,6.0011913064625));
#2459=CARTESIAN_POINT('',(-17.5144084552224,34.3649435559323,6.26738512688584));
#2460=CARTESIAN_POINT('',(-16.2148567637316,32.9999999999999,8.94891307760096));
#2461=CARTESIAN_POINT('',(-16.6480406608952,33.4549811853107,8.05507042736257));
#2462=CARTESIAN_POINT('',(-17.0812245580588,33.9099623706214,7.16122777712422));
#2463=CARTESIAN_POINT('',(-17.5144084552224,34.3649435559323,6.26738512688584));
#2464=CARTESIAN_POINT('',(-18.1868705772256,33.0000000000002,5.46880366561567));
#2465=CARTESIAN_POINT('',(-16.2148567637316,32.9999999999999,8.94891307760096));
#2466=CARTESIAN_POINT('',(-17.3107238999031,34.3109781981883,6.15196669914877));
#2467=CARTESIAN_POINT('',(-16.9454348545126,33.8739854654589,7.08428215863277));
#2468=CARTESIAN_POINT('',(-16.5801458091221,33.4369927327294,8.01659761811685));
#2469=CARTESIAN_POINT('',(-16.2148567637316,32.9999999999999,8.94891307760096));
#2470=CARTESIAN_POINT('',(-18.1868705772256,33.0000000000002,5.46880366561567));
#2471=CARTESIAN_POINT('',(-17.8948216847848,33.4369927327296,5.6965246767933));
#2472=CARTESIAN_POINT('',(-17.602772792344,33.873985465459,5.92424568797103));
#2473=CARTESIAN_POINT('',(-17.3107238999031,34.3109781981883,6.15196669914877));
#2474=CARTESIAN_POINT('',(-17.5144084552224,34.3649435559323,6.26738512688584));
#2475=CARTESIAN_POINT('',(-17.6190813450636,36.243295703955,5.1210657928393));
#2476=CARTESIAN_POINT('',(-17.7237542349048,38.1216478519776,3.97474645879282));
#2477=CARTESIAN_POINT('',(-17.828427124746,40.0000000000003,2.8284271247464));
#2478=CARTESIAN_POINT('',(-17.3107238999031,34.3109781981883,6.15196669914877));
#2479=CARTESIAN_POINT('',(-17.4832916415174,36.2073187987923,5.04412017434806));
#2480=CARTESIAN_POINT('',(-17.6558593831317,38.1036593993962,3.93627364954733));
#2481=CARTESIAN_POINT('',(-17.828427124746,40.0000000000003,2.8284271247464));
#2482=CARTESIAN_POINT('',(-17.8932877697656,40.0518686817472,6.7738501920444));
#2483=CARTESIAN_POINT('',(-15.0000000000002,39.9999999999999,9.65685424949222));
#2484=CARTESIAN_POINT('',(-12.3596234591303,33.,10.0152977019718));
#2485=CARTESIAN_POINT('',(-18.0596938305587,39.9246092645376,7.0596938305587));
#2486=CARTESIAN_POINT('',(-15.4193172896889,32.9246092645377,7.41813728303827));
#2487=CARTESIAN_POINT('',(-12.3163515643766,32.9113567069862,10.0258067664396));
#2488=CARTESIAN_POINT('',(-17.8995784949433,40.049817965471,6.78014091722217));
#2489=CARTESIAN_POINT('',(-12.3200224750512,32.9101600251958,10.0294776771142));
#2490=CARTESIAN_POINT('',(-17.5971604189337,40.0753907354624,6.5971604189337));
#2491=CARTESIAN_POINT('',(-12.3596234591305,32.9999999999999,10.0152977019716));
#2492=CARTESIAN_POINT('',(-15.0000000000002,39.9999999999999,9.65685424949222));
#2493=CARTESIAN_POINT('',(-9.76246304019698,32.9246092645375,13.0749915325301));
#2494=CARTESIAN_POINT('',(-15.,40.,9.65685424949238));
#2495=CARTESIAN_POINT('',(-17.8284271247462,40.,6.8284271247462));
#2496=CARTESIAN_POINT('',(-12.3596234591304,32.9999999999999,10.0152977019717));
#2497=CARTESIAN_POINT('',(-15.5904036446374,38.6350564440678,8.79583090938346));
#2498=CARTESIAN_POINT('',(-15.4248608834897,38.6890218018117,8.63028814823555));
#2499=CARTESIAN_POINT('',(-12.3596234591304,32.9999999999999,10.0152977019717));
#2500=CARTESIAN_POINT('',(-17.8284271247462,40.,6.8284271247462));
#2501=CARTESIAN_POINT('',(-15.,40.,9.65685424949238));
#2502=CARTESIAN_POINT('',(-12.3596234591304,32.9999999999999,10.0152977019717));
#2503=CARTESIAN_POINT('',(-15.,40.,9.65685424949238));
#2504=CARTESIAN_POINT('',(-15.1968012148792,39.5450188146892,9.36984646945601));
#2505=CARTESIAN_POINT('',(-15.3936024297583,39.0900376293785,9.08283868941974));
#2506=CARTESIAN_POINT('',(-15.5904036446374,38.6350564440678,8.79583090938346));
#2507=CARTESIAN_POINT('',(-17.8284271247462,40.,6.8284271247462));
#2508=CARTESIAN_POINT('',(-17.0824192980433,39.5450188146893,7.48422838629197));
#2509=CARTESIAN_POINT('',(-16.3364114713403,39.0900376293786,8.14002964783771));
#2510=CARTESIAN_POINT('',(-15.5904036446374,38.6350564440678,8.79583090938346));
#2511=CARTESIAN_POINT('',(-15.,40.,9.65685424949238));
#2512=CARTESIAN_POINT('',(-17.8284271247462,40.,6.8284271247462));
#2513=CARTESIAN_POINT('',(-15.4248608834897,38.6890218018117,8.63028814823555));
#2514=CARTESIAN_POINT('',(-16.2260496305751,39.1260145345412,8.02966780707248));
#2515=CARTESIAN_POINT('',(-17.0272383776607,39.5630072672706,7.42904746590935));
#2516=CARTESIAN_POINT('',(-17.8284271247462,40.,6.8284271247462));
#2517=CARTESIAN_POINT('',(-15.,40.,9.65685424949238));
#2518=CARTESIAN_POINT('',(-15.1416202944965,39.5630072672705,9.31466554907348));
#2519=CARTESIAN_POINT('',(-15.2832405889931,39.1260145345411,8.97247684865452));
#2520=CARTESIAN_POINT('',(-15.4248608834897,38.6890218018117,8.63028814823555));
#2521=CARTESIAN_POINT('',(-15.5904036446374,38.6350564440678,8.79583090938346));
#2522=CARTESIAN_POINT('',(-14.513476916135,36.7567042960452,9.20231984024623));
#2523=CARTESIAN_POINT('',(-13.4365501876327,34.8783521480226,9.60880877110896));
#2524=CARTESIAN_POINT('',(-12.3596234591304,32.9999999999999,10.0152977019717));
#2525=CARTESIAN_POINT('',(-15.4248608834897,38.6890218018117,8.63028814823555));
#2526=CARTESIAN_POINT('',(-14.40311507537,36.7926812012079,9.09195799948086));
#2527=CARTESIAN_POINT('',(-13.3813692672503,34.8963406006039,9.55362785072619));
#2528=CARTESIAN_POINT('',(-12.3596234591304,32.9999999999999,10.0152977019717));
#2529=CARTESIAN_POINT('',(-12.2801635128547,32.9481313182528,10.0448216209751));
#2530=CARTESIAN_POINT('',(-16.2148567637314,33.0000000000002,8.94891307760108));
#2531=CARTESIAN_POINT('',(-17.8284271247461,40.0000000000002,6.82842712474618));
#2532=CARTESIAN_POINT('',(-12.4468165344089,33.0753907354623,10.3305213464818));
#2533=CARTESIAN_POINT('',(-14.0603868954235,40.0753907354624,8.21003539362694));
#2534=CARTESIAN_POINT('',(-17.8589034918351,40.088643293014,6.79596039776885));
#2535=CARTESIAN_POINT('',(-12.2825352665927,32.9501820345289,10.0533960731867));
#2536=CARTESIAN_POINT('',(-17.8602875128928,40.0898399748044,6.80096396210575));
#2537=CARTESIAN_POINT('',(-12.2724303838522,32.9246092645376,9.70007405746162));
#2538=CARTESIAN_POINT('',(-17.8284271247458,40.0000000000003,6.82842712474625));
#2539=CARTESIAN_POINT('',(-16.2148567637314,33.0000000000002,8.94891307760108));
#2540=CARTESIAN_POINT('',(-21.7708535046251,40.0753907354629,6.07726614488571));
#2541=CARTESIAN_POINT('',(-16.2148567637316,33.0000000000002,8.94891307760102));
#2542=CARTESIAN_POINT('',(-12.3596234591305,32.9999999999999,10.0152977019717));
#2543=CARTESIAN_POINT('',(-17.8284271247459,40.0000000000003,6.82842712474623));
#2544=CARTESIAN_POINT('',(-15.174671870578,34.3649435559323,9.0380929176354));
#2545=CARTESIAN_POINT('',(-15.1122582932156,34.3109781981883,8.81245303441945));
#2546=CARTESIAN_POINT('',(-17.8284271247459,40.0000000000003,6.82842712474623));
#2547=CARTESIAN_POINT('',(-12.3596234591305,32.9999999999999,10.0152977019717));
#2548=CARTESIAN_POINT('',(-16.2148567637316,33.0000000000002,8.94891307760102));
#2549=CARTESIAN_POINT('',(-17.8284271247459,40.0000000000003,6.82842712474623));
#2550=CARTESIAN_POINT('',(-16.2148567637316,33.0000000000002,8.94891307760102));
#2551=CARTESIAN_POINT('',(-15.8681284660137,33.4549811853109,8.97863969094584));
#2552=CARTESIAN_POINT('',(-15.5214001682958,33.9099623706216,9.00836630429062));
#2553=CARTESIAN_POINT('',(-15.174671870578,34.3649435559323,9.0380929176354));
#2554=CARTESIAN_POINT('',(-12.3596234591305,32.9999999999999,10.0152977019717));
#2555=CARTESIAN_POINT('',(-13.297972929613,33.4549811853107,9.68956277385962));
#2556=CARTESIAN_POINT('',(-14.2363224000955,33.9099623706214,9.36382784574752));
#2557=CARTESIAN_POINT('',(-15.174671870578,34.3649435559323,9.0380929176354));
#2558=CARTESIAN_POINT('',(-16.2148567637316,33.0000000000002,8.94891307760102));
#2559=CARTESIAN_POINT('',(-12.3596234591305,32.9999999999999,10.0152977019717));
#2560=CARTESIAN_POINT('',(-15.1122582932156,34.3109781981883,8.81245303441945));
#2561=CARTESIAN_POINT('',(-14.1947133485207,33.8739854654589,9.21340125693685));
#2562=CARTESIAN_POINT('',(-13.2771684038256,33.4369927327294,9.61434947945428));
#2563=CARTESIAN_POINT('',(-12.3596234591305,32.9999999999999,10.0152977019717));
#2564=CARTESIAN_POINT('',(-16.2148567637316,33.0000000000002,8.94891307760102));
#2565=CARTESIAN_POINT('',(-15.8473239402264,33.4369927327296,8.90342639654046));
#2566=CARTESIAN_POINT('',(-15.479791116721,33.873985465459,8.85793971547995));
#2567=CARTESIAN_POINT('',(-15.1122582932156,34.3109781981883,8.81245303441945));
#2568=CARTESIAN_POINT('',(-15.174671870578,34.3649435559323,9.0380929176354));
#2569=CARTESIAN_POINT('',(-16.0592569553007,36.243295703955,8.30153765333898));
#2570=CARTESIAN_POINT('',(-16.9438420400234,38.1216478519776,7.56498238904259));
#2571=CARTESIAN_POINT('',(-17.8284271247459,40.0000000000003,6.82842712474623));
#2572=CARTESIAN_POINT('',(-15.1122582932156,34.3109781981883,8.81245303441945));
#2573=CARTESIAN_POINT('',(-16.0176479037256,36.2073187987923,8.15111106452841));
#2574=CARTESIAN_POINT('',(-16.9230375142357,38.1036593993962,7.48976909463736));
#2575=CARTESIAN_POINT('',(-17.8284271247459,40.0000000000003,6.82842712474623));
#2576=CARTESIAN_POINT('',(0.,0.,0.));
#2577=CARTESIAN_POINT('',(0.,0.,0.));
ENDSEC;
END-ISO-10303-21;
